ISO-10303-21;
HEADER;
FILE_DESCRIPTION (( 'STEP AP203' ),
    '1' );
FILE_NAME ('Sensor_Model_No_GM_702B.STEP',
    '2026-02-17T10:31:51',
    ( '' ),
    ( '' ),
    'SwSTEP 2.0',
    'SolidWorks 2024',
    '' );
FILE_SCHEMA (( 'CONFIG_CONTROL_DESIGN' ));
ENDSEC;

DATA;
#1 = FACE_OUTER_BOUND ( 'NONE', #1934, .T. ) ;
#2 = EDGE_CURVE ( 'NONE', #660, #855, #914, .T. ) ;
#3 = CARTESIAN_POINT ( 'NONE',  ( 2.500000000000004441, 1.270000000000000462, 1.300000000000000044 ) ) ;
#4 = FACE_OUTER_BOUND ( 'NONE', #369, .T. ) ;
#5 = ORIENTED_EDGE ( 'NONE', *, *, #1615, .T. ) ;
#6 = CARTESIAN_POINT ( 'NONE',  ( -1.329999999999995186, -1.590000000000000302, 0.000000000000000000 ) ) ;
#7 = DIRECTION ( 'NONE',  ( 0.000000000000000000, -0.000000000000000000, 1.000000000000000000 ) ) ;
#8 = LINE ( 'NONE', #305, #307 ) ;
#9 = DIRECTION ( 'NONE',  ( 0.000000000000000000, 0.000000000000000000, 1.000000000000000000 ) ) ;
#10 = CIRCLE ( 'NONE', #117, 0.3199999999999999512 ) ;
#11 = ORIENTED_EDGE ( 'NONE', *, *, #1807, .F. ) ;
#12 = AXIS2_PLACEMENT_3D ( 'NONE', #3265, #1505, #1194 ) ;
#13 = DIRECTION ( 'NONE',  ( 1.000000000000000000, 0.000000000000000000, 0.000000000000000000 ) ) ;
#14 = EDGE_CURVE ( 'NONE', #2282, #1926, #605, .T. ) ;
#15 = ORIENTED_EDGE ( 'NONE', *, *, #1005, .F. ) ;
#16 = VECTOR ( 'NONE', #2704, 1000.000000000000000 ) ;
#17 = CARTESIAN_POINT ( 'NONE',  ( 0.000000000000000000, 0.000000000000000000, 0.1000000000000000056 ) ) ;
#18 = DIRECTION ( 'NONE',  ( 0.000000000000000000, 0.000000000000000000, -1.000000000000000000 ) ) ;
#19 = EDGE_LOOP ( 'NONE', ( #2516, #371 ) ) ;
#20 = EDGE_CURVE ( 'NONE', #2094, #2955, #1977, .T. ) ;
#21 = CARTESIAN_POINT ( 'NONE',  ( 2.300000000000000266, 2.300000000000000266, 1.300000000000000044 ) ) ;
#22 = CARTESIAN_POINT ( 'NONE',  ( 2.300000000000000266, -2.300000000000000266, 1.500000000000000000 ) ) ;
#23 = LINE ( 'NONE', #2065, #2110 ) ;
#24 = LINE ( 'NONE', #1318, #2290 ) ;
#25 = EDGE_LOOP ( 'NONE', ( #1650, #2105, #1578, #2784 ) ) ;
#26 = VECTOR ( 'NONE', #3322, 1000.000000000000000 ) ;
#27 = DIRECTION ( 'NONE',  ( -0.000000000000000000, 1.000000000000000000, -0.000000000000000000 ) ) ;
#28 = CIRCLE ( 'NONE', #1893, 0.3200000000000000622 ) ;
#29 = ORIENTED_EDGE ( 'NONE', *, *, #1191, .T. ) ;
#30 = CARTESIAN_POINT ( 'NONE',  ( 2.250000000000000444, -2.499999999999999556, 0.000000000000000000 ) ) ;
#31 = EDGE_CURVE ( 'NONE', #2020, #2797, #3202, .T. ) ;
#32 = DIRECTION ( 'NONE',  ( 1.734723475976807341E-16, -1.000000000000000000, 0.000000000000000000 ) ) ;
#33 = CIRCLE ( 'NONE', #2499, 0.3200000000000000622 ) ;
#34 = ORIENTED_EDGE ( 'NONE', *, *, #2919, .F. ) ;
#35 = AXIS2_PLACEMENT_3D ( 'NONE', #723, #1497, #3136 ) ;
#36 = DIRECTION ( 'NONE',  ( -0.000000000000000000, 0.000000000000000000, -1.000000000000000000 ) ) ;
#37 = CARTESIAN_POINT ( 'NONE',  ( 2.300000000000000266, 1.519799919935932220, 1.300000000000000044 ) ) ;
#38 = ORIENTED_EDGE ( 'NONE', *, *, #299, .F. ) ;
#39 = FACE_OUTER_BOUND ( 'NONE', #115, .T. ) ;
#40 = DIRECTION ( 'NONE',  ( 1.000000000000000000, 0.000000000000000000, 0.000000000000000000 ) ) ;
#41 = CARTESIAN_POINT ( 'NONE',  ( 0.9999999999999965583, 1.000000000000000000, 0.9000000000000001332 ) ) ;
#42 = ORIENTED_EDGE ( 'NONE', *, *, #413, .T. ) ;
#43 = MANIFOLD_SOLID_BREP ( '\X2\0412044b044004350437\X0\-\X2\0412044b0442044f043d04430442044c\X0\5', #986 ) ;
#44 = AXIS2_PLACEMENT_3D ( 'NONE', #386, #3185, #899 ) ;
#45 = DIRECTION ( 'NONE',  ( 1.000000000000000000, 0.000000000000000000, -0.000000000000000000 ) ) ;
#46 = APPROVAL ( #1919, 'UNSPECIFIED' ) ;
#47 = ORIENTED_EDGE ( 'NONE', *, *, #2656, .F. ) ;
#48 = VECTOR ( 'NONE', #2415, 1000.000000000000000 ) ;
#49 = LINE ( 'NONE', #1062, #2813 ) ;
#50 = DIRECTION ( 'NONE',  ( -0.000000000000000000, -0.000000000000000000, -1.000000000000000000 ) ) ;
#51 = ORIENTED_EDGE ( 'NONE', *, *, #120, .T. ) ;
#52 = EDGE_CURVE ( 'NONE', #840, #3239, #2982, .T. ) ;
#53 = ORIENTED_EDGE ( 'NONE', *, *, #492, .T. ) ;
#54 = LINE ( 'NONE', #2044, #1086 ) ;
#55 = VERTEX_POINT ( 'NONE', #663 ) ;
#56 = LINE ( 'NONE', #2097, #692 ) ;
#57 = FACE_OUTER_BOUND ( 'NONE', #3261, .T. ) ;
#58 = ADVANCED_FACE ( 'NONE', ( #1440 ), #682, .F. ) ;
#59 = DIRECTION ( 'NONE',  ( -0.000000000000000000, -0.000000000000000000, 1.000000000000000000 ) ) ;
#60 = EDGE_LOOP ( 'NONE', ( #205, #2702, #442, #578 ) ) ;
#61 = LINE ( 'NONE', #773, #458 ) ;
#62 = EDGE_LOOP ( 'NONE', ( #930, #2602, #1818, #47 ) ) ;
#63 = DIRECTION ( 'NONE',  ( -0.000000000000000000, -0.000000000000000000, -1.000000000000000000 ) ) ;
#64 = CARTESIAN_POINT ( 'NONE',  ( 1.900000000000000355, 1.900000000000000355, 1.500000000000000000 ) ) ;
#65 = VERTEX_POINT ( 'NONE', #1961 ) ;
#66 = VECTOR ( 'NONE', #1888, 1000.000000000000000 ) ;
#67 = VECTOR ( 'NONE', #2280, 1000.000000000000000 ) ;
#68 = FACE_OUTER_BOUND ( 'NONE', #1170, .T. ) ;
#69 = FACE_OUTER_BOUND ( 'NONE', #2288, .T. ) ;
#70 = EDGE_CURVE ( 'NONE', #788, #1031, #1716, .T. ) ;
#71 = CARTESIAN_POINT ( 'NONE',  ( -2.500000000000000000, -1.590000000000000080, 2.205096679918780556 ) ) ;
#72 = EDGE_LOOP ( 'NONE', ( #264, #2216, #1371, #3050 ) ) ;
#73 = EDGE_CURVE ( 'NONE', #154, #2369, #1459, .T. ) ;
#74 = CYLINDRICAL_SURFACE ( 'NONE', #1307, 0.2999999999999999334 ) ;
#75 = ORIENTED_EDGE ( 'NONE', *, *, #165, .T. ) ;
#76 = EDGE_LOOP ( 'NONE', ( #2006, #152, #2443, #2890 ) ) ;
#77 = ORIENTED_EDGE ( 'NONE', *, *, #2608, .T. ) ;
#78 = VECTOR ( 'NONE', #1556, 1000.000000000000000 ) ;
#79 = CARTESIAN_POINT ( 'NONE',  ( 2.500000000000000000, 2.250000000000000888, 1.300000000000000044 ) ) ;
#80 = LINE ( 'NONE', #1293, #654 ) ;
#81 = ORIENTED_EDGE ( 'NONE', *, *, #2338, .F. ) ;
#82 = EDGE_CURVE ( 'NONE', #1335, #697, #1200, .T. ) ;
#83 = DIRECTION ( 'NONE',  ( -0.000000000000000000, -1.000000000000000000, -0.000000000000000000 ) ) ;
#84 = CARTESIAN_POINT ( 'NONE',  ( 1.330000000000000071, 0.9500000000000005107, 0.1000000000000000056 ) ) ;
#85 = CIRCLE ( 'NONE', #2615, 0.3000000000000000444 ) ;
#86 = EDGE_CURVE ( 'NONE', #3184, #3105, #1438, .T. ) ;
#87 = LINE ( 'NONE', #1129, #1503 ) ;
#88 = CARTESIAN_POINT ( 'NONE',  ( 1.041321167657203407E-14, -1.000000000000000000, 0.9000000000000001332 ) ) ;
#89 = ORIENTED_EDGE ( 'NONE', *, *, #945, .T. ) ;
#90 = AXIS2_PLACEMENT_3D ( 'NONE', #2783, #471, #1230 ) ;
#91 = DIRECTION ( 'NONE',  ( 0.000000000000000000, 0.000000000000000000, 1.000000000000000000 ) ) ;
#92 = DIRECTION ( 'NONE',  ( -0.000000000000000000, -0.000000000000000000, 1.000000000000000000 ) ) ;
#93 = ORIENTED_EDGE ( 'NONE', *, *, #116, .T. ) ;
#94 = EDGE_LOOP ( 'NONE', ( #2360, #556, #917, #761, #1483 ) ) ;
#95 = DIRECTION ( 'NONE',  ( 0.000000000000000000, -0.000000000000000000, 1.000000000000000000 ) ) ;
#96 = CARTESIAN_POINT ( 'NONE',  ( -2.500000000000000000, -0.3199999999999998956, 2.205096679918780556 ) ) ;
#97 = DIRECTION ( 'NONE',  ( 1.000000000000000000, 0.000000000000000000, 0.000000000000000000 ) ) ;
#98 = ORIENTED_EDGE ( 'NONE', *, *, #2145, .F. ) ;
#99 = EDGE_CURVE ( 'NONE', #1116, #3094, #1964, .T. ) ;
#100 = AXIS2_PLACEMENT_3D ( 'NONE', #524, #2043, #2863 ) ;
#101 = CARTESIAN_POINT ( 'NONE',  ( 2.179999999999987281, -1.269999999999999574, 0.09999999999999982514 ) ) ;
#102 = ADVANCED_FACE ( 'NONE', ( #1838 ), #1282, .F. ) ;
#103 = DIRECTION ( 'NONE',  ( -0.000000000000000000, 0.000000000000000000, -1.000000000000000000 ) ) ;
#104 = ORIENTED_EDGE ( 'NONE', *, *, #2539, .T. ) ;
#105 = DIRECTION ( 'NONE',  ( 0.000000000000000000, 0.000000000000000000, 1.000000000000000000 ) ) ;
#106 = ADVANCED_FACE ( 'NONE', ( #57 ), #487, .F. ) ;
#107 = CARTESIAN_POINT ( 'NONE',  ( 0.000000000000000000, -2.499999999999999556, 1.300000000000000044 ) ) ;
#108 = EDGE_CURVE ( 'NONE', #1791, #2987, #2344, .T. ) ;
#109 = VERTEX_POINT ( 'NONE', #1824 ) ;
#110 = ORIENTED_EDGE ( 'NONE', *, *, #1333, .T. ) ;
#111 = LINE ( 'NONE', #1120, #558 ) ;
#112 = CARTESIAN_POINT ( 'NONE',  ( 2.500000000000000000, -1.589999999999999636, 1.300000000000000044 ) ) ;
#113 = ORIENTED_EDGE ( 'NONE', *, *, #73, .F. ) ;
#114 = DATE_AND_TIME ( #1948, #147 ) ;
#115 = EDGE_LOOP ( 'NONE', ( #2885, #872, #1173, #1969, #263, #214 ) ) ;
#116 = EDGE_CURVE ( 'NONE', #3143, #2584, #2285, .T. ) ;
#117 = AXIS2_PLACEMENT_3D ( 'NONE', #3, #3091, #779 ) ;
#118 = LINE ( 'NONE', #3161, #2271 ) ;
#119 = DIRECTION ( 'NONE',  ( -0.000000000000000000, -0.000000000000000000, 1.000000000000000000 ) ) ;
#120 = EDGE_CURVE ( 'NONE', #154, #1904, #1263, .T. ) ;
#121 = CARTESIAN_POINT ( 'NONE',  ( 0.9999999999999965583, 1.000000000000000000, 0.9000000000000001332 ) ) ;
#122 = ORIENTED_EDGE ( 'NONE', *, *, #2565, .F. ) ;
#123 = AXIS2_PLACEMENT_3D ( 'NONE', #3171, #822, #2887 ) ;
#124 = DIRECTION ( 'NONE',  ( -0.000000000000000000, -1.000000000000000000, -0.000000000000000000 ) ) ;
#125 = ORIENTED_EDGE ( 'NONE', *, *, #2943, .F. ) ;
#126 = DIRECTION ( 'NONE',  ( 0.000000000000000000, 0.000000000000000000, 1.000000000000000000 ) ) ;
#127 = CARTESIAN_POINT ( 'NONE',  ( -1.329999999999994298, 1.590000000000000302, 0.1000000000000000056 ) ) ;
#128 = ORIENTED_EDGE ( 'NONE', *, *, #2459, .T. ) ;
#129 = PERSON_AND_ORGANIZATION ( #2789, #881 ) ;
#130 = VERTEX_POINT ( 'NONE', #1251 ) ;
#131 = VECTOR ( 'NONE', #1725, 1000.000000000000000 ) ;
#132 = CARTESIAN_POINT ( 'NONE',  ( -2.300000000000000266, 0.2497999199359364486, 1.300000000000000044 ) ) ;
#133 = DIRECTION ( 'NONE',  ( 1.000000000000000000, 0.000000000000000000, 0.000000000000000000 ) ) ;
#134 = EDGE_CURVE ( 'NONE', #1271, #2396, #543, .T. ) ;
#135 = DIRECTION ( 'NONE',  ( 1.000000000000000000, 0.000000000000000000, 0.000000000000000000 ) ) ;
#136 = DIRECTION ( 'NONE',  ( 1.000000000000000000, 1.355252715606880345E-15, 0.000000000000000000 ) ) ;
#137 = VECTOR ( 'NONE', #2668, 1000.000000000000000 ) ;
#138 = CARTESIAN_POINT ( 'NONE',  ( 1.300000000000010258, -1.000000000000000000, 1.500000000000000000 ) ) ;
#139 = ORIENTED_EDGE ( 'NONE', *, *, #2738, .F. ) ;
#140 = VECTOR ( 'NONE', #2254, 1000.000000000000000 ) ;
#141 = DIRECTION ( 'NONE',  ( 0.000000000000000000, -0.000000000000000000, 1.000000000000000000 ) ) ;
#142 = EDGE_LOOP ( 'NONE', ( #1918, #2478, #2196, #3159 ) ) ;
#143 = CIRCLE ( 'NONE', #3321, 0.3000000000000000999 ) ;
#144 = DIRECTION ( 'NONE',  ( 1.000000000000000000, 0.000000000000000000, 0.000000000000000000 ) ) ;
#145 = EDGE_CURVE ( 'NONE', #1171, #2282, #304, .T. ) ;
#146 = CC_DESIGN_PERSON_AND_ORGANIZATION_ASSIGNMENT ( #2173, #2673, ( #1852 ) ) ;
#147 = LOCAL_TIME ( 14, 31, 51.00000000000000000, #670 ) ;
#148 = DIRECTION ( 'NONE',  ( 0.000000000000000000, 0.000000000000000000, -1.000000000000000000 ) ) ;
#149 = ADVANCED_FACE ( 'NONE', ( #272 ), #3077, .F. ) ;
#150 = ORIENTED_EDGE ( 'NONE', *, *, #2692, .F. ) ;
#151 = PERSON_AND_ORGANIZATION ( #2789, #881 ) ;
#152 = ORIENTED_EDGE ( 'NONE', *, *, #82, .F. ) ;
#153 = CIRCLE ( 'NONE', #2451, 0.3199999999999999512 ) ;
#154 = VERTEX_POINT ( 'NONE', #768 ) ;
#155 = CARTESIAN_POINT ( 'NONE',  ( 2.500000000000000000, -0.3199999999999995071, 0.000000000000000000 ) ) ;
#156 = DIRECTION ( 'NONE',  ( -0.000000000000000000, -0.000000000000000000, -1.000000000000000000 ) ) ;
#157 = LINE ( 'NONE', #1100, #2393 ) ;
#158 = ORIENTED_EDGE ( 'NONE', *, *, #514, .T. ) ;
#159 = FACE_OUTER_BOUND ( 'NONE', #1152, .T. ) ;
#160 = DIRECTION ( 'NONE',  ( 1.000000000000000000, 0.000000000000000000, 0.000000000000000000 ) ) ;
#161 = CARTESIAN_POINT ( 'NONE',  ( -2.500000000000000000, -2.500000000000000000, 1.300000000000000044 ) ) ;
#162 = ORIENTED_EDGE ( 'NONE', *, *, #630, .F. ) ;
#163 = DATE_TIME_ROLE ( 'creation_date' ) ;
#164 = ORIENTED_EDGE ( 'NONE', *, *, #2338, .T. ) ;
#165 = EDGE_CURVE ( 'NONE', #2978, #270, #2573, .T. ) ;
#166 = AXIS2_PLACEMENT_3D ( 'NONE', #1675, #103, #1383 ) ;
#167 = DIRECTION ( 'NONE',  ( 1.000000000000000000, 0.000000000000000000, 0.000000000000000000 ) ) ;
#168 = LINE ( 'NONE', #3298, #2042 ) ;
#169 = LINE ( 'NONE', #220, #2275 ) ;
#170 = CARTESIAN_POINT ( 'NONE',  ( -2.500000000000000000, 0.9500000000000000666, 0.000000000000000000 ) ) ;
#171 = ORIENTED_EDGE ( 'NONE', *, *, #2942, .T. ) ;
#172 = ADVANCED_FACE ( 'NONE', ( #3062 ), #287, .F. ) ;
#173 = CARTESIAN_POINT ( 'NONE',  ( -0.3200000000000000622, -2.500000000000001776, 0.000000000000000000 ) ) ;
#174 = VERTEX_POINT ( 'NONE', #2548 ) ;
#175 = DIRECTION ( 'NONE',  ( 0.000000000000000000, 0.000000000000000000, 1.000000000000000000 ) ) ;
#176 = CIRCLE ( 'NONE', #912, 0.2999999999999999334 ) ;
#177 = FACE_OUTER_BOUND ( 'NONE', #546, .T. ) ;
#178 = VERTEX_POINT ( 'NONE', #1809 ) ;
#179 = VERTEX_POINT ( 'NONE', #1018 ) ;
#180 = ORIENTED_EDGE ( 'NONE', *, *, #1042, .F. ) ;
#181 = EDGE_CURVE ( 'NONE', #362, #2335, #1780, .T. ) ;
#182 = LINE ( 'NONE', #3264, #3067 ) ;
#183 = AXIS2_PLACEMENT_3D ( 'NONE', #317, #1525, #3111 ) ;
#184 = PLANE ( 'NONE',  #856 ) ;
#185 = DIRECTION ( 'NONE',  ( 1.000000000000000000, 0.000000000000000000, -0.000000000000000000 ) ) ;
#186 = DIRECTION ( 'NONE',  ( -0.000000000000000000, -0.000000000000000000, 1.000000000000000000 ) ) ;
#187 = ORIENTED_EDGE ( 'NONE', *, *, #2629, .F. ) ;
#188 = DIRECTION ( 'NONE',  ( -0.000000000000000000, -0.000000000000000000, -1.000000000000000000 ) ) ;
#189 = DIRECTION ( 'NONE',  ( -0.000000000000000000, -0.000000000000000000, 1.000000000000000000 ) ) ;
#190 = VECTOR ( 'NONE', #2071, 1000.000000000000000 ) ;
#191 = VECTOR ( 'NONE', #1181, 1000.000000000000000 ) ;
#192 = LINE ( 'NONE', #1478, #2128 ) ;
#193 = DIRECTION ( 'NONE',  ( -0.000000000000000000, -0.000000000000000000, 1.000000000000000000 ) ) ;
#194 = ORIENTED_EDGE ( 'NONE', *, *, #740, .T. ) ;
#195 = ORIENTED_EDGE ( 'NONE', *, *, #2897, .T. ) ;
#196 = AXIS2_PLACEMENT_3D ( 'NONE', #3164, #2960, #644 ) ;
#197 = ORIENTED_EDGE ( 'NONE', *, *, #2365, .F. ) ;
#198 = EDGE_CURVE ( 'NONE', #1286, #3255, #419, .T. ) ;
#199 = DIRECTION ( 'NONE',  ( -1.000000000000000000, 0.000000000000000000, 0.000000000000000000 ) ) ;
#200 = VECTOR ( 'NONE', #987, 1000.000000000000000 ) ;
#201 = CYLINDRICAL_SURFACE ( 'NONE', #755, 0.2999999999999999334 ) ;
#202 = CARTESIAN_POINT ( 'NONE',  ( 2.500000000000005773, 1.590000000000000524, 0.000000000000000000 ) ) ;
#203 = CARTESIAN_POINT ( 'NONE',  ( -2.500000000000000000, -0.9500000000000000666, 0.1000000000000000056 ) ) ;
#204 = DIRECTION ( 'NONE',  ( 0.000000000000000000, -0.000000000000000000, 1.000000000000000000 ) ) ;
#205 = ORIENTED_EDGE ( 'NONE', *, *, #577, .T. ) ;
#206 = AXIS2_PLACEMENT_3D ( 'NONE', #3131, #813, #2617 ) ;
#207 = FACE_OUTER_BOUND ( 'NONE', #251, .T. ) ;
#208 = CARTESIAN_POINT ( 'NONE',  ( 1.330000000000000071, 1.590000000000000524, 0.1000000000000000056 ) ) ;
#209 = FACE_OUTER_BOUND ( 'NONE', #3223, .T. ) ;
#210 = EDGE_CURVE ( 'NONE', #3221, #2476, #2332, .T. ) ;
#211 = ADVANCED_FACE ( 'NONE', ( #1794 ), #516, .F. ) ;
#212 = DIRECTION ( 'NONE',  ( 1.000000000000000000, 0.000000000000000000, 0.000000000000000000 ) ) ;
#213 = VERTEX_POINT ( 'NONE', #3097 ) ;
#214 = ORIENTED_EDGE ( 'NONE', *, *, #1702, .T. ) ;
#215 = DIRECTION ( 'NONE',  ( 1.000000000000000000, 0.000000000000000000, -0.000000000000000000 ) ) ;
#216 = VERTEX_POINT ( 'NONE', #1054 ) ;
#217 = CARTESIAN_POINT ( 'NONE',  ( 0.7000000000000000666, 3.673940397442057649E-17, 1.500000000000000000 ) ) ;
#218 = PRODUCT_DEFINITION ( 'UNKNOWN', '', #1852, #2373 ) ;
#219 = CARTESIAN_POINT ( 'NONE',  ( 1.329999999999999849, 0.3200000000000003397, 0.1000000000000000056 ) ) ;
#220 = CARTESIAN_POINT ( 'NONE',  ( 2.499999999999988454, -1.589999999999999636, 0.1000000000000000056 ) ) ;
#221 = CARTESIAN_POINT ( 'NONE',  ( -1.329999999999995186, 0.3200000000000001177, 0.000000000000000000 ) ) ;
#222 = ORIENTED_EDGE ( 'NONE', *, *, #338, .F. ) ;
#223 = CARTESIAN_POINT ( 'NONE',  ( 0.000000000000000000, 2.500000000000000000, 2.205096679918780556 ) ) ;
#224 = ORIENTED_EDGE ( 'NONE', *, *, #2639, .F. ) ;
#225 = VECTOR ( 'NONE', #783, 1000.000000000000000 ) ;
#226 = CARTESIAN_POINT ( 'NONE',  ( 0.000000000000000000, 0.000000000000000000, 0.1000000000000000056 ) ) ;
#227 = VECTOR ( 'NONE', #91, 1000.000000000000000 ) ;
#228 = DIRECTION ( 'NONE',  ( 1.000000000000000000, 0.000000000000000000, 0.000000000000000000 ) ) ;
#229 = ORIENTED_EDGE ( 'NONE', *, *, #1734, .T. ) ;
#230 = VERTEX_POINT ( 'NONE', #784 ) ;
#231 = FACE_BOUND ( 'NONE', #1765, .T. ) ;
#232 = ORIENTED_EDGE ( 'NONE', *, *, #145, .F. ) ;
#233 = VERTEX_POINT ( 'NONE', #843 ) ;
#234 = CARTESIAN_POINT ( 'NONE',  ( -0.3200000000000000622, 2.499999999999997780, 0.1000000000000000056 ) ) ;
#235 = DIRECTION ( 'NONE',  ( -1.000000000000000000, 0.000000000000000000, 0.000000000000000000 ) ) ;
#236 = DIRECTION ( 'NONE',  ( -0.000000000000000000, 1.000000000000000000, -0.000000000000000000 ) ) ;
#237 = EDGE_LOOP ( 'NONE', ( #938, #1106, #2251, #2948, #745, #2092 ) ) ;
#238 = ADVANCED_FACE ( 'NONE', ( #893 ), #2881, .F. ) ;
#239 = CIRCLE ( 'NONE', #816, 0.3199999999999999512 ) ;
#240 = FACE_OUTER_BOUND ( 'NONE', #425, .T. ) ;
#241 = DIRECTION ( 'NONE',  ( 1.000000000000000000, -0.000000000000000000, -0.000000000000000000 ) ) ;
#243 = DIRECTION ( 'NONE',  ( 0.000000000000000000, 1.000000000000000000, 0.000000000000000000 ) ) ;
#242 = AXIS2_PLACEMENT_3D ( 'NONE', #1850, #854, #3158 ) ;
#244 = DIRECTION ( 'NONE',  ( 1.853337046983756009E-16, 1.000000000000000000, -0.000000000000000000 ) ) ;
#245 = VERTEX_POINT ( 'NONE', #2402 ) ;
#246 = CARTESIAN_POINT ( 'NONE',  ( 1.300000000000000044, 0.000000000000000000, 0.9000000000000001332 ) ) ;
#247 = EDGE_CURVE ( 'NONE', #1687, #233, #2514, .T. ) ;
#248 = ADVANCED_FACE ( 'NONE', ( #1368 ), #2383, .F. ) ;
#249 = PLANE ( 'NONE',  #2157 ) ;
#250 = ORIENTED_EDGE ( 'NONE', *, *, #86, .T. ) ;
#251 = EDGE_LOOP ( 'NONE', ( #229, #3276, #1066, #1932, #922 ) ) ;
#252 = VECTOR ( 'NONE', #2229, 1000.000000000000000 ) ;
#253 = CYLINDRICAL_SURFACE ( 'NONE', #1022, 0.2499999999999997780 ) ;
#254 = DIRECTION ( 'NONE',  ( 1.000000000000000000, 1.355252715606880345E-15, 0.000000000000000000 ) ) ;
#255 = DIRECTION ( 'NONE',  ( 0.000000000000000000, 1.000000000000000000, 0.000000000000000000 ) ) ;
#256 = ORIENTED_EDGE ( 'NONE', *, *, #1657, .F. ) ;
#257 = DIRECTION ( 'NONE',  ( 1.000000000000000000, 0.000000000000000000, -0.000000000000000000 ) ) ;
#258 = DIRECTION ( 'NONE',  ( -0.000000000000000000, -0.000000000000000000, -1.000000000000000000 ) ) ;
#259 = AXIS2_PLACEMENT_3D ( 'NONE', #2911, #1677, #2416 ) ;
#260 = CARTESIAN_POINT ( 'NONE',  ( 0.3200000000000000622, 2.499999999999997780, 0.1000000000000000056 ) ) ;
#261 = CIRCLE ( 'NONE', #2129, 0.3999999999999999667 ) ;
#262 = FACE_OUTER_BOUND ( 'NONE', #805, .T. ) ;
#263 = ORIENTED_EDGE ( 'NONE', *, *, #488, .T. ) ;
#264 = ORIENTED_EDGE ( 'NONE', *, *, #341, .T. ) ;
#265 = FACE_OUTER_BOUND ( 'NONE', #1078, .T. ) ;
#266 = ORIENTED_EDGE ( 'NONE', *, *, #247, .F. ) ;
#267 = EDGE_CURVE ( 'NONE', #2553, #2453, #518, .T. ) ;
#268 = CARTESIAN_POINT ( 'NONE',  ( 1.329999999999999627, -1.589999999999999636, 0.000000000000000000 ) ) ;
#269 = PLANE ( 'NONE',  #183 ) ;
#270 = VERTEX_POINT ( 'NONE', #3179 ) ;
#271 = LINE ( 'NONE', #21, #3125 ) ;
#272 = FACE_OUTER_BOUND ( 'NONE', #533, .T. ) ;
#273 = DIRECTION ( 'NONE',  ( -0.000000000000000000, -0.000000000000000000, 1.000000000000000000 ) ) ;
#274 = ORIENTED_EDGE ( 'NONE', *, *, #2503, .F. ) ;
#275 = EDGE_CURVE ( 'NONE', #1763, #2657, #2680, .T. ) ;
#276 = CARTESIAN_POINT ( 'NONE',  ( -1.300000000000000044, -6.946223273711848217E-15, 0.9000000000000001332 ) ) ;
#277 = AXIS2_PLACEMENT_3D ( 'NONE', #2047, #1837, #303 ) ;
#278 = ORIENTED_EDGE ( 'NONE', *, *, #2027, .T. ) ;
#279 = AXIS2_PLACEMENT_3D ( 'NONE', #414, #2973, #2245 ) ;
#280 = FACE_OUTER_BOUND ( 'NONE', #2390, .T. ) ;
#281 = CARTESIAN_POINT ( 'NONE',  ( 2.500000000000000000, -0.9499999999999996225, 0.09999999999999982514 ) ) ;
#282 = ORIENTED_EDGE ( 'NONE', *, *, #1342, .F. ) ;
#283 = CARTESIAN_POINT ( 'NONE',  ( -2.250000000000000444, 2.499999999999999556, 1.300000000000000044 ) ) ;
#284 = CARTESIAN_POINT ( 'NONE',  ( 2.500000000000000000, 4.336808689942017736E-16, 1.300000000000000044 ) ) ;
#285 = ORIENTED_EDGE ( 'NONE', *, *, #732, .T. ) ;
#286 = LINE ( 'NONE', #2865, #225 ) ;
#287 = PLANE ( 'NONE',  #623 ) ;
#288 = CARTESIAN_POINT ( 'NONE',  ( 1.041321167657203407E-14, -1.000000000000000000, 0.9000000000000001332 ) ) ;
#289 = CARTESIAN_POINT ( 'NONE',  ( -2.500000000000003109, -0.3199999999999998956, 0.000000000000000000 ) ) ;
#290 = ORIENTED_EDGE ( 'NONE', *, *, #2662, .T. ) ;
#291 = VECTOR ( 'NONE', #2059, 1000.000000000000000 ) ;
#292 = LINE ( 'NONE', #1353, #1146 ) ;
#293 = VECTOR ( 'NONE', #2793, 1000.000000000000000 ) ;
#294 = EDGE_CURVE ( 'NONE', #2369, #1786, #1105, .T. ) ;
#295 = LINE ( 'NONE', #1308, #2203 ) ;
#296 = VECTOR ( 'NONE', #2886, 1000.000000000000000 ) ;
#297 = ORIENTED_EDGE ( 'NONE', *, *, #2741, .T. ) ;
#298 = AXIS2_PLACEMENT_3D ( 'NONE', #1480, #1767, #1735 ) ;
#299 = EDGE_CURVE ( 'NONE', #230, #3328, #2132, .T. ) ;
#300 = LINE ( 'NONE', #2578, #363 ) ;
#301 = LINE ( 'NONE', #2594, #1944 ) ;
#302 = VERTEX_POINT ( 'NONE', #575 ) ;
#303 = DIRECTION ( 'NONE',  ( -1.000000000000000000, 1.853337046983759214E-16, 0.000000000000000000 ) ) ;
#304 = LINE ( 'NONE', #503, #1488 ) ;
#305 = CARTESIAN_POINT ( 'NONE',  ( 2.300000000000000266, 2.300000000000000266, 1.300000000000000044 ) ) ;
#306 = ORIENTED_EDGE ( 'NONE', *, *, #2450, .F. ) ;
#307 = VECTOR ( 'NONE', #1545, 1000.000000000000000 ) ;
#308 = DIRECTION ( 'NONE',  ( 0.000000000000000000, 0.000000000000000000, 1.000000000000000000 ) ) ;
#309 = VERTEX_POINT ( 'NONE', #1605 ) ;
#310 = EDGE_LOOP ( 'NONE', ( #3060, #2839, #53, #3285, #1600 ) ) ;
#311 = PLANE ( 'NONE',  #1951 ) ;
#312 = CARTESIAN_POINT ( 'NONE',  ( 0.3199999999999997846, 0.4200000000000002620, 0.1000000000000000056 ) ) ;
#313 = CARTESIAN_POINT ( 'NONE',  ( -2.300000000000000266, 1.899999999999997691, 1.300000000000000044 ) ) ;
#314 = ORIENTED_EDGE ( 'NONE', *, *, #328, .T. ) ;
#315 = EDGE_CURVE ( 'NONE', #1542, #2137, #334, .T. ) ;
#316 = ORIENTED_EDGE ( 'NONE', *, *, #1679, .T. ) ;
#317 = CARTESIAN_POINT ( 'NONE',  ( 0.000000000000000000, 0.000000000000000000, 1.300000000000000044 ) ) ;
#318 = EDGE_CURVE ( 'NONE', #1433, #2026, #890, .T. ) ;
#319 = FACE_OUTER_BOUND ( 'NONE', #472, .T. ) ;
#320 = CARTESIAN_POINT ( 'NONE',  ( -1.329999999999995186, -1.590000000000000302, 0.1000000000000000056 ) ) ;
#321 = CARTESIAN_POINT ( 'NONE',  ( 2.300000000000000266, -1.519799919935945987, 1.300000000000000044 ) ) ;
#322 = ORIENTED_EDGE ( 'NONE', *, *, #2030, .T. ) ;
#323 = DIRECTION ( 'NONE',  ( 1.000000000000000000, 0.000000000000000000, 0.000000000000000000 ) ) ;
#324 = EDGE_LOOP ( 'NONE', ( #1966, #982, #1844, #1663 ) ) ;
#325 = EDGE_CURVE ( 'NONE', #2278, #3127, #1375, .T. ) ;
#326 = CARTESIAN_POINT ( 'NONE',  ( 2.180000000000000160, 4.336808689942017736E-16, 1.300000000000000044 ) ) ;
#327 = DIRECTION ( 'NONE',  ( -0.000000000000000000, -0.000000000000000000, -1.000000000000000000 ) ) ;
#328 = EDGE_CURVE ( 'NONE', #302, #3079, #2023, .T. ) ;
#329 = ORIENTED_EDGE ( 'NONE', *, *, #3218, .F. ) ;
#330 = VECTOR ( 'NONE', #429, 1000.000000000000000 ) ;
#331 = DIRECTION ( 'NONE',  ( -1.000000000000000000, 0.000000000000000000, 0.000000000000000000 ) ) ;
#332 = AXIS2_PLACEMENT_3D ( 'NONE', #2920, #2654, #1091 ) ;
#333 = DIRECTION ( 'NONE',  ( 0.000000000000000000, 0.000000000000000000, -1.000000000000000000 ) ) ;
#334 = LINE ( 'NONE', #592, #48 ) ;
#335 = ORIENTED_EDGE ( 'NONE', *, *, #3115, .T. ) ;
#336 = CARTESIAN_POINT ( 'NONE',  ( 0.6999999999999966249, 1.000000000000000000, 0.9000000000000001332 ) ) ;
#337 = DIRECTION ( 'NONE',  ( -0.000000000000000000, 0.000000000000000000, -1.000000000000000000 ) ) ;
#338 = EDGE_CURVE ( 'NONE', #3239, #1271, #3072, .T. ) ;
#339 = VERTEX_POINT ( 'NONE', #283 ) ;
#340 = PLANE ( 'NONE',  #2022 ) ;
#341 = EDGE_CURVE ( 'NONE', #697, #798, #512, .T. ) ;
#342 = VECTOR ( 'NONE', #1762, 1000.000000000000000 ) ;
#343 = CARTESIAN_POINT ( 'NONE',  ( -1.899999999999997691, -2.300000000000000266, 1.300000000000000044 ) ) ;
#344 = CARTESIAN_POINT ( 'NONE',  ( 2.500000000000005773, 1.590000000000000524, 0.1000000000000000056 ) ) ;
#345 = ORIENTED_EDGE ( 'NONE', *, *, #1112, .F. ) ;
#346 = ADVANCED_FACE ( 'NONE', ( #2799 ), #2831, .T. ) ;
#347 = AXIS2_PLACEMENT_3D ( 'NONE', #1664, #1439, #1942 ) ;
#348 = CARTESIAN_POINT ( 'NONE',  ( -2.500000000000012434, -1.270000000000000018, 1.300000000000000044 ) ) ;
#349 = CIRCLE ( 'NONE', #2064, 0.2999999999999999334 ) ;
#350 = ADVANCED_FACE ( 'NONE', ( #2078 ), #797, .F. ) ;
#351 = LINE ( 'NONE', #877, #376 ) ;
#352 = CARTESIAN_POINT ( 'NONE',  ( -2.300000000000000266, 1.020200080064059378, 1.300000000000000044 ) ) ;
#353 = ORIENTED_EDGE ( 'NONE', *, *, #1257, .T. ) ;
#354 = AXIS2_PLACEMENT_3D ( 'NONE', #88, #379, #2697 ) ;
#355 = FACE_OUTER_BOUND ( 'NONE', #1431, .T. ) ;
#356 = DIRECTION ( 'NONE',  ( -0.000000000000000000, -0.000000000000000000, -1.000000000000000000 ) ) ;
#357 = ORIENTED_EDGE ( 'NONE', *, *, #3303, .F. ) ;
#358 = PLANE ( 'NONE',  #3038 ) ;
#359 = EDGE_CURVE ( 'NONE', #2256, #2933, #300, .T. ) ;
#360 = CARTESIAN_POINT ( 'NONE',  ( -2.500000000000000000, -1.590000000000000080, 0.000000000000000000 ) ) ;
#361 = PERSON_AND_ORGANIZATION ( #2789, #881 ) ;
#362 = VERTEX_POINT ( 'NONE', #2593 ) ;
#363 = VECTOR ( 'NONE', #764, 1000.000000000000000 ) ;
#364 = ADVANCED_FACE ( 'NONE', ( #1295 ), #734, .F. ) ;
#365 = CARTESIAN_POINT ( 'NONE',  ( -2.500000000000000000, 1.590000000000000524, 0.000000000000000000 ) ) ;
#366 = CARTESIAN_POINT ( 'NONE',  ( 0.000000000000000000, 0.000000000000000000, 1.300000000000000044 ) ) ;
#367 = DIRECTION ( 'NONE',  ( 0.000000000000000000, 0.000000000000000000, 1.000000000000000000 ) ) ;
#368 = DIRECTION ( 'NONE',  ( 0.000000000000000000, 0.000000000000000000, 1.000000000000000000 ) ) ;
#369 = EDGE_LOOP ( 'NONE', ( #1240, #770 ) ) ;
#370 = DIRECTION ( 'NONE',  ( 1.000000000000000000, 0.000000000000000000, 0.000000000000000000 ) ) ;
#371 = ORIENTED_EDGE ( 'NONE', *, *, #1849, .F. ) ;
#372 = DIRECTION ( 'NONE',  ( -0.000000000000000000, -0.000000000000000000, -1.000000000000000000 ) ) ;
#373 = ORIENTED_EDGE ( 'NONE', *, *, #900, .F. ) ;
#374 = COORDINATED_UNIVERSAL_TIME_OFFSET ( 4, 0, .AHEAD. ) ;
#375 = VERTEX_POINT ( 'NONE', #268 ) ;
#376 = VECTOR ( 'NONE', #2382, 1000.000000000000000 ) ;
#377 = DIRECTION ( 'NONE',  ( 0.000000000000000000, 0.000000000000000000, 1.000000000000000000 ) ) ;
#378 = CARTESIAN_POINT ( 'NONE',  ( -2.500000000000003109, 0.3200000000000003397, 0.1000000000000000056 ) ) ;
#379 = DIRECTION ( 'NONE',  ( 0.000000000000000000, 0.000000000000000000, 1.000000000000000000 ) ) ;
#380 = ORIENTED_EDGE ( 'NONE', *, *, #1975, .F. ) ;
#381 = EDGE_CURVE ( 'NONE', #1772, #1864, #261, .T. ) ;
#382 = CC_DESIGN_DATE_AND_TIME_ASSIGNMENT ( #888, #163, ( #218 ) ) ;
#383 = VECTOR ( 'NONE', #1340, 1000.000000000000000 ) ;
#384 = DIRECTION ( 'NONE',  ( 1.000000000000000000, 0.000000000000000000, 0.000000000000000000 ) ) ;
#385 = ORIENTED_EDGE ( 'NONE', *, *, #1734, .F. ) ;
#386 = CARTESIAN_POINT ( 'NONE',  ( -2.499999999999999556, 0.000000000000000000, 1.300000000000000044 ) ) ;
#387 = CARTESIAN_POINT ( 'NONE',  ( 2.500000000000000000, 1.590000000000000524, 1.300000000000000044 ) ) ;
#388 = ORIENTED_EDGE ( 'NONE', *, *, #936, .T. ) ;
#389 = ADVANCED_FACE ( 'NONE', ( #1820 ), #2543, .T. ) ;
#390 = ORIENTED_EDGE ( 'NONE', *, *, #2, .F. ) ;
#391 = AXIS2_PLACEMENT_3D ( 'NONE', #3228, #1696, #1938 ) ;
#392 = AXIS2_PLACEMENT_3D ( 'NONE', #2589, #1617, #1092 ) ;
#393 = ORIENTED_EDGE ( 'NONE', *, *, #610, .F. ) ;
#394 = CARTESIAN_POINT ( 'NONE',  ( 1.041321167657203407E-14, -1.000000000000000000, 0.9000000000000001332 ) ) ;
#395 = EDGE_CURVE ( 'NONE', #3300, #463, #1016, .T. ) ;
#396 = CYLINDRICAL_SURFACE ( 'NONE', #2474, 0.3000000000000000444 ) ;
#397 = DIRECTION ( 'NONE',  ( -1.000000000000000000, -6.776263578034403699E-16, 0.000000000000000000 ) ) ;
#398 = VECTOR ( 'NONE', #2818, 1000.000000000000000 ) ;
#399 = FACE_OUTER_BOUND ( 'NONE', #3055, .T. ) ;
#400 = EDGE_LOOP ( 'NONE', ( #3084, #645 ) ) ;
#401 = LINE ( 'NONE', #1132, #2387 ) ;
#402 = VERTEX_POINT ( 'NONE', #1000 ) ;
#403 = CIRCLE ( 'NONE', #2225, 0.3199999999999999512 ) ;
#404 = CARTESIAN_POINT ( 'NONE',  ( 2.500000000000000000, 2.500000000000000444, 0.000000000000000000 ) ) ;
#405 = EDGE_CURVE ( 'NONE', #2797, #3018, #2311, .T. ) ;
#406 = PLANE ( 'NONE',  #2481 ) ;
#407 = ORIENTED_EDGE ( 'NONE', *, *, #1186, .F. ) ;
#408 = VERTEX_POINT ( 'NONE', #1312 ) ;
#409 = VECTOR ( 'NONE', #2601, 1000.000000000000000 ) ;
#410 = VECTOR ( 'NONE', #753, 1000.000000000000000 ) ;
#411 = ORIENTED_EDGE ( 'NONE', *, *, #1641, .T. ) ;
#412 = CARTESIAN_POINT ( 'NONE',  ( -2.500000000000000000, -0.3199999999999998956, 0.09999999999999982514 ) ) ;
#413 = EDGE_CURVE ( 'NONE', #1271, #423, #2345, .T. ) ;
#414 = CARTESIAN_POINT ( 'NONE',  ( 2.499999999999987121, -1.269999999999999574, 0.09999999999999982514 ) ) ;
#415 = CARTESIAN_POINT ( 'NONE',  ( -3.430248998885766570E-15, 1.000000000000000000, 0.9000000000000001332 ) ) ;
#416 = CARTESIAN_POINT ( 'NONE',  ( -2.500000000000000000, -0.9500000000000000666, 1.300000000000000044 ) ) ;
#417 = ORIENTED_EDGE ( 'NONE', *, *, #1248, .T. ) ;
#418 = FACE_OUTER_BOUND ( 'NONE', #523, .T. ) ;
#419 = LINE ( 'NONE', #22, #2400 ) ;
#420 = DIRECTION ( 'NONE',  ( 1.000000000000000000, 0.000000000000000000, 0.000000000000000000 ) ) ;
#421 = DIRECTION ( 'NONE',  ( 1.000000000000000000, -1.853337046983760693E-16, 0.000000000000000000 ) ) ;
#422 = ADVANCED_FACE ( 'NONE', ( #3040 ), #3057, .T. ) ;
#423 = VERTEX_POINT ( 'NONE', #1245 ) ;
#424 = DIRECTION ( 'NONE',  ( 0.000000000000000000, 0.000000000000000000, 1.000000000000000000 ) ) ;
#425 = EDGE_LOOP ( 'NONE', ( #1412, #345, #1883, #895 ) ) ;
#426 = EDGE_LOOP ( 'NONE', ( #113, #902, #2716, #171 ) ) ;
#427 = EDGE_CURVE ( 'NONE', #2020, #130, #1524, .T. ) ;
#428 = CARTESIAN_POINT ( 'NONE',  ( 0.000000000000000000, 0.000000000000000000, 1.300000000000000044 ) ) ;
#429 = DIRECTION ( 'NONE',  ( 0.000000000000000000, 0.000000000000000000, 1.000000000000000000 ) ) ;
#430 = CARTESIAN_POINT ( 'NONE',  ( 1.900000000000000577, 2.300000000000000266, 1.500000000000000000 ) ) ;
#431 = CARTESIAN_POINT ( 'NONE',  ( 0.3200000000000000622, -2.500000000000001776, 0.000000000000000000 ) ) ;
#432 = CARTESIAN_POINT ( 'NONE',  ( 0.7000000000000105027, -1.000000000000000000, 1.500000000000000000 ) ) ;
#433 = ORIENTED_EDGE ( 'NONE', *, *, #2546, .T. ) ;
#434 = VECTOR ( 'NONE', #498, 1000.000000000000000 ) ;
#435 = CARTESIAN_POINT ( 'NONE',  ( 2.300000000000000266, -2.300000000000000266, 1.300000000000000044 ) ) ;
#436 = DIRECTION ( 'NONE',  ( 1.000000000000000000, -3.706674093967521386E-16, 0.000000000000000000 ) ) ;
#437 = DIRECTION ( 'NONE',  ( 1.000000000000000000, 0.000000000000000000, 0.000000000000000000 ) ) ;
#438 = AXIS2_PLACEMENT_3D ( 'NONE', #2672, #2936, #3236 ) ;
#439 = EDGE_CURVE ( 'NONE', #2685, #1259, #10, .T. ) ;
#440 = CARTESIAN_POINT ( 'NONE',  ( 1.000000000000010436, -1.000000000000000000, 0.9000000000000001332 ) ) ;
#441 = ORIENTED_EDGE ( 'NONE', *, *, #931, .F. ) ;
#442 = ORIENTED_EDGE ( 'NONE', *, *, #652, .T. ) ;
#443 = ORIENTED_EDGE ( 'NONE', *, *, #936, .F. ) ;
#444 = ORIENTED_EDGE ( 'NONE', *, *, #1530, .F. ) ;
#445 = DIRECTION ( 'NONE',  ( 0.000000000000000000, -0.000000000000000000, 1.000000000000000000 ) ) ;
#446 = AXIS2_PLACEMENT_3D ( 'NONE', #288, #2853, #3134 ) ;
#447 = PLANE ( 'NONE',  #491 ) ;
#448 = CARTESIAN_POINT ( 'NONE',  ( 2.300000000000000266, -2.300000000000000266, 1.300000000000000044 ) ) ;
#449 = PLANE ( 'NONE',  #2717 ) ;
#450 = CARTESIAN_POINT ( 'NONE',  ( 2.500000000000000000, -2.499999999999999556, 1.300000000000000044 ) ) ;
#451 = ORIENTED_EDGE ( 'NONE', *, *, #610, .T. ) ;
#452 = EDGE_CURVE ( 'NONE', #855, #2623, #1805, .T. ) ;
#453 = ADVANCED_FACE ( 'NONE', ( #69 ), #1281, .F. ) ;
#454 = CARTESIAN_POINT ( 'NONE',  ( 2.499999999999988454, -1.589999999999999636, 0.000000000000000000 ) ) ;
#455 = CARTESIAN_POINT ( 'NONE',  ( 0.000000000000000000, 0.000000000000000000, 1.300000000000000044 ) ) ;
#456 = VECTOR ( 'NONE', #188, 1000.000000000000000 ) ;
#457 = LINE ( 'NONE', #2494, #1583 ) ;
#458 = VECTOR ( 'NONE', #2857, 1000.000000000000000 ) ;
#459 = DIRECTION ( 'NONE',  ( 1.000000000000000000, -0.000000000000000000, -0.000000000000000000 ) ) ;
#460 = ORIENTED_EDGE ( 'NONE', *, *, #1594, .T. ) ;
#461 = CARTESIAN_POINT ( 'NONE',  ( -0.7000000000000000666, -6.982962677686268288E-15, 0.9000000000000001332 ) ) ;
#462 = EDGE_CURVE ( 'NONE', #3033, #566, #1558, .T. ) ;
#463 = VERTEX_POINT ( 'NONE', #2062 ) ;
#464 = CARTESIAN_POINT ( 'NONE',  ( 0.000000000000000000, 0.000000000000000000, 1.300000000000000044 ) ) ;
#465 = ORIENTED_EDGE ( 'NONE', *, *, #528, .T. ) ;
#466 = PLANE ( 'NONE',  #1788 ) ;
#467 = CIRCLE ( 'NONE', #2013, 0.2999999999999999334 ) ;
#468 = EDGE_CURVE ( 'NONE', #1131, #2367, #1793, .T. ) ;
#469 = DIRECTION ( 'NONE',  ( 0.000000000000000000, 0.000000000000000000, 1.000000000000000000 ) ) ;
#470 = DIRECTION ( 'NONE',  ( -0.000000000000000000, -0.000000000000000000, 1.000000000000000000 ) ) ;
#471 = DIRECTION ( 'NONE',  ( 0.000000000000000000, -0.000000000000000000, 1.000000000000000000 ) ) ;
#472 = EDGE_LOOP ( 'NONE', ( #2308, #2521, #125, #2294, #1597, #1404 ) ) ;
#473 = DIRECTION ( 'NONE',  ( 0.000000000000000000, 0.000000000000000000, -1.000000000000000000 ) ) ;
#474 = ORIENTED_EDGE ( 'NONE', *, *, #680, .F. ) ;
#475 = DIRECTION ( 'NONE',  ( 0.000000000000000000, 1.000000000000000000, -0.000000000000000000 ) ) ;
#476 = LINE ( 'NONE', #954, #140 ) ;
#477 = ORIENTED_EDGE ( 'NONE', *, *, #108, .F. ) ;
#478 = CARTESIAN_POINT ( 'NONE',  ( 0.3200000000000000622, 2.500000000000000000, 2.205096679918780556 ) ) ;
#479 = ORIENTED_EDGE ( 'NONE', *, *, #1387, .F. ) ;
#480 = ADVANCED_FACE ( 'NONE', ( #2646 ), #3113, .F. ) ;
#481 = EDGE_LOOP ( 'NONE', ( #2260, #1279, #705, #2689 ) ) ;
#482 = DIRECTION ( 'NONE',  ( 1.000000000000000000, -1.853337046983755762E-16, 0.000000000000000000 ) ) ;
#483 = DIRECTION ( 'NONE',  ( -0.000000000000000000, -0.000000000000000000, -1.000000000000000000 ) ) ;
#484 = LINE ( 'NONE', #929, #825 ) ;
#485 = ORIENTED_EDGE ( 'NONE', *, *, #2897, .F. ) ;
#486 = DIRECTION ( 'NONE',  ( -1.000000000000000000, 0.000000000000000000, 0.000000000000000000 ) ) ;
#487 = CYLINDRICAL_SURFACE ( 'NONE', #943, 0.3199999999999999512 ) ;
#488 = EDGE_CURVE ( 'NONE', #1834, #2242, #2081, .T. ) ;
#489 = AXIS2_PLACEMENT_3D ( 'NONE', #643, #2401, #1643 ) ;
#490 = DIRECTION ( 'NONE',  ( -1.000000000000000000, 0.000000000000000000, 0.000000000000000000 ) ) ;
#491 = AXIS2_PLACEMENT_3D ( 'NONE', #1102, #3242, #2667 ) ;
#492 = EDGE_CURVE ( 'NONE', #216, #840, #560, .T. ) ;
#493 = DIRECTION ( 'NONE',  ( 0.000000000000000000, 0.000000000000000000, 1.000000000000000000 ) ) ;
#494 = ORIENTED_EDGE ( 'NONE', *, *, #2577, .T. ) ;
#495 = DIRECTION ( 'NONE',  ( 1.000000000000000000, 0.000000000000000000, 0.000000000000000000 ) ) ;
#496 = ORIENTED_EDGE ( 'NONE', *, *, #52, .F. ) ;
#497 = ORIENTED_EDGE ( 'NONE', *, *, #1927, .F. ) ;
#498 = DIRECTION ( 'NONE',  ( 1.000000000000000000, -0.000000000000000000, -0.000000000000000000 ) ) ;
#499 = DIRECTION ( 'NONE',  ( 0.000000000000000000, -0.000000000000000000, 1.000000000000000000 ) ) ;
#500 = EDGE_LOOP ( 'NONE', ( #541, #595, #1154, #194 ) ) ;
#501 = CIRCLE ( 'NONE', #2974, 0.3199999999999999512 ) ;
#502 = LINE ( 'NONE', #681, #456 ) ;
#503 = CARTESIAN_POINT ( 'NONE',  ( 2.500000000000000000, 0.9500000000000005107, 2.205096679918780556 ) ) ;
#504 = CARTESIAN_POINT ( 'NONE',  ( -0.3200000000000000622, -2.500000000000001776, 0.000000000000000000 ) ) ;
#505 = DIRECTION ( 'NONE',  ( 0.000000000000000000, 0.000000000000000000, 1.000000000000000000 ) ) ;
#506 = EDGE_LOOP ( 'NONE', ( #2041, #29, #3089, #1101, #1549 ) ) ;
#507 = ADVANCED_FACE ( 'NONE', ( #319 ), #2114, .F. ) ;
#508 = CIRCLE ( 'NONE', #2169, 0.3999999999999999667 ) ;
#509 = DIRECTION ( 'NONE',  ( 0.000000000000000000, 0.000000000000000000, 1.000000000000000000 ) ) ;
#510 = ORIENTED_EDGE ( 'NONE', *, *, #2027, .F. ) ;
#511 = VECTOR ( 'NONE', #2928, 1000.000000000000000 ) ;
#512 = LINE ( 'NONE', #1028, #1915 ) ;
#513 = ORIENTED_EDGE ( 'NONE', *, *, #988, .T. ) ;
#514 = EDGE_CURVE ( 'NONE', #3248, #1579, #271, .T. ) ;
#515 = DIRECTION ( 'NONE',  ( 0.000000000000000000, 1.000000000000000000, 0.000000000000000000 ) ) ;
#516 = CYLINDRICAL_SURFACE ( 'NONE', #3107, 0.3199999999999999512 ) ;
#517 = LINE ( 'NONE', #1302, #2883 ) ;
#518 = CIRCLE ( 'NONE', #2944, 0.2999999999999999334 ) ;
#519 = ORIENTED_EDGE ( 'NONE', *, *, #3093, .F. ) ;
#520 = CARTESIAN_POINT ( 'NONE',  ( 1.299999999999996492, 1.000000000000000000, 0.9000000000000001332 ) ) ;
#521 = DIRECTION ( 'NONE',  ( -1.000000000000000000, -6.776263578034403699E-16, 0.000000000000000000 ) ) ;
#522 = ADVANCED_FACE ( 'NONE', ( #39 ), #1033, .F. ) ;
#523 = EDGE_LOOP ( 'NONE', ( #1355, #2904, #1901, #2576 ) ) ;
#524 = CARTESIAN_POINT ( 'NONE',  ( 0.000000000000000000, 0.000000000000000000, 0.1000000000000000056 ) ) ;
#525 = ORIENTED_EDGE ( 'NONE', *, *, #2244, .F. ) ;
#526 = DIRECTION ( 'NONE',  ( -0.000000000000000000, -0.000000000000000000, -1.000000000000000000 ) ) ;
#527 = DIRECTION ( 'NONE',  ( -1.000000000000000000, 0.000000000000000000, 0.000000000000000000 ) ) ;
#528 = EDGE_CURVE ( 'NONE', #1009, #562, #1856, .T. ) ;
#529 = DIRECTION ( 'NONE',  ( -1.000000000000000000, 1.390002785237816760E-16, -0.000000000000000000 ) ) ;
#530 = ORIENTED_EDGE ( 'NONE', *, *, #896, .F. ) ;
#531 = CARTESIAN_POINT ( 'NONE',  ( 2.300000000000000266, -2.300000000000000266, 1.300000000000000044 ) ) ;
#532 = CIRCLE ( 'NONE', #2591, 0.3199999999999999512 ) ;
#533 = EDGE_LOOP ( 'NONE', ( #2652, #11, #728, #1593 ) ) ;
#534 = DIRECTION ( 'NONE',  ( 0.000000000000000000, -0.000000000000000000, 1.000000000000000000 ) ) ;
#535 = EDGE_CURVE ( 'NONE', #1031, #651, #574, .T. ) ;
#536 = FACE_OUTER_BOUND ( 'NONE', #72, .T. ) ;
#537 = VERTEX_POINT ( 'NONE', #1823 ) ;
#538 = CIRCLE ( 'NONE', #3295, 0.2999999999999999334 ) ;
#539 = DIRECTION ( 'NONE',  ( -0.000000000000000000, 0.000000000000000000, -1.000000000000000000 ) ) ;
#540 = CARTESIAN_POINT ( 'NONE',  ( -1.000000000000000000, -6.982962677686268288E-15, 0.9000000000000001332 ) ) ;
#541 = ORIENTED_EDGE ( 'NONE', *, *, #528, .F. ) ;
#542 = DIRECTION ( 'NONE',  ( 1.000000000000000000, -1.355252715606880345E-15, 0.000000000000000000 ) ) ;
#543 = LINE ( 'NONE', #1573, #673 ) ;
#544 = EDGE_CURVE ( 'NONE', #2899, #763, #767, .T. ) ;
#545 = DIRECTION ( 'NONE',  ( 1.000000000000000000, -2.032879073410321208E-15, 0.000000000000000000 ) ) ;
#546 = EDGE_LOOP ( 'NONE', ( #1001, #2724, #2040, #3326, #411, #1184, #1949, #110, #1876, #2482 ) ) ;
#547 = VECTOR ( 'NONE', #625, 1000.000000000000000 ) ;
#548 = LINE ( 'NONE', #597, #719 ) ;
#549 = VECTOR ( 'NONE', #327, 1000.000000000000000 ) ;
#550 = ORIENTED_EDGE ( 'NONE', *, *, #1950, .T. ) ;
#551 = EDGE_CURVE ( 'NONE', #790, #179, #286, .T. ) ;
#552 = CARTESIAN_POINT ( 'NONE',  ( -0.7000000000000036193, 0.9999999999999931166, 0.9000000000000001332 ) ) ;
#553 = EDGE_CURVE ( 'NONE', #2193, #2172, #1808, .T. ) ;
#554 = DIRECTION ( 'NONE',  ( 1.000000000000000000, 8.673617379884035472E-17, -0.000000000000000000 ) ) ;
#555 = VECTOR ( 'NONE', #2898, 1000.000000000000000 ) ;
#556 = ORIENTED_EDGE ( 'NONE', *, *, #3063, .T. ) ;
#557 = AXIS2_PLACEMENT_3D ( 'NONE', #2237, #2270, #1784 ) ;
#558 = VECTOR ( 'NONE', #2983, 1000.000000000000000 ) ;
#559 = ORIENTED_EDGE ( 'NONE', *, *, #294, .F. ) ;
#560 = LINE ( 'NONE', #2331, #1446 ) ;
#561 = DIRECTION ( 'NONE',  ( -0.000000000000000000, -0.000000000000000000, 1.000000000000000000 ) ) ;
#562 = VERTEX_POINT ( 'NONE', #1559 ) ;
#563 = CIRCLE ( 'NONE', #2444, 0.2499999999999997780 ) ;
#564 = LINE ( 'NONE', #2103, #2877 ) ;
#565 = VECTOR ( 'NONE', #1012, 1000.000000000000000 ) ;
#566 = VERTEX_POINT ( 'NONE', #2596 ) ;
#567 = EDGE_LOOP ( 'NONE', ( #1892, #3209, #1870, #1993, #1631 ) ) ;
#568 = DIRECTION ( 'NONE',  ( -1.000000000000000000, 0.000000000000000000, -0.000000000000000000 ) ) ;
#569 = FACE_OUTER_BOUND ( 'NONE', #1586, .T. ) ;
#570 = CARTESIAN_POINT ( 'NONE',  ( -0.3200000000000003397, 0.4200000000000002620, 0.1000000000000000056 ) ) ;
#571 = ORIENTED_EDGE ( 'NONE', *, *, #751, .T. ) ;
#572 = EDGE_CURVE ( 'NONE', #2817, #1687, #1280, .T. ) ;
#573 = CARTESIAN_POINT ( 'NONE',  ( 0.3200000000000000622, 2.500000000000000000, 2.205096679918780556 ) ) ;
#574 = LINE ( 'NONE', #6, #1072 ) ;
#575 = CARTESIAN_POINT ( 'NONE',  ( -0.3200000000000000622, -2.500000000000001776, 0.1000000000000000056 ) ) ;
#576 = CARTESIAN_POINT ( 'NONE',  ( -2.499999999999999556, 0.000000000000000000, 1.300000000000000044 ) ) ;
#577 = EDGE_CURVE ( 'NONE', #2933, #660, #2148, .T. ) ;
#578 = ORIENTED_EDGE ( 'NONE', *, *, #359, .T. ) ;
#579 = DIRECTION ( 'NONE',  ( -0.000000000000000000, -1.000000000000000000, -0.000000000000000000 ) ) ;
#580 = ORIENTED_EDGE ( 'NONE', *, *, #1615, .F. ) ;
#581 = ORIENTED_EDGE ( 'NONE', *, *, #3058, .F. ) ;
#582 = EDGE_CURVE ( 'NONE', #1171, #2776, #56, .T. ) ;
#583 = FACE_OUTER_BOUND ( 'NONE', #2795, .T. ) ;
#584 = VECTOR ( 'NONE', #2009, 1000.000000000000000 ) ;
#585 = DIRECTION ( 'NONE',  ( 0.000000000000000000, 0.000000000000000000, 1.000000000000000000 ) ) ;
#586 = DIRECTION ( 'NONE',  ( -1.000000000000000000, 0.000000000000000000, 0.000000000000000000 ) ) ;
#587 = ORIENTED_EDGE ( 'NONE', *, *, #931, .T. ) ;
#588 = AXIS2_PLACEMENT_3D ( 'NONE', #415, #1228, #2990 ) ;
#589 = LINE ( 'NONE', #1096, #2769 ) ;
#590 = AXIS2_PLACEMENT_3D ( 'NONE', #2200, #1946, #649 ) ;
#591 = DIRECTION ( 'NONE',  ( 0.000000000000000000, 0.000000000000000000, 1.000000000000000000 ) ) ;
#592 = CARTESIAN_POINT ( 'NONE',  ( 0.3000000000000104250, -1.000000000000000000, 0.9000000000000001332 ) ) ;
#593 = EDGE_CURVE ( 'NONE', #1303, #2278, #532, .T. ) ;
#594 = DIRECTION ( 'NONE',  ( -9.266685234918796068E-17, -1.000000000000000000, 0.000000000000000000 ) ) ;
#595 = ORIENTED_EDGE ( 'NONE', *, *, #1995, .F. ) ;
#596 = FACE_OUTER_BOUND ( 'NONE', #1812, .T. ) ;
#597 = CARTESIAN_POINT ( 'NONE',  ( -1.329999999999994298, 0.9499999999999999556, 0.000000000000000000 ) ) ;
#598 = ORIENTED_EDGE ( 'NONE', *, *, #553, .F. ) ;
#599 = CARTESIAN_POINT ( 'NONE',  ( 2.300000000000000266, -2.300000000000000266, 1.300000000000000044 ) ) ;
#600 = EDGE_CURVE ( 'NONE', #233, #3079, #1098, .T. ) ;
#601 = AXIS2_PLACEMENT_3D ( 'NONE', #1692, #2464, #2744 ) ;
#602 = LINE ( 'NONE', #1075, #383 ) ;
#603 = ORIENTED_EDGE ( 'NONE', *, *, #3123, .F. ) ;
#604 = VECTOR ( 'NONE', #579, 1000.000000000000000 ) ;
#605 = CIRCLE ( 'NONE', #2279, 0.3199999999999999512 ) ;
#606 = LINE ( 'NONE', #573, #2213 ) ;
#607 = CARTESIAN_POINT ( 'NONE',  ( 1.300000000000010258, -1.000000000000000000, 0.9000000000000001332 ) ) ;
#608 = AXIS2_PLACEMENT_3D ( 'NONE', #1220, #2756, #2304 ) ;
#609 = DIRECTION ( 'NONE',  ( -0.000000000000000000, -0.000000000000000000, -1.000000000000000000 ) ) ;
#610 = EDGE_CURVE ( 'NONE', #2526, #2137, #2699, .T. ) ;
#611 = FACE_OUTER_BOUND ( 'NONE', #819, .T. ) ;
#612 = ORIENTED_EDGE ( 'NONE', *, *, #2483, .F. ) ;
#613 = AXIS2_PLACEMENT_3D ( 'NONE', #1713, #2977, #2767 ) ;
#614 = CARTESIAN_POINT ( 'NONE',  ( 0.2497999199359375311, -2.300000000000000266, 1.300000000000000044 ) ) ;
#615 = ORIENTED_EDGE ( 'NONE', *, *, #31, .F. ) ;
#616 = ORIENTED_EDGE ( 'NONE', *, *, #1702, .F. ) ;
#617 = FACE_OUTER_BOUND ( 'NONE', #25, .T. ) ;
#618 = AXIS2_PLACEMENT_3D ( 'NONE', #2391, #1155, #3219 ) ;
#619 = CARTESIAN_POINT ( 'NONE',  ( 0.3199999999999997846, 0.4200000000000002620, 0.1000000000000000056 ) ) ;
#620 = ORIENTED_EDGE ( 'NONE', *, *, #359, .F. ) ;
#621 = COORDINATED_UNIVERSAL_TIME_OFFSET ( 4, 0, .AHEAD. ) ;
#622 = EDGE_LOOP ( 'NONE', ( #3000, #2875, #2705, #864 ) ) ;
#623 = AXIS2_PLACEMENT_3D ( 'NONE', #1510, #1003, #2315 ) ;
#624 = LINE ( 'NONE', #891, #2824 ) ;
#625 = DIRECTION ( 'NONE',  ( -0.000000000000000000, -0.000000000000000000, -1.000000000000000000 ) ) ;
#626 = DIRECTION ( 'NONE',  ( 0.000000000000000000, -0.000000000000000000, 1.000000000000000000 ) ) ;
#627 = CARTESIAN_POINT ( 'NONE',  ( 2.499999999999987121, -1.269999999999999574, 1.300000000000000044 ) ) ;
#628 = LINE ( 'NONE', #1385, #1261 ) ;
#629 = ORIENTED_EDGE ( 'NONE', *, *, #1479, .T. ) ;
#630 = EDGE_CURVE ( 'NONE', #2240, #216, #639, .T. ) ;
#631 = LINE ( 'NONE', #2167, #2984 ) ;
#632 = ORIENTED_EDGE ( 'NONE', *, *, #600, .F. ) ;
#633 = FACE_OUTER_BOUND ( 'NONE', #1626, .T. ) ;
#634 = CARTESIAN_POINT ( 'NONE',  ( 0.3200000000000000622, 2.499999999999997780, 0.000000000000000000 ) ) ;
#635 = ORIENTED_EDGE ( 'NONE', *, *, #3191, .F. ) ;
#636 = APPROVAL_DATE_TIME ( #3210, #46 ) ;
#637 = EDGE_LOOP ( 'NONE', ( #1516, #3216, #3117, #3312, #1669, #1133 ) ) ;
#638 = EDGE_CURVE ( 'NONE', #270, #174, #3011, .T. ) ;
#639 = CIRCLE ( 'NONE', #1121, 0.2499999999999997780 ) ;
#640 = CIRCLE ( 'NONE', #2908, 0.2999999999999999334 ) ;
#641 = FACE_OUTER_BOUND ( 'NONE', #62, .T. ) ;
#642 = DIRECTION ( 'NONE',  ( -1.000000000000000000, 0.000000000000000000, 0.000000000000000000 ) ) ;
#643 = CARTESIAN_POINT ( 'NONE',  ( 0.9999999999999965583, 1.000000000000000000, 0.9000000000000001332 ) ) ;
#644 = DIRECTION ( 'NONE',  ( 0.000000000000000000, 0.000000000000000000, -1.000000000000000000 ) ) ;
#645 = ORIENTED_EDGE ( 'NONE', *, *, #796, .F. ) ;
#646 = DIRECTION ( 'NONE',  ( -0.000000000000000000, -0.000000000000000000, 1.000000000000000000 ) ) ;
#647 = EDGE_LOOP ( 'NONE', ( #2806, #98, #2087, #3233 ) ) ;
#648 = PLANE ( 'NONE',  #2627 ) ;
#649 = DIRECTION ( 'NONE',  ( -1.000000000000000000, 0.000000000000000000, 0.000000000000000000 ) ) ;
#650 = ORIENTED_EDGE ( 'NONE', *, *, #328, .F. ) ;
#651 = VERTEX_POINT ( 'NONE', #2679 ) ;
#652 = EDGE_CURVE ( 'NONE', #855, #2256, #87, .T. ) ;
#653 = ADVANCED_FACE ( 'NONE', ( #1367 ), #908, .T. ) ;
#654 = VECTOR ( 'NONE', #2921, 1000.000000000000000 ) ;
#655 = LINE ( 'NONE', #2728, #131 ) ;
#656 = LINE ( 'NONE', #1161, #1773 ) ;
#657 = CARTESIAN_POINT ( 'NONE',  ( 1.330000000000000071, 1.590000000000000524, 0.000000000000000000 ) ) ;
#658 = CYLINDRICAL_SURFACE ( 'NONE', #391, 0.2999999999999999334 ) ;
#659 = DIRECTION ( 'NONE',  ( 0.000000000000000000, 0.000000000000000000, 1.000000000000000000 ) ) ;
#660 = VERTEX_POINT ( 'NONE', #378 ) ;
#661 = EDGE_CURVE ( 'NONE', #109, #537, #351, .T. ) ;
#662 = DIRECTION ( 'NONE',  ( -0.000000000000000000, -0.000000000000000000, -1.000000000000000000 ) ) ;
#663 = CARTESIAN_POINT ( 'NONE',  ( -2.500000000000000000, -1.590000000000000080, 0.000000000000000000 ) ) ;
#664 = CIRCLE ( 'NONE', #2283, 0.3199999999999999512 ) ;
#665 = CARTESIAN_POINT ( 'NONE',  ( -1.000000000000003553, 0.9999999999999931166, 0.9000000000000001332 ) ) ;
#666 = EDGE_CURVE ( 'NONE', #3184, #566, #2975, .T. ) ;
#667 = APPROVAL_PERSON_ORGANIZATION ( #3222, #2953, #1140 ) ;
#668 = DIRECTION ( 'NONE',  ( 1.000000000000000000, 0.000000000000000000, 0.000000000000000000 ) ) ;
#669 = ORIENTED_EDGE ( 'NONE', *, *, #70, .T. ) ;
#670 = COORDINATED_UNIVERSAL_TIME_OFFSET ( 4, 0, .AHEAD. ) ;
#671 = ORIENTED_EDGE ( 'NONE', *, *, #2738, .T. ) ;
#672 = AXIS2_PLACEMENT_3D ( 'NONE', #3030, #2016, #2036 ) ;
#673 = VECTOR ( 'NONE', #2836, 1000.000000000000000 ) ;
#674 = CARTESIAN_POINT ( 'NONE',  ( 0.3199999999999997846, 0.4200000000000002620, 0.000000000000000000 ) ) ;
#675 = CARTESIAN_POINT ( 'NONE',  ( -1.300000000000003375, 0.9999999999999931166, 0.9000000000000001332 ) ) ;
#676 = CARTESIAN_POINT ( 'NONE',  ( 2.500000000000005773, 0.9500000000000005107, 0.000000000000000000 ) ) ;
#677 = DIRECTION ( 'NONE',  ( 0.000000000000000000, 0.000000000000000000, -1.000000000000000000 ) ) ;
#678 = DIRECTION ( 'NONE',  ( 1.000000000000000000, 0.000000000000000000, 0.000000000000000000 ) ) ;
#679 = VERTEX_POINT ( 'NONE', #2945 ) ;
#680 = EDGE_CURVE ( 'NONE', #1234, #1322, #3214, .T. ) ;
#681 = CARTESIAN_POINT ( 'NONE',  ( 1.329999999999999849, -0.3199999999999995071, 0.1000000000000000056 ) ) ;
#682 = PLANE ( 'NONE',  #2500 ) ;
#683 = EDGE_CURVE ( 'NONE', #2757, #3328, #2695, .T. ) ;
#684 = DIRECTION ( 'NONE',  ( 1.000000000000000000, 0.000000000000000000, 0.000000000000000000 ) ) ;
#685 = DIRECTION ( 'NONE',  ( 0.000000000000000000, 0.000000000000000000, -1.000000000000000000 ) ) ;
#686 = ADVANCED_FACE ( 'NONE', ( #2432 ), #1149, .T. ) ;
#687 = ORIENTED_EDGE ( 'NONE', *, *, #2347, .T. ) ;
#688 = ORIENTED_EDGE ( 'NONE', *, *, #909, .F. ) ;
#689 = ORIENTED_EDGE ( 'NONE', *, *, #2343, .F. ) ;
#690 = ADVANCED_FACE ( 'NONE', ( #2927 ), #1623, .T. ) ;
#691 = EDGE_CURVE ( 'NONE', #362, #2757, #1608, .T. ) ;
#692 = VECTOR ( 'NONE', #3130, 1000.000000000000000 ) ;
#693 = FACE_OUTER_BOUND ( 'NONE', #865, .T. ) ;
#694 = DIRECTION ( 'NONE',  ( 0.000000000000000000, 0.000000000000000000, 1.000000000000000000 ) ) ;
#695 = CARTESIAN_POINT ( 'NONE',  ( 2.179999999999987281, -1.269999999999999574, 1.300000000000000044 ) ) ;
#696 = DIRECTION ( 'NONE',  ( 0.000000000000000000, 0.000000000000000000, 1.000000000000000000 ) ) ;
#697 = VERTEX_POINT ( 'NONE', #657 ) ;
#698 = AXIS2_PLACEMENT_3D ( 'NONE', #1971, #1352, #1451 ) ;
#699 = ADVANCED_FACE ( 'NONE', ( #2713 ), #396, .F. ) ;
#700 = DIRECTION ( 'NONE',  ( 0.000000000000000000, -0.000000000000000000, -1.000000000000000000 ) ) ;
#701 = DIRECTION ( 'NONE',  ( -0.000000000000000000, -0.000000000000000000, 1.000000000000000000 ) ) ;
#702 = CARTESIAN_POINT ( 'NONE',  ( 2.500000000000000000, -2.499999999999999556, 0.000000000000000000 ) ) ;
#703 = AXIS2_PLACEMENT_3D ( 'NONE', #1565, #3141, #1635 ) ;
#704 = FACE_OUTER_BOUND ( 'NONE', #2421, .T. ) ;
#705 = ORIENTED_EDGE ( 'NONE', *, *, #3189, .F. ) ;
#706 = CARTESIAN_POINT ( 'NONE',  ( 2.500000000000005773, 0.9500000000000005107, 0.000000000000000000 ) ) ;
#707 = VERTEX_POINT ( 'NONE', #155 ) ;
#708 = EDGE_CURVE ( 'NONE', #941, #2978, #1162, .T. ) ;
#709 = LINE ( 'NONE', #1223, #1290 ) ;
#710 = ORIENTED_EDGE ( 'NONE', *, *, #1274, .F. ) ;
#711 = EDGE_LOOP ( 'NONE', ( #1968, #2727, #306, #2540, #603, #1911 ) ) ;
#712 = VECTOR ( 'NONE', #1863, 1000.000000000000000 ) ;
#713 = CYLINDRICAL_SURFACE ( 'NONE', #588, 0.3000000000000000999 ) ;
#714 = CARTESIAN_POINT ( 'NONE',  ( 2.300000000000000266, 1.900000000000000133, 1.500000000000000000 ) ) ;
#715 = CARTESIAN_POINT ( 'NONE',  ( 2.250000000000000444, 2.500000000000000444, 1.300000000000000044 ) ) ;
#716 = EDGE_LOOP ( 'NONE', ( #2825, #1720 ) ) ;
#717 = PLANE ( 'NONE',  #2778 ) ;
#718 = DIRECTION ( 'NONE',  ( 1.000000000000000000, 0.000000000000000000, 0.000000000000000000 ) ) ;
#719 = VECTOR ( 'NONE', #124, 1000.000000000000000 ) ;
#720 = LINE ( 'NONE', #2788, #200 ) ;
#721 = VECTOR ( 'NONE', #308, 1000.000000000000000 ) ;
#722 = ADVANCED_FACE ( 'NONE', ( #3227 ), #1695, .F. ) ;
#723 = CARTESIAN_POINT ( 'NONE',  ( -1.000000000000000000, -6.982962677686268288E-15, 1.500000000000000000 ) ) ;
#724 = ORIENTED_EDGE ( 'NONE', *, *, #1641, .F. ) ;
#725 = DIRECTION ( 'NONE',  ( 0.000000000000000000, 0.000000000000000000, 1.000000000000000000 ) ) ;
#726 = CC_DESIGN_SECURITY_CLASSIFICATION ( #1905, ( #1852 ) ) ;
#727 = CARTESIAN_POINT ( 'NONE',  ( -1.000000000000003553, 0.9999999999999931166, 0.9000000000000001332 ) ) ;
#728 = ORIENTED_EDGE ( 'NONE', *, *, #1866, .F. ) ;
#729 = ORIENTED_EDGE ( 'NONE', *, *, #2980, .F. ) ;
#730 = CARTESIAN_POINT ( 'NONE',  ( 0.2999999999999999889, 0.000000000000000000, 1.500000000000000000 ) ) ;
#731 = CIRCLE ( 'NONE', #1590, 0.2499999999999997780 ) ;
#732 = EDGE_CURVE ( 'NONE', #2590, #2623, #168, .T. ) ;
#733 = CARTESIAN_POINT ( 'NONE',  ( 2.500000000000000000, -1.589999999999999636, 2.205096679918780556 ) ) ;
#734 = CYLINDRICAL_SURFACE ( 'NONE', #1704, 0.2499999999999997780 ) ;
#735 = CARTESIAN_POINT ( 'NONE',  ( 0.3199999999999997846, 0.4200000000000002620, 0.000000000000000000 ) ) ;
#736 = VERTEX_POINT ( 'NONE', #430 ) ;
#737 = DIRECTION ( 'NONE',  ( -0.000000000000000000, -0.000000000000000000, -1.000000000000000000 ) ) ;
#738 = VERTEX_POINT ( 'NONE', #3005 ) ;
#739 = CARTESIAN_POINT ( 'NONE',  ( -3.430248998885766570E-15, 1.000000000000000000, 1.500000000000000000 ) ) ;
#740 = EDGE_CURVE ( 'NONE', #1260, #562, #2592, .T. ) ;
#741 = PLANE ( 'NONE',  #298 ) ;
#742 = ORIENTED_EDGE ( 'NONE', *, *, #1914, .T. ) ;
#743 = DIRECTION ( 'NONE',  ( 0.000000000000000000, -0.000000000000000000, 1.000000000000000000 ) ) ;
#744 = FACE_OUTER_BOUND ( 'NONE', #2141, .T. ) ;
#745 = ORIENTED_EDGE ( 'NONE', *, *, #2826, .F. ) ;
#746 = ORIENTED_EDGE ( 'NONE', *, *, #1380, .T. ) ;
#747 = FACE_OUTER_BOUND ( 'NONE', #1947, .T. ) ;
#748 = DIRECTION ( 'NONE',  ( 0.000000000000000000, 0.000000000000000000, -1.000000000000000000 ) ) ;
#749 = CARTESIAN_POINT ( 'NONE',  ( 2.250000000000000444, 2.500000000000000444, 1.500000000000000000 ) ) ;
#750 = ORIENTED_EDGE ( 'NONE', *, *, #981, .F. ) ;
#751 = EDGE_CURVE ( 'NONE', #408, #757, #2310, .T. ) ;
#752 = CARTESIAN_POINT ( 'NONE',  ( 1.900000000000000577, -2.300000000000000266, 1.300000000000000044 ) ) ;
#753 = DIRECTION ( 'NONE',  ( 0.000000000000000000, 0.000000000000000000, 1.000000000000000000 ) ) ;
#754 = DIRECTION ( 'NONE',  ( 0.000000000000000000, -0.000000000000000000, 1.000000000000000000 ) ) ;
#755 = AXIS2_PLACEMENT_3D ( 'NONE', #2729, #2190, #1175 ) ;
#756 = DIRECTION ( 'NONE',  ( -1.000000000000000000, 0.000000000000000000, 0.000000000000000000 ) ) ;
#757 = VERTEX_POINT ( 'NONE', #1452 ) ;
#758 = DIRECTION ( 'NONE',  ( 1.000000000000000000, 0.000000000000000000, -0.000000000000000000 ) ) ;
#759 = AXIS2_PLACEMENT_3D ( 'NONE', #2458, #1965, #148 ) ;
#760 = LINE ( 'NONE', #1025, #3182 ) ;
#761 = ORIENTED_EDGE ( 'NONE', *, *, #1128, .T. ) ;
#762 = ADVANCED_FACE ( 'NONE', ( #3282 ), #1176, .F. ) ;
#763 = VERTEX_POINT ( 'NONE', #676 ) ;
#764 = DIRECTION ( 'NONE',  ( -1.000000000000000000, 1.390002785237816760E-16, -0.000000000000000000 ) ) ;
#765 = ORIENTED_EDGE ( 'NONE', *, *, #488, .F. ) ;
#766 = AXIS2_PLACEMENT_3D ( 'NONE', #1708, #1952, #975 ) ;
#767 = LINE ( 'NONE', #1572, #1666 ) ;
#768 = CARTESIAN_POINT ( 'NONE',  ( -1.299999999999989608, -1.000000000000006883, 0.9000000000000001332 ) ) ;
#769 = CYLINDRICAL_SURFACE ( 'NONE', #1418, 0.2999999999999999334 ) ;
#770 = ORIENTED_EDGE ( 'NONE', *, *, #210, .F. ) ;
#771 = ADVANCED_FACE ( 'NONE', ( #1760 ), #184, .F. ) ;
#772 = AXIS2_PLACEMENT_3D ( 'NONE', #1614, #1339, #2121 ) ;
#773 = CARTESIAN_POINT ( 'NONE',  ( -2.500000000000000000, 0.3199999999999998956, 2.205096679918780556 ) ) ;
#774 = VECTOR ( 'NONE', #701, 1000.000000000000000 ) ;
#775 = VECTOR ( 'NONE', #789, 1000.000000000000000 ) ;
#776 = ORIENTED_EDGE ( 'NONE', *, *, #2574, .F. ) ;
#777 = AXIS2_PLACEMENT_3D ( 'NONE', #2895, #594, #894 ) ;
#778 = LOCAL_TIME ( 14, 31, 51.00000000000000000, #374 ) ;
#779 = DIRECTION ( 'NONE',  ( 1.000000000000000000, 2.032879073410321208E-15, 0.000000000000000000 ) ) ;
#780 = DIRECTION ( 'NONE',  ( 1.000000000000000000, 0.000000000000000000, 0.000000000000000000 ) ) ;
#781 = ORIENTED_EDGE ( 'NONE', *, *, #2327, .F. ) ;
#782 = AXIS2_PLACEMENT_3D ( 'NONE', #2352, #368, #1163 ) ;
#783 = DIRECTION ( 'NONE',  ( 1.000000000000000000, -0.000000000000000000, -0.000000000000000000 ) ) ;
#784 = CARTESIAN_POINT ( 'NONE',  ( 1.329999999999999627, -0.9499999999999996225, 0.1000000000000000056 ) ) ;
#785 = EDGE_CURVE ( 'NONE', #1234, #1751, #1227, .T. ) ;
#786 = DIRECTION ( 'NONE',  ( -0.000000000000000000, 0.000000000000000000, -1.000000000000000000 ) ) ;
#787 = AXIS2_PLACEMENT_3D ( 'NONE', #1560, #1528, #2098 ) ;
#788 = VERTEX_POINT ( 'NONE', #947 ) ;
#789 = DIRECTION ( 'NONE',  ( -0.000000000000000000, -0.000000000000000000, -1.000000000000000000 ) ) ;
#790 = VERTEX_POINT ( 'NONE', #978 ) ;
#791 = PLANE ( 'NONE',  #2663 ) ;
#792 = DIRECTION ( 'NONE',  ( -0.000000000000000000, -0.000000000000000000, -1.000000000000000000 ) ) ;
#793 = DIRECTION ( 'NONE',  ( 0.000000000000000000, 0.000000000000000000, -1.000000000000000000 ) ) ;
#794 = ORIENTED_EDGE ( 'NONE', *, *, #3146, .T. ) ;
#795 = ADVANCED_FACE ( 'NONE', ( #1972 ), #2008, .F. ) ;
#796 = EDGE_CURVE ( 'NONE', #2817, #1687, #1727, .T. ) ;
#797 = CYLINDRICAL_SURFACE ( 'NONE', #3160, 0.2499999999999997780 ) ;
#798 = VERTEX_POINT ( 'NONE', #202 ) ;
#799 = CARTESIAN_POINT ( 'NONE',  ( -2.500000000000000000, -2.500000000000000000, 1.300000000000000044 ) ) ;
#800 = DIRECTION ( 'NONE',  ( -1.303127611160463767E-16, -1.000000000000000000, 0.000000000000000000 ) ) ;
#801 = ORIENTED_EDGE ( 'NONE', *, *, #2312, .F. ) ;
#802 = EDGE_CURVE ( 'NONE', #55, #1465, #2523, .T. ) ;
#803 = LINE ( 'NONE', #1059, #873 ) ;
#804 = VECTOR ( 'NONE', #1265, 1000.000000000000000 ) ;
#805 = EDGE_LOOP ( 'NONE', ( #443, #1521, #2614, #2201 ) ) ;
#806 = VECTOR ( 'NONE', #1936, 1000.000000000000000 ) ;
#807 = CYLINDRICAL_SURFACE ( 'NONE', #977, 0.3999999999999999667 ) ;
#808 = ORIENTED_EDGE ( 'NONE', *, *, #924, .T. ) ;
#809 = VERTEX_POINT ( 'NONE', #3039 ) ;
#810 = CARTESIAN_POINT ( 'NONE',  ( 2.500000000000000000, -2.499999999999999556, 0.000000000000000000 ) ) ;
#811 = ORIENTED_EDGE ( 'NONE', *, *, #492, .F. ) ;
#812 = CARTESIAN_POINT ( 'NONE',  ( 2.250000000000000444, -2.499999999999999556, 1.500000000000000000 ) ) ;
#813 = DIRECTION ( 'NONE',  ( -0.000000000000000000, 0.000000000000000000, -1.000000000000000000 ) ) ;
#814 = CARTESIAN_POINT ( 'NONE',  ( 1.900000000000000577, 2.300000000000000266, 1.300000000000000044 ) ) ;
#815 = ORIENTED_EDGE ( 'NONE', *, *, #1594, .F. ) ;
#816 = AXIS2_PLACEMENT_3D ( 'NONE', #348, #3213, #2941 ) ;
#817 = CARTESIAN_POINT ( 'NONE',  ( -2.499999999999995115, 1.270000000000000018, 1.300000000000000044 ) ) ;
#818 = AXIS2_PLACEMENT_3D ( 'NONE', #2991, #677, #1744 ) ;
#819 = EDGE_LOOP ( 'NONE', ( #1394, #513 ) ) ;
#820 = ORIENTED_EDGE ( 'NONE', *, *, #3139, .F. ) ;
#821 = EDGE_CURVE ( 'NONE', #1758, #213, #1213, .T. ) ;
#822 = DIRECTION ( 'NONE',  ( 0.000000000000000000, 0.000000000000000000, 1.000000000000000000 ) ) ;
#823 = PLANE ( 'NONE',  #242 ) ;
#824 = ORIENTED_EDGE ( 'NONE', *, *, #2879, .F. ) ;
#825 = VECTOR ( 'NONE', #659, 1000.000000000000000 ) ;
#826 = CARTESIAN_POINT ( 'NONE',  ( -2.500000000000003109, -0.3199999999999998956, 0.000000000000000000 ) ) ;
#827 = ADVANCED_FACE ( 'NONE', ( #926 ), #1955, .F. ) ;
#828 = ADVANCED_FACE ( 'NONE', ( #747 ), #2746, .F. ) ;
#829 = CARTESIAN_POINT ( 'NONE',  ( 1.000000000000000000, 0.000000000000000000, 1.500000000000000000 ) ) ;
#830 = CARTESIAN_POINT ( 'NONE',  ( 2.500000000000000000, 2.500000000000000444, 1.300000000000000044 ) ) ;
#831 = ORIENTED_EDGE ( 'NONE', *, *, #1642, .F. ) ;
#832 = CIRCLE ( 'NONE', #782, 0.3199999999999999512 ) ;
#833 = CARTESIAN_POINT ( 'NONE',  ( -0.2497999199359353661, 2.300000000000000266, 1.300000000000000044 ) ) ;
#834 = ORIENTED_EDGE ( 'NONE', *, *, #86, .F. ) ;
#835 = AXIS2_PLACEMENT_3D ( 'NONE', #3288, #966, #718 ) ;
#836 = ORIENTED_EDGE ( 'NONE', *, *, #2018, .F. ) ;
#837 = DIRECTION ( 'NONE',  ( 0.000000000000000000, 0.000000000000000000, -1.000000000000000000 ) ) ;
#838 = DIRECTION ( 'NONE',  ( 1.000000000000000000, 0.000000000000000000, 0.000000000000000000 ) ) ;
#839 = DIRECTION ( 'NONE',  ( -0.000000000000000000, -1.000000000000000000, -0.000000000000000000 ) ) ;
#840 = VERTEX_POINT ( 'NONE', #1990 ) ;
#841 = DIRECTION ( 'NONE',  ( 0.000000000000000000, -0.000000000000000000, -1.000000000000000000 ) ) ;
#842 = CARTESIAN_POINT ( 'NONE',  ( -2.500000000000000000, 2.499999999999999556, 0.000000000000000000 ) ) ;
#843 = CARTESIAN_POINT ( 'NONE',  ( 0.3200000000000000622, -2.499999999999999556, 1.300000000000000044 ) ) ;
#844 = FACE_OUTER_BOUND ( 'NONE', #2313, .T. ) ;
#845 = EDGE_LOOP ( 'NONE', ( #1060, #373 ) ) ;
#846 = ADVANCED_FACE ( 'NONE', ( #3022 ), #713, .F. ) ;
#847 = LINE ( 'NONE', #1989, #2363 ) ;
#848 = CYLINDRICAL_SURFACE ( 'NONE', #985, 0.3999999999999999667 ) ;
#849 = ORIENTED_EDGE ( 'NONE', *, *, #2295, .F. ) ;
#850 = ORIENTED_EDGE ( 'NONE', *, *, #2392, .F. ) ;
#851 = DIRECTION ( 'NONE',  ( 0.000000000000000000, 0.000000000000000000, 1.000000000000000000 ) ) ;
#852 = AXIS2_PLACEMENT_3D ( 'NONE', #2328, #539, #2815 ) ;
#853 = DIRECTION ( 'NONE',  ( -1.000000000000000000, 0.000000000000000000, 0.000000000000000000 ) ) ;
#854 = DIRECTION ( 'NONE',  ( 1.000000000000000000, 0.000000000000000000, 0.000000000000000000 ) ) ;
#855 = VERTEX_POINT ( 'NONE', #1743 ) ;
#856 = AXIS2_PLACEMENT_3D ( 'NONE', #234, #3056, #2466 ) ;
#857 = EDGE_CURVE ( 'NONE', #302, #1763, #2261, .T. ) ;
#858 = DIRECTION ( 'NONE',  ( -1.000000000000000000, 9.266685234918796068E-17, -0.000000000000000000 ) ) ;
#859 = AXIS2_PLACEMENT_3D ( 'NONE', #161, #1686, #668 ) ;
#860 = CARTESIAN_POINT ( 'NONE',  ( 1.300000000000000044, 0.000000000000000000, 0.9000000000000001332 ) ) ;
#861 = DIRECTION ( 'NONE',  ( 0.000000000000000000, 0.000000000000000000, 1.000000000000000000 ) ) ;
#862 = VERTEX_POINT ( 'NONE', #2561 ) ;
#863 = LINE ( 'NONE', #1681, #137 ) ;
#864 = ORIENTED_EDGE ( 'NONE', *, *, #20, .F. ) ;
#865 = EDGE_LOOP ( 'NONE', ( #1376, #2101, #42, #2411 ) ) ;
#867 = CARTESIAN_POINT ( 'NONE',  ( -2.500000000000003109, -0.3199999999999998956, 0.1000000000000000056 ) ) ;
#866 = CIRCLE ( 'NONE', #2551, 0.3199999999999999512 ) ;
#868 = PRODUCT_RELATED_PRODUCT_CATEGORY ( 'detail', '', ( #1409 ) ) ;
#869 = VECTOR ( 'NONE', #940, 1000.000000000000000 ) ;
#870 = DIRECTION ( 'NONE',  ( -0.000000000000000000, -0.000000000000000000, -1.000000000000000000 ) ) ;
#871 = VERTEX_POINT ( 'NONE', #2296 ) ;
#872 = ORIENTED_EDGE ( 'NONE', *, *, #1518, .T. ) ;
#873 = VECTOR ( 'NONE', #3104, 1000.000000000000000 ) ;
#874 = CARTESIAN_POINT ( 'NONE',  ( -2.500000000000000000, -2.500000000000000000, 0.000000000000000000 ) ) ;
#875 = CIRCLE ( 'NONE', #1795, 0.3199999999999999512 ) ;
#876 = ADVANCED_FACE ( 'NONE', ( #1 ), #253, .F. ) ;
#877 = CARTESIAN_POINT ( 'NONE',  ( 2.500000000000000000, -2.499999999999999556, 1.300000000000000044 ) ) ;
#878 = DIRECTION ( 'NONE',  ( 0.000000000000000000, 0.000000000000000000, 1.000000000000000000 ) ) ;
#879 = FACE_OUTER_BOUND ( 'NONE', #2993, .T. ) ;
#880 = ORIENTED_EDGE ( 'NONE', *, *, #2856, .T. ) ;
#881 = ORGANIZATION ( 'UNSPECIFIED', 'UNSPECIFIED', '' ) ;
#882 = CARTESIAN_POINT ( 'NONE',  ( 2.300000000000000266, 0.2497999199359357825, 1.300000000000000044 ) ) ;
#883 = EDGE_CURVE ( 'NONE', #1247, #2899, #1774, .T. ) ;
#884 = EDGE_LOOP ( 'NONE', ( #615, #1141, #2150, #2045 ) ) ;
#885 = AXIS2_PLACEMENT_3D ( 'NONE', #739, #2549, #420 ) ;
#886 = CARTESIAN_POINT ( 'NONE',  ( 2.499999999999988454, -0.9499999999999996225, 0.1000000000000000056 ) ) ;
#887 = ORIENTED_EDGE ( 'NONE', *, *, #2943, .T. ) ;
#888 = DATE_AND_TIME ( #1636, #3101 ) ;
#889 = VERTEX_POINT ( 'NONE', #1872 ) ;
#890 = CIRCLE ( 'NONE', #2678, 0.2999999999999999334 ) ;
#891 = CARTESIAN_POINT ( 'NONE',  ( 2.300000000000000266, -2.300000000000000266, 1.300000000000000044 ) ) ;
#892 = CARTESIAN_POINT ( 'NONE',  ( 0.000000000000000000, 0.000000000000000000, 0.1000000000000000056 ) ) ;
#893 = FACE_OUTER_BOUND ( 'NONE', #76, .T. ) ;
#894 = DIRECTION ( 'NONE',  ( 1.000000000000000000, -9.266685234918796068E-17, 0.000000000000000000 ) ) ;
#895 = ORIENTED_EDGE ( 'NONE', *, *, #2662, .F. ) ;
#896 = EDGE_CURVE ( 'NONE', #2882, #213, #1724, .T. ) ;
#897 = DIRECTION ( 'NONE',  ( 1.000000000000000000, 8.673617379884035472E-17, -0.000000000000000000 ) ) ;
#898 = ORIENTED_EDGE ( 'NONE', *, *, #3075, .F. ) ;
#899 = DIRECTION ( 'NONE',  ( 1.000000000000000000, 0.000000000000000000, 0.000000000000000000 ) ) ;
#900 = EDGE_CURVE ( 'NONE', #2630, #2955, #2151, .T. ) ;
#901 = FACE_OUTER_BOUND ( 'NONE', #237, .T. ) ;
#902 = ORIENTED_EDGE ( 'NONE', *, *, #2847, .F. ) ;
#903 = APPROVAL_STATUS ( 'not_yet_approved' ) ;
#904 = ORIENTED_EDGE ( 'NONE', *, *, #2126, .T. ) ;
#905 = AXIS2_PLACEMENT_3D ( 'NONE', #999, #2485, #2781 ) ;
#906 = ADVANCED_FACE ( 'NONE', ( #693 ), #447, .T. ) ;
#907 = CARTESIAN_POINT ( 'NONE',  ( 2.500000000000000000, -2.499999999999999556, 1.300000000000000044 ) ) ;
#908 = PLANE ( 'NONE',  #2862 ) ;
#909 = EDGE_CURVE ( 'NONE', #3239, #679, #2388, .T. ) ;
#910 = DIRECTION ( 'NONE',  ( -0.000000000000000000, -1.000000000000000000, -0.000000000000000000 ) ) ;
#911 = ORIENTED_EDGE ( 'NONE', *, *, #1756, .T. ) ;
#912 = AXIS2_PLACEMENT_3D ( 'NONE', #1848, #585, #1616 ) ;
#913 = DIRECTION ( 'NONE',  ( -0.000000000000000000, 0.000000000000000000, -1.000000000000000000 ) ) ;
#914 = LINE ( 'NONE', #1166, #2220 ) ;
#915 = DIRECTION ( 'NONE',  ( 0.000000000000000000, 0.000000000000000000, 1.000000000000000000 ) ) ;
#916 = CARTESIAN_POINT ( 'NONE',  ( -0.7000000000000036193, 0.9999999999999931166, 1.500000000000000000 ) ) ;
#917 = ORIENTED_EDGE ( 'NONE', *, *, #2194, .T. ) ;
#918 =( NAMED_UNIT ( * ) SI_UNIT ( $, .STERADIAN. ) SOLID_ANGLE_UNIT ( ) );
#919 = VERTEX_POINT ( 'NONE', #961 ) ;
#920 = VECTOR ( 'NONE', #2832, 1000.000000000000000 ) ;
#921 = ADVANCED_FACE ( 'NONE', ( #355 ), #2206, .F. ) ;
#922 = ORIENTED_EDGE ( 'NONE', *, *, #1884, .T. ) ;
#923 = AXIS2_PLACEMENT_3D ( 'NONE', #2624, #2587, #521 ) ;
#924 = EDGE_CURVE ( 'NONE', #2193, #1303, #1726, .T. ) ;
#925 = DIRECTION ( 'NONE',  ( 0.000000000000000000, 1.000000000000000000, 0.000000000000000000 ) ) ;
#926 = FACE_OUTER_BOUND ( 'NONE', #1046, .T. ) ;
#927 = DIRECTION ( 'NONE',  ( 1.000000000000000000, 3.552713678800500140E-15, 0.000000000000000000 ) ) ;
#928 = AXIS2_PLACEMENT_3D ( 'NONE', #2949, #2195, #370 ) ;
#929 = CARTESIAN_POINT ( 'NONE',  ( -2.250000000000000444, 2.499999999999999556, 1.500000000000000000 ) ) ;
#930 = ORIENTED_EDGE ( 'NONE', *, *, #3162, .T. ) ;
#931 = EDGE_CURVE ( 'NONE', #1039, #2584, #1192, .T. ) ;
#932 = LINE ( 'NONE', #2231, #2007 ) ;
#933 = DIRECTION ( 'NONE',  ( 1.000000000000000000, 0.000000000000000000, -0.000000000000000000 ) ) ;
#934 = AXIS2_PLACEMENT_3D ( 'NONE', #2508, #2544, #2263 ) ;
#935 = CARTESIAN_POINT ( 'NONE',  ( 2.500000000000000000, -2.250000000000000000, 0.000000000000000000 ) ) ;
#936 = EDGE_CURVE ( 'NONE', #991, #2026, #1212, .T. ) ;
#937 = DIRECTION ( 'NONE',  ( 1.000000000000000000, 0.000000000000000000, 0.000000000000000000 ) ) ;
#938 = ORIENTED_EDGE ( 'NONE', *, *, #2998, .F. ) ;
#939 = APPROVAL_DATE_TIME ( #114, #2419 ) ;
#940 = DIRECTION ( 'NONE',  ( -1.000000000000000000, 1.853337046983760693E-16, -0.000000000000000000 ) ) ;
#941 = VERTEX_POINT ( 'NONE', #2913 ) ;
#942 = ORIENTED_EDGE ( 'NONE', *, *, #325, .T. ) ;
#943 = AXIS2_PLACEMENT_3D ( 'NONE', #2852, #258, #527 ) ;
#944 = DIRECTION ( 'NONE',  ( 0.000000000000000000, 0.000000000000000000, 1.000000000000000000 ) ) ;
#945 = EDGE_CURVE ( 'NONE', #2623, #2929, #847, .T. ) ;
#946 = DIRECTION ( 'NONE',  ( -0.000000000000000000, 1.000000000000000000, -0.000000000000000000 ) ) ;
#947 = CARTESIAN_POINT ( 'NONE',  ( -2.500000000000000000, -0.9500000000000000666, 0.000000000000000000 ) ) ;
#948 = CARTESIAN_POINT ( 'NONE',  ( -2.499999999999995115, 1.270000000000000018, 1.300000000000000044 ) ) ;
#949 = ORIENTED_EDGE ( 'NONE', *, *, #1013, .F. ) ;
#950 = DIRECTION ( 'NONE',  ( 1.000000000000000000, 0.000000000000000000, -0.000000000000000000 ) ) ;
#951 = EDGE_LOOP ( 'NONE', ( #2777, #1835, #1770, #1329 ) ) ;
#952 = EDGE_CURVE ( 'NONE', #3151, #1467, #640, .T. ) ;
#953 = CARTESIAN_POINT ( 'NONE',  ( -2.300000000000000266, 1.899999999999997691, 1.500000000000000000 ) ) ;
#954 = CARTESIAN_POINT ( 'NONE',  ( 2.300000000000000266, -2.300000000000000266, 1.300000000000000044 ) ) ;
#955 = ORIENTED_EDGE ( 'NONE', *, *, #2692, .T. ) ;
#956 = ORIENTED_EDGE ( 'NONE', *, *, #2170, .F. ) ;
#957 = FACE_OUTER_BOUND ( 'NONE', #3074, .T. ) ;
#958 = VERTEX_POINT ( 'NONE', #2405 ) ;
#959 = PLANE ( 'NONE',  #601 ) ;
#960 = AXIS2_PLACEMENT_3D ( 'NONE', #2163, #3196, #135 ) ;
#961 = CARTESIAN_POINT ( 'NONE',  ( -0.2999999999999999889, 3.673940397442058882E-17, 0.9000000000000001332 ) ) ;
#962 = DIRECTION ( 'NONE',  ( -1.000000000000000000, 0.000000000000000000, 0.000000000000000000 ) ) ;
#963 = FACE_OUTER_BOUND ( 'NONE', #3275, .T. ) ;
#964 = ORIENTED_EDGE ( 'NONE', *, *, #181, .F. ) ;
#965 = DIRECTION ( 'NONE',  ( -1.000000000000000000, -1.734723475976807094E-16, 0.000000000000000000 ) ) ;
#966 = DIRECTION ( 'NONE',  ( 0.000000000000000000, 0.000000000000000000, 1.000000000000000000 ) ) ;
#967 = DIRECTION ( 'NONE',  ( 1.000000000000000000, -0.000000000000000000, -0.000000000000000000 ) ) ;
#968 = VECTOR ( 'NONE', #1122, 1000.000000000000000 ) ;
#969 = LINE ( 'NONE', #1999, #2930 ) ;
#970 = EDGE_LOOP ( 'NONE', ( #1984, #2264 ) ) ;
#971 = CARTESIAN_POINT ( 'NONE',  ( 0.000000000000000000, 0.000000000000000000, 1.300000000000000044 ) ) ;
#972 = EDGE_CURVE ( 'NONE', #707, #1085, #2226, .T. ) ;
#973 = CARTESIAN_POINT ( 'NONE',  ( 0.000000000000000000, 0.000000000000000000, 1.500000000000000000 ) ) ;
#974 = ORIENTED_EDGE ( 'NONE', *, *, #2503, .T. ) ;
#975 = DIRECTION ( 'NONE',  ( 1.000000000000000000, 1.776356839400250070E-15, 0.000000000000000000 ) ) ;
#976 = VECTOR ( 'NONE', #1923, 1000.000000000000000 ) ;
#977 = AXIS2_PLACEMENT_3D ( 'NONE', #64, #793, #586 ) ;
#978 = CARTESIAN_POINT ( 'NONE',  ( 1.329999999999999849, 0.3200000000000003397, 0.1000000000000000056 ) ) ;
#979 = CARTESIAN_POINT ( 'NONE',  ( -1.329999999999994298, 0.9499999999999999556, 0.1000000000000000056 ) ) ;
#981 = EDGE_CURVE ( 'NONE', #1671, #1031, #656, .T. ) ;
#980 = DIRECTION ( 'NONE',  ( 1.000000000000000000, 0.000000000000000000, 0.000000000000000000 ) ) ;
#982 = ORIENTED_EDGE ( 'NONE', *, *, #1272, .F. ) ;
#983 = DIRECTION ( 'NONE',  ( 0.000000000000000000, 0.000000000000000000, 1.000000000000000000 ) ) ;
#984 = ORIENTED_EDGE ( 'NONE', *, *, #3048, .F. ) ;
#985 = AXIS2_PLACEMENT_3D ( 'NONE', #1873, #473, #486 ) ;
#986 = CLOSED_SHELL ( 'NONE', ( #996, #2266, #2303, #1080, #1825, #1709, #699, #1536, #3176, #211, #1921, #480, #1859, #828, #106, #2905, #1292, #1298, #507, #3286, #522, #1262, #1798, #2846, #2046, #2178, #2473, #1108, #3156, #2969, #2636, #653, #346, #1963, #3258, #2083, #1389, #3329, #2109, #1601, #1327, #2112, #1043, #2810, #1027, #1172, #1447, #1058, #1225, #3052, #2489, #722, #2497, #3080, #1882, #2722, #1846, #846, #3003, #1427, #690, #1532, #1986, #795, #2205, #1672, #1232, #1457, #58, #1097, #2710, #1783, #762, #350, #876, #364, #1790, #2399, #3198, #1898, #686, #102, #2430, #1397, #906, #2426, #1753, #453, #1935, #1320, #248, #2208, #3132, #2142, #1284, #2522, #2198, #3279, #238, #2872, #389, #172, #1831, #1869, #3301, #2932, #827, #149, #422, #921, #771, #1283 ) ) ;
#987 = DIRECTION ( 'NONE',  ( 0.000000000000000000, 0.000000000000000000, 1.000000000000000000 ) ) ;
#988 = EDGE_CURVE ( 'NONE', #178, #1542, #2536, .T. ) ;
#989 = AXIS2_PLACEMENT_3D ( 'NONE', #2269, #2739, #1202 ) ;
#990 = LINE ( 'NONE', #1718, #2221 ) ;
#991 = VERTEX_POINT ( 'NONE', #336 ) ;
#992 = ORIENTED_EDGE ( 'NONE', *, *, #405, .T. ) ;
#993 = DIRECTION ( 'NONE',  ( 0.000000000000000000, -0.000000000000000000, 1.000000000000000000 ) ) ;
#994 = ORIENTED_EDGE ( 'NONE', *, *, #198, .T. ) ;
#995 = ORIENTED_EDGE ( 'NONE', *, *, #1553, .T. ) ;
#996 = ADVANCED_FACE ( 'NONE', ( #596 ), #201, .F. ) ;
#997 = AXIS2_PLACEMENT_3D ( 'NONE', #1878, #95, #144 ) ;
#998 = VECTOR ( 'NONE', #1301, 1000.000000000000000 ) ;
#999 = CARTESIAN_POINT ( 'NONE',  ( 2.500000000000000000, 2.500000000000000444, 1.500000000000000000 ) ) ;
#1000 = CARTESIAN_POINT ( 'NONE',  ( 0.3200000000000000622, -2.500000000000001776, 0.000000000000000000 ) ) ;
#1001 = ORIENTED_EDGE ( 'NONE', *, *, #1618, .F. ) ;
#1002 = CARTESIAN_POINT ( 'NONE',  ( 2.500000000000000000, -2.499999999999999556, 1.300000000000000044 ) ) ;
#1003 = DIRECTION ( 'NONE',  ( 0.000000000000000000, 1.000000000000000000, -0.000000000000000000 ) ) ;
#1004 = CARTESIAN_POINT ( 'NONE',  ( -3.430248998885766570E-15, 1.000000000000000000, 0.9000000000000001332 ) ) ;
#1005 = EDGE_CURVE ( 'NONE', #2685, #245, #3226, .T. ) ;
#1006 = DIRECTION ( 'NONE',  ( 0.000000000000000000, 0.000000000000000000, 1.000000000000000000 ) ) ;
#1007 = ORIENTED_EDGE ( 'NONE', *, *, #1807, .T. ) ;
#1008 = CARTESIAN_POINT ( 'NONE',  ( -2.500000000000000000, -0.3199999999999998956, 1.300000000000000044 ) ) ;
#1009 = VERTEX_POINT ( 'NONE', #675 ) ;
#1010 = ORIENTED_EDGE ( 'NONE', *, *, #2860, .T. ) ;
#1011 = CARTESIAN_POINT ( 'NONE',  ( -2.500000000000000000, -2.500000000000000000, 1.500000000000000000 ) ) ;
#1012 = DIRECTION ( 'NONE',  ( 1.000000000000000000, -1.853337046983759214E-16, 0.000000000000000000 ) ) ;
#1013 = EDGE_CURVE ( 'NONE', #213, #1303, #1710, .T. ) ;
#1014 = DIRECTION ( 'NONE',  ( 1.000000000000000000, 0.000000000000000000, 0.000000000000000000 ) ) ;
#1015 = VERTEX_POINT ( 'NONE', #2484 ) ;
#1016 = CIRCLE ( 'NONE', #852, 0.3999999999999999667 ) ;
#1017 = DIRECTION ( 'NONE',  ( -0.000000000000000000, -1.000000000000000000, -0.000000000000000000 ) ) ;
#1018 = CARTESIAN_POINT ( 'NONE',  ( 2.500000000000000000, 0.3200000000000003397, 0.09999999999999982514 ) ) ;
#1019 = EDGE_CURVE ( 'NONE', #2776, #1335, #182, .T. ) ;
#1020 = CARTESIAN_POINT ( 'NONE',  ( 2.500000000000004441, 1.270000000000000462, 1.300000000000000044 ) ) ;
#1021 = ORIENTED_EDGE ( 'NONE', *, *, #1249, .T. ) ;
#1022 = AXIS2_PLACEMENT_3D ( 'NONE', #1011, #2089, #3121 ) ;
#1023 = DIRECTION ( 'NONE',  ( 1.000000000000000000, 0.000000000000000000, 0.000000000000000000 ) ) ;
#1024 = ORIENTED_EDGE ( 'NONE', *, *, #2274, .F. ) ;
#1025 = CARTESIAN_POINT ( 'NONE',  ( -2.300000000000000266, -2.300000000000000266, 1.300000000000000044 ) ) ;
#1026 = ORIENTED_EDGE ( 'NONE', *, *, #1771, .T. ) ;
#1027 = ADVANCED_FACE ( 'NONE', ( #3087, #2259, #1769, #2307, #231, #3327, #3017, #2779, #1239, #265 ), #1551, .T. ) ;
#1028 = CARTESIAN_POINT ( 'NONE',  ( 2.500000000000005773, 1.590000000000000524, 0.000000000000000000 ) ) ;
#1029 = CIRCLE ( 'NONE', #2923, 0.3200000000000000622 ) ;
#1030 = CARTESIAN_POINT ( 'NONE',  ( 2.500000000000000000, -0.9499999999999996225, 1.300000000000000044 ) ) ;
#1031 = VERTEX_POINT ( 'NONE', #2827 ) ;
#1032 = VECTOR ( 'NONE', #858, 1000.000000000000000 ) ;
#1033 = PLANE ( 'NONE',  #1871 ) ;
#1034 = DIRECTION ( 'NONE',  ( -1.000000000000000000, 0.000000000000000000, 0.000000000000000000 ) ) ;
#1035 = CARTESIAN_POINT ( 'NONE',  ( -2.499999999999995115, 1.270000000000000018, 1.300000000000000044 ) ) ;
#1036 = ORIENTED_EDGE ( 'NONE', *, *, #2130, .F. ) ;
#1037 = VECTOR ( 'NONE', #3217, 1000.000000000000000 ) ;
#1038 = CARTESIAN_POINT ( 'NONE',  ( 1.041321167657203407E-14, -1.000000000000000000, 1.500000000000000000 ) ) ;
#1039 = VERTEX_POINT ( 'NONE', #1008 ) ;
#1040 = LINE ( 'NONE', #2871, #296 ) ;
#1041 = AXIS2_PLACEMENT_3D ( 'NONE', #2571, #493, #1255 ) ;
#1042 = EDGE_CURVE ( 'NONE', #2987, #2453, #709, .T. ) ;
#1043 = ADVANCED_FACE ( 'NONE', ( #1519 ), #1983, .F. ) ;
#1044 = FACE_OUTER_BOUND ( 'NONE', #1486, .T. ) ;
#1045 = FACE_OUTER_BOUND ( 'NONE', #2669, .T. ) ;
#1046 = EDGE_LOOP ( 'NONE', ( #1768, #580, #1612, #1007 ) ) ;
#1047 = CIRCLE ( 'NONE', #1693, 0.2499999999999997780 ) ;
#1048 = CARTESIAN_POINT ( 'NONE',  ( 1.900000000000000355, -1.900000000000000355, 1.300000000000000044 ) ) ;
#1049 = CARTESIAN_POINT ( 'NONE',  ( -0.2999999999999999889, 3.673940397442058882E-17, 0.9000000000000001332 ) ) ;
#1050 = EDGE_CURVE ( 'NONE', #1009, #1139, #1179, .T. ) ;
#1051 = ORIENTED_EDGE ( 'NONE', *, *, #1147, .T. ) ;
#1052 = AXIS2_PLACEMENT_3D ( 'NONE', #226, #1496, #1460 ) ;
#1053 = DIRECTION ( 'NONE',  ( -0.000000000000000000, 0.000000000000000000, -1.000000000000000000 ) ) ;
#1054 = CARTESIAN_POINT ( 'NONE',  ( -2.500000000000000000, 2.250000000000000000, 0.000000000000000000 ) ) ;
#1055 = DIRECTION ( 'NONE',  ( 0.000000000000000000, 0.000000000000000000, -1.000000000000000000 ) ) ;
#1056 = AXIS2_PLACEMENT_3D ( 'NONE', #1347, #1083, #1099 ) ;
#1057 = ORIENTED_EDGE ( 'NONE', *, *, #20, .T. ) ;
#1058 = ADVANCED_FACE ( 'NONE', ( #2054 ), #2844, .F. ) ;
#1059 = CARTESIAN_POINT ( 'NONE',  ( -2.300000000000000266, -2.300000000000000266, 1.500000000000000000 ) ) ;
#1060 = ORIENTED_EDGE ( 'NONE', *, *, #2463, .F. ) ;
#1061 = CARTESIAN_POINT ( 'NONE',  ( 0.000000000000000000, 0.000000000000000000, 0.1000000000000000056 ) ) ;
#1062 = CARTESIAN_POINT ( 'NONE',  ( 2.300000000000000266, 2.300000000000000266, 1.300000000000000044 ) ) ;
#1063 = DIRECTION ( 'NONE',  ( 0.000000000000000000, 0.000000000000000000, 1.000000000000000000 ) ) ;
#1064 = ORIENTED_EDGE ( 'NONE', *, *, #544, .F. ) ;
#1065 = ORIENTED_EDGE ( 'NONE', *, *, #247, .T. ) ;
#1066 = ORIENTED_EDGE ( 'NONE', *, *, #3224, .F. ) ;
#1067 = DIRECTION ( 'NONE',  ( -0.000000000000000000, -0.000000000000000000, -1.000000000000000000 ) ) ;
#1068 = DIRECTION ( 'NONE',  ( 0.000000000000000000, 0.000000000000000000, 1.000000000000000000 ) ) ;
#1069 = EDGE_CURVE ( 'NONE', #3105, #3184, #538, .T. ) ;
#1070 = ORIENTED_EDGE ( 'NONE', *, *, #1311, .F. ) ;
#1071 = CYLINDRICAL_SURFACE ( 'NONE', #1745, 0.2999999999999999334 ) ;
#1072 = VECTOR ( 'NONE', #1017, 1000.000000000000000 ) ;
#1073 = AXIS2_PLACEMENT_3D ( 'NONE', #1694, #2649, #3004 ) ;
#1074 = DIRECTION ( 'NONE',  ( -1.000000000000000000, 0.000000000000000000, 0.000000000000000000 ) ) ;
#1075 = CARTESIAN_POINT ( 'NONE',  ( 1.900000000000000355, -2.300000000000000266, 1.500000000000000000 ) ) ;
#1076 = CARTESIAN_POINT ( 'NONE',  ( 1.900000000000000577, -2.300000000000000266, 1.500000000000000000 ) ) ;
#1077 = EDGE_CURVE ( 'NONE', #2850, #941, #760, .T. ) ;
#1078 = EDGE_LOOP ( 'NONE', ( #3330, #433, #1851, #3305, #994, #1620, #460, #1777 ) ) ;
#1079 = CC_DESIGN_DATE_AND_TIME_ASSIGNMENT ( #1655, #2690, ( #1905 ) ) ;
#1080 = ADVANCED_FACE ( 'NONE', ( #3277 ), #2575, .F. ) ;
#1081 = DIRECTION ( 'NONE',  ( 0.000000000000000000, -1.000000000000000000, 0.000000000000000000 ) ) ;
#1082 = DIRECTION ( 'NONE',  ( 1.000000000000000000, 0.000000000000000000, 0.000000000000000000 ) ) ;
#1083 = DIRECTION ( 'NONE',  ( -1.000000000000000000, 0.000000000000000000, 0.000000000000000000 ) ) ;
#1084 = CARTESIAN_POINT ( 'NONE',  ( 1.329999999999999849, -0.3199999999999995071, 0.1000000000000000056 ) ) ;
#1085 = VERTEX_POINT ( 'NONE', #3053 ) ;
#1086 = VECTOR ( 'NONE', #1278, 1000.000000000000000 ) ;
#1087 = CARTESIAN_POINT ( 'NONE',  ( -1.000000000000003553, 0.9999999999999931166, 0.9000000000000001332 ) ) ;
#1088 = EDGE_LOOP ( 'NONE', ( #824, #834, #1374, #2768 ) ) ;
#1089 = EDGE_LOOP ( 'NONE', ( #2628, #1422, #2353, #3069, #2811 ) ) ;
#1090 = CYLINDRICAL_SURFACE ( 'NONE', #1529, 0.3199999999999999512 ) ;
#1091 = DIRECTION ( 'NONE',  ( 1.000000000000000000, -8.881784197001250351E-16, 0.000000000000000000 ) ) ;
#1092 = DIRECTION ( 'NONE',  ( -1.000000000000000000, 0.000000000000000000, 0.000000000000000000 ) ) ;
#1093 = CIRCLE ( 'NONE', #1252, 0.2999999999999999334 ) ;
#1094 = ORIENTED_EDGE ( 'NONE', *, *, #2374, .F. ) ;
#1095 = VECTOR ( 'NONE', #2992, 1000.000000000000000 ) ;
#1096 = CARTESIAN_POINT ( 'NONE',  ( 2.300000000000000266, 2.300000000000000266, 1.500000000000000000 ) ) ;
#1097 = ADVANCED_FACE ( 'NONE', ( #744 ), #3311, .F. ) ;
#1098 = LINE ( 'NONE', #1907, #1822 ) ;
#1099 = DIRECTION ( 'NONE',  ( 0.000000000000000000, 0.000000000000000000, 1.000000000000000000 ) ) ;
#1100 = CARTESIAN_POINT ( 'NONE',  ( -2.500000000000000000, -1.590000000000000080, 0.1000000000000000056 ) ) ;
#1101 = ORIENTED_EDGE ( 'NONE', *, *, #1502, .T. ) ;
#1102 = CARTESIAN_POINT ( 'NONE',  ( 0.000000000000000000, 0.000000000000000000, 0.1000000000000000056 ) ) ;
#1103 = CARTESIAN_POINT ( 'NONE',  ( 0.000000000000000000, 0.000000000000000000, 0.000000000000000000 ) ) ;
#1104 = ORIENTED_EDGE ( 'NONE', *, *, #1328, .F. ) ;
#1105 = CIRCLE ( 'NONE', #1428, 0.2999999999999999334 ) ;
#1106 = ORIENTED_EDGE ( 'NONE', *, *, #2337, .F. ) ;
#1107 = CARTESIAN_POINT ( 'NONE',  ( 1.000000000000000000, 0.000000000000000000, 0.9000000000000001332 ) ) ;
#1108 = ADVANCED_FACE ( 'NONE', ( #957 ), #249, .T. ) ;
#1109 = CARTESIAN_POINT ( 'NONE',  ( 2.500000000000000000, -2.499999999999999556, 1.300000000000000044 ) ) ;
#1110 = VERTEX_POINT ( 'NONE', #343 ) ;
#1111 = CARTESIAN_POINT ( 'NONE',  ( 1.330000000000000071, 0.9500000000000005107, 0.1000000000000000056 ) ) ;
#1112 = EDGE_CURVE ( 'NONE', #1864, #3255, #602, .T. ) ;
#1113 = CARTESIAN_POINT ( 'NONE',  ( 2.499999999999987121, -1.269999999999999574, 1.300000000000000044 ) ) ;
#1114 = DIRECTION ( 'NONE',  ( 1.000000000000000000, 0.000000000000000000, 0.000000000000000000 ) ) ;
#1115 = CARTESIAN_POINT ( 'NONE',  ( 0.000000000000000000, 0.000000000000000000, 1.500000000000000000 ) ) ;
#1116 = VERTEX_POINT ( 'NONE', #1832 ) ;
#1117 = DIRECTION ( 'NONE',  ( 1.000000000000000000, 0.000000000000000000, 0.000000000000000000 ) ) ;
#1118 = VERTEX_POINT ( 'NONE', #79 ) ;
#1119 = EDGE_LOOP ( 'NONE', ( #1804, #794, #815, #290, #2116, #2033, #2823, #1740, #995, #2404 ) ) ;
#1120 = CARTESIAN_POINT ( 'NONE',  ( 2.300000000000000266, -2.300000000000000266, 1.300000000000000044 ) ) ;
#1121 = AXIS2_PLACEMENT_3D ( 'NONE', #842, #333, #1867 ) ;
#1122 = DIRECTION ( 'NONE',  ( -1.000000000000000000, 1.853337046983760693E-16, -0.000000000000000000 ) ) ;
#1123 = ORIENTED_EDGE ( 'NONE', *, *, #1333, .F. ) ;
#1124 = PERSON_AND_ORGANIZATION ( #2789, #881 ) ;
#1125 = EDGE_LOOP ( 'NONE', ( #820, #314, #632, #266, #2638, #1814 ) ) ;
#1126 = CARTESIAN_POINT ( 'NONE',  ( -0.9999999999999895639, -1.000000000000006883, 0.9000000000000001332 ) ) ;
#1127 = VECTOR ( 'NONE', #1411, 1000.000000000000000 ) ;
#1128 = EDGE_CURVE ( 'NONE', #1682, #302, #2375, .T. ) ;
#1129 = CARTESIAN_POINT ( 'NONE',  ( -1.329999999999995186, -0.3200000000000000622, 0.1000000000000000056 ) ) ;
#1130 = DIRECTION ( 'NONE',  ( 1.000000000000000000, 0.000000000000000000, 0.000000000000000000 ) ) ;
#1131 = VERTEX_POINT ( 'NONE', #30 ) ;
#1132 = CARTESIAN_POINT ( 'NONE',  ( -2.500000000000000000, 2.250000000000000000, 1.500000000000000000 ) ) ;
#1133 = ORIENTED_EDGE ( 'NONE', *, *, #2588, .T. ) ;
#1135 = PLANE ( 'NONE',  #1484 ) ;
#1134 = VECTOR ( 'NONE', #18, 1000.000000000000000 ) ;
#1136 = PRODUCT_DEFINITION_SHAPE ( 'NONE', 'NONE',  #218 ) ;
#1137 = VECTOR ( 'NONE', #1599, 1000.000000000000000 ) ;
#1138 = FACE_OUTER_BOUND ( 'NONE', #2620, .T. ) ;
#1139 = VERTEX_POINT ( 'NONE', #552 ) ;
#1140 = APPROVAL_ROLE ( '' ) ;
#1141 = ORIENTED_EDGE ( 'NONE', *, *, #427, .T. ) ;
#1142 = EDGE_CURVE ( 'NONE', #3237, #2335, #2427, .T. ) ;
#1143 = AXIS2_PLACEMENT_3D ( 'NONE', #1800, #2840, #1828 ) ;
#1144 = LINE ( 'NONE', #365, #2606 ) ;
#1145 = DIRECTION ( 'NONE',  ( -0.000000000000000000, -0.000000000000000000, -1.000000000000000000 ) ) ;
#1146 = VECTOR ( 'NONE', #27, 1000.000000000000000 ) ;
#1147 = EDGE_CURVE ( 'NONE', #1039, #2933, #2123, .T. ) ;
#1148 = CIRCLE ( 'NONE', #1645, 0.3199999999999999512 ) ;
#1149 = PLANE ( 'NONE',  #1930 ) ;
#1150 = CC_DESIGN_PERSON_AND_ORGANIZATION_ASSIGNMENT ( #1432, #2461, ( #218 ) ) ;
#1151 = DIRECTION ( 'NONE',  ( 0.000000000000000000, 0.000000000000000000, 1.000000000000000000 ) ) ;
#1152 = EDGE_LOOP ( 'NONE', ( #477, #742, #1475, #180 ) ) ;
#1153 = LINE ( 'NONE', #2436, #1304 ) ;
#1154 = ORIENTED_EDGE ( 'NONE', *, *, #2599, .T. ) ;
#1155 = DIRECTION ( 'NONE',  ( 0.000000000000000000, -0.000000000000000000, 1.000000000000000000 ) ) ;
#1156 = CIRCLE ( 'NONE', #885, 0.3000000000000000999 ) ;
#1157 = PLANE ( 'NONE',  #2650 ) ;
#1158 = EDGE_LOOP ( 'NONE', ( #2698, #3173, #1406, #984, #1821, #849, #1689, #104 ) ) ;
#1159 =( LENGTH_UNIT ( ) NAMED_UNIT ( * ) SI_UNIT ( .MILLI., .METRE. ) );
#1160 = ORIENTED_EDGE ( 'NONE', *, *, #2919, .T. ) ;
#1161 = CARTESIAN_POINT ( 'NONE',  ( -1.329999999999995186, -0.9500000000000005107, 0.1000000000000000056 ) ) ;
#1162 = LINE ( 'NONE', #1937, #3177 ) ;
#1163 = DIRECTION ( 'NONE',  ( -1.000000000000000000, 0.000000000000000000, 0.000000000000000000 ) ) ;
#1164 = ORIENTED_EDGE ( 'NONE', *, *, #1571, .F. ) ;
#1165 = DIRECTION ( 'NONE',  ( -0.000000000000000000, -0.000000000000000000, -1.000000000000000000 ) ) ;
#1166 = CARTESIAN_POINT ( 'NONE',  ( -2.500000000000003109, 0.3200000000000003397, 0.1000000000000000056 ) ) ;
#1167 = EDGE_CURVE ( 'NONE', #2682, #1920, #2358, .T. ) ;
#1168 = CARTESIAN_POINT ( 'NONE',  ( 0.3200000000000000622, 2.500000000000000000, 1.300000000000000044 ) ) ;
#1169 = CARTESIAN_POINT ( 'NONE',  ( 0.3200000000000000622, -1.269999999999999574, 0.1000000000000000056 ) ) ;
#1170 = EDGE_LOOP ( 'NONE', ( #197, #831, #2460, #232, #2559 ) ) ;
#1171 = VERTEX_POINT ( 'NONE', #1358 ) ;
#1172 = ADVANCED_FACE ( 'NONE', ( #1044 ), #2625, .F. ) ;
#1173 = ORIENTED_EDGE ( 'NONE', *, *, #1547, .T. ) ;
#1174 = EDGE_CURVE ( 'NONE', #2538, #1118, #2707, .T. ) ;
#1175 = DIRECTION ( 'NONE',  ( 1.000000000000000000, 0.000000000000000000, 0.000000000000000000 ) ) ;
#1176 = CYLINDRICAL_SURFACE ( 'NONE', #905, 0.2499999999999997780 ) ;
#1177 = LINE ( 'NONE', #3247, #252 ) ;
#1178 = ORIENTED_EDGE ( 'NONE', *, *, #3206, .T. ) ;
#1179 = CIRCLE ( 'NONE', #3133, 0.2999999999999999334 ) ;
#1180 = DIRECTION ( 'NONE',  ( 1.000000000000000000, 0.000000000000000000, 0.000000000000000000 ) ) ;
#1181 = DIRECTION ( 'NONE',  ( 0.000000000000000000, 0.000000000000000000, 1.000000000000000000 ) ) ;
#1182 = PLANE ( 'NONE',  #1052 ) ;
#1183 = PLANE ( 'NONE',  #1994 ) ;
#1184 = ORIENTED_EDGE ( 'NONE', *, *, #1077, .T. ) ;
#1185 = DIRECTION ( 'NONE',  ( 1.000000000000000000, 0.000000000000000000, 0.000000000000000000 ) ) ;
#1186 = EDGE_CURVE ( 'NONE', #2682, #2966, #2139, .T. ) ;
#1187 = EDGE_LOOP ( 'NONE', ( #2749, #2957, #992, #3318 ) ) ;
#1188 = VECTOR ( 'NONE', #255, 1000.000000000000000 ) ;
#1189 = ORIENTED_EDGE ( 'NONE', *, *, #3189, .T. ) ;
#1190 = CIRCLE ( 'NONE', #997, 0.3999999999999999667 ) ;
#1191 = EDGE_CURVE ( 'NONE', #1322, #1085, #1236, .T. ) ;
#1192 = LINE ( 'NONE', #1434, #1337 ) ;
#1193 = AXIS2_PLACEMENT_3D ( 'NONE', #2015, #2456, #160 ) ;
#1194 = DIRECTION ( 'NONE',  ( 1.000000000000000000, -1.776356839400250070E-15, 0.000000000000000000 ) ) ;
#1195 = CARTESIAN_POINT ( 'NONE',  ( 2.499999999999987121, -1.269999999999999574, 0.09999999999999982514 ) ) ;
#1196 = CIRCLE ( 'NONE', #1581, 0.3000000000000000999 ) ;
#1197 = LINE ( 'NONE', #3267, #1847 ) ;
#1198 = ORIENTED_EDGE ( 'NONE', *, *, #1778, .F. ) ;
#1199 = CARTESIAN_POINT ( 'NONE',  ( -0.9999999999999895639, -1.000000000000006883, 0.9000000000000001332 ) ) ;
#1200 = LINE ( 'NONE', #208, #1514 ) ;
#1201 = VECTOR ( 'NONE', #1697, 1000.000000000000000 ) ;
#1202 = DIRECTION ( 'NONE',  ( -1.000000000000000000, 3.706674093967521386E-16, 0.000000000000000000 ) ) ;
#1203 = CYLINDRICAL_SURFACE ( 'NONE', #3253, 0.2999999999999999334 ) ;
#1204 = ORIENTED_EDGE ( 'NONE', *, *, #1877, .F. ) ;
#1205 = ORIENTED_EDGE ( 'NONE', *, *, #2378, .F. ) ;
#1206 = EDGE_CURVE ( 'NONE', #566, #3033, #176, .T. ) ;
#1207 = VECTOR ( 'NONE', #1441, 1000.000000000000000 ) ;
#1208 = DIRECTION ( 'NONE',  ( 0.000000000000000000, -0.000000000000000000, 1.000000000000000000 ) ) ;
#1209 = ORIENTED_EDGE ( 'NONE', *, *, #1128, .F. ) ;
#1210 = AXIS2_PLACEMENT_3D ( 'NONE', #1624, #2910, #136 ) ;
#1211 = CARTESIAN_POINT ( 'NONE',  ( -1.329999999999995186, -0.3200000000000000622, 0.000000000000000000 ) ) ;
#1212 = LINE ( 'NONE', #3167, #806 ) ;
#1213 = LINE ( 'NONE', #733, #67 ) ;
#1214 = LINE ( 'NONE', #431, #3302 ) ;
#1215 = DIRECTION ( 'NONE',  ( -0.000000000000000000, 0.000000000000000000, -1.000000000000000000 ) ) ;
#1216 = ORIENTED_EDGE ( 'NONE', *, *, #593, .F. ) ;
#1217 = LINE ( 'NONE', #454, #2219 ) ;
#1218 = DIRECTION ( 'NONE',  ( -0.000000000000000000, -0.000000000000000000, -1.000000000000000000 ) ) ;
#1219 = DIRECTION ( 'NONE',  ( 1.000000000000000000, 8.673617379884035472E-17, -0.000000000000000000 ) ) ;
#1220 = CARTESIAN_POINT ( 'NONE',  ( 0.000000000000000000, -2.499999999999999556, 2.205096679918780556 ) ) ;
#1221 = EDGE_LOOP ( 'NONE', ( #77, #598, #494, #1448 ) ) ;
#1222 = ORIENTED_EDGE ( 'NONE', *, *, #2879, .T. ) ;
#1223 = CARTESIAN_POINT ( 'NONE',  ( 1.300000000000010258, -1.000000000000000000, 0.9000000000000001332 ) ) ;
#1224 = EDGE_LOOP ( 'NONE', ( #2361, #3124 ) ) ;
#1225 = ADVANCED_FACE ( 'NONE', ( #280 ), #2394, .T. ) ;
#1226 = AXIS2_PLACEMENT_3D ( 'NONE', #829, #1543, #1082 ) ;
#1227 = CIRCLE ( 'NONE', #12, 0.3199999999999999512 ) ;
#1228 = DIRECTION ( 'NONE',  ( -0.000000000000000000, -0.000000000000000000, 1.000000000000000000 ) ) ;
#1229 = CARTESIAN_POINT ( 'NONE',  ( 0.3200000000000000622, 2.499999999999997780, 0.1000000000000000056 ) ) ;
#1230 = DIRECTION ( 'NONE',  ( 1.000000000000000000, 0.000000000000000000, -0.000000000000000000 ) ) ;
#1231 = ORIENTED_EDGE ( 'NONE', *, *, #551, .F. ) ;
#1232 = ADVANCED_FACE ( 'NONE', ( #569 ), #2072, .F. ) ;
#1233 = PLANE ( 'NONE',  #1842 ) ;
#1234 = VERTEX_POINT ( 'NONE', #326 ) ;
#1235 = PLANE ( 'NONE',  #989 ) ;
#1236 = CIRCLE ( 'NONE', #703, 0.3199999999999999512 ) ;
#1237 = DIRECTION ( 'NONE',  ( 0.000000000000000000, 0.000000000000000000, 1.000000000000000000 ) ) ;
#1238 = VERTEX_POINT ( 'NONE', #2323 ) ;
#1239 = FACE_BOUND ( 'NONE', #845, .T. ) ;
#1240 = ORIENTED_EDGE ( 'NONE', *, *, #2629, .T. ) ;
#1241 = EDGE_LOOP ( 'NONE', ( #441, #1051, #2937, #880, #1160, #93 ) ) ;
#1242 = CIRCLE ( 'NONE', #2493, 0.2999999999999999334 ) ;
#1243 = VECTOR ( 'NONE', #1991, 1000.000000000000000 ) ;
#1244 = DIRECTION ( 'NONE',  ( 1.000000000000000000, -0.000000000000000000, -0.000000000000000000 ) ) ;
#1245 = CARTESIAN_POINT ( 'NONE',  ( -1.329999999999994298, 0.9499999999999999556, 0.1000000000000000056 ) ) ;
#1246 = CARTESIAN_POINT ( 'NONE',  ( 2.500000000000000000, -2.499999999999999556, 0.000000000000000000 ) ) ;
#1247 = VERTEX_POINT ( 'NONE', #2607 ) ;
#1248 = EDGE_CURVE ( 'NONE', #1286, #1110, #295, .T. ) ;
#1249 = EDGE_CURVE ( 'NONE', #2299, #3248, #49, .T. ) ;
#1250 = CYLINDRICAL_SURFACE ( 'NONE', #2117, 0.3999999999999999667 ) ;
#1251 = CARTESIAN_POINT ( 'NONE',  ( -0.3000000000000034861, 1.000000000000000000, 1.500000000000000000 ) ) ;
#1252 = AXIS2_PLACEMENT_3D ( 'NONE', #2785, #1494, #3249 ) ;
#1253 = LINE ( 'NONE', #2286, #1803 ) ;
#1254 = CIRCLE ( 'NONE', #2122, 0.3199999999999999512 ) ;
#1255 = DIRECTION ( 'NONE',  ( 1.000000000000000000, 0.000000000000000000, 0.000000000000000000 ) ) ;
#1256 = ORIENTED_EDGE ( 'NONE', *, *, #3063, .F. ) ;
#1257 = EDGE_CURVE ( 'NONE', #178, #2526, #3120, .T. ) ;
#1258 = DIRECTION ( 'NONE',  ( 1.000000000000000000, 0.000000000000000000, -0.000000000000000000 ) ) ;
#1259 = VERTEX_POINT ( 'NONE', #387 ) ;
#1260 = VERTEX_POINT ( 'NONE', #916 ) ;
#1262 = ADVANCED_FACE ( 'NONE', ( #2985 ), #2185, .F. ) ;
#1261 = VECTOR ( 'NONE', #2681, 1000.000000000000000 ) ;
#1263 = CIRCLE ( 'NONE', #1649, 0.2999999999999999334 ) ;
#1264 = DIRECTION ( 'NONE',  ( 0.000000000000000000, 1.000000000000000000, 0.000000000000000000 ) ) ;
#1265 = DIRECTION ( 'NONE',  ( -0.000000000000000000, -0.000000000000000000, 1.000000000000000000 ) ) ;
#1266 = ORIENTED_EDGE ( 'NONE', *, *, #1749, .F. ) ;
#1267 = DIRECTION ( 'NONE',  ( -0.000000000000000000, -0.000000000000000000, -1.000000000000000000 ) ) ;
#1268 = CARTESIAN_POINT ( 'NONE',  ( 0.000000000000000000, 2.500000000000000000, 0.09999999999999982514 ) ) ;
#1269 = CARTESIAN_POINT ( 'NONE',  ( -2.250000000000000444, 2.499999999999999556, 0.000000000000000000 ) ) ;
#1270 = CARTESIAN_POINT ( 'NONE',  ( -1.300000000000000044, -6.946223273711848217E-15, 1.500000000000000000 ) ) ;
#1271 = VERTEX_POINT ( 'NONE', #127 ) ;
#1272 = EDGE_CURVE ( 'NONE', #2272, #651, #2440, .T. ) ;
#1273 = CARTESIAN_POINT ( 'NONE',  ( -1.000000000000000000, -6.982962677686268288E-15, 0.9000000000000001332 ) ) ;
#1274 = EDGE_CURVE ( 'NONE', #3328, #862, #2688, .T. ) ;
#1275 = ORIENTED_EDGE ( 'NONE', *, *, #1112, .T. ) ;
#1276 = EDGE_CURVE ( 'NONE', #2242, #3239, #2867, .T. ) ;
#1277 = CARTESIAN_POINT ( 'NONE',  ( -2.500000000000000000, 1.590000000000000524, 0.1000000000000000056 ) ) ;
#1278 = DIRECTION ( 'NONE',  ( -0.000000000000000000, -0.000000000000000000, -1.000000000000000000 ) ) ;
#1279 = ORIENTED_EDGE ( 'NONE', *, *, #2490, .F. ) ;
#1280 = CIRCLE ( 'NONE', #3174, 0.3200000000000000622 ) ;
#1281 = PLANE ( 'NONE',  #277 ) ;
#1282 = PLANE ( 'NONE',  #2077 ) ;
#1283 = ADVANCED_FACE ( 'NONE', ( #1138 ), #1157, .F. ) ;
#1284 = ADVANCED_FACE ( 'NONE', ( #2723 ), #406, .F. ) ;
#1285 = DIRECTION ( 'NONE',  ( 1.000000000000000000, 0.000000000000000000, 0.000000000000000000 ) ) ;
#1286 = VERTEX_POINT ( 'NONE', #3220 ) ;
#1287 = AXIS2_PLACEMENT_3D ( 'NONE', #219, #2246, #2542 ) ;
#1288 = LINE ( 'NONE', #2336, #721 ) ;
#1289 = ORIENTED_EDGE ( 'NONE', *, *, #1042, .T. ) ;
#1290 = VECTOR ( 'NONE', #1802, 1000.000000000000000 ) ;
#1291 = DIRECTION ( 'NONE',  ( 0.000000000000000000, -0.000000000000000000, 1.000000000000000000 ) ) ;
#1292 = ADVANCED_FACE ( 'NONE', ( #901 ), #2475, .F. ) ;
#1293 = CARTESIAN_POINT ( 'NONE',  ( -2.500000000000000000, -2.500000000000000000, 1.300000000000000044 ) ) ;
#1294 = EDGE_LOOP ( 'NONE', ( #3240, #278 ) ) ;
#1295 = FACE_OUTER_BOUND ( 'NONE', #1221, .T. ) ;
#1296 = VECTOR ( 'NONE', #2782, 1000.000000000000000 ) ;
#1297 = ORIENTED_EDGE ( 'NONE', *, *, #381, .T. ) ;
#1298 = ADVANCED_FACE ( 'NONE', ( #2423 ), #2154, .F. ) ;
#1299 = AXIS2_PLACEMENT_3D ( 'NONE', #1956, #3266, #927 ) ;
#1300 = CARTESIAN_POINT ( 'NONE',  ( 0.000000000000000000, -2.499999999999999556, 1.300000000000000044 ) ) ;
#1301 = DIRECTION ( 'NONE',  ( 0.000000000000000000, 1.000000000000000000, 0.000000000000000000 ) ) ;
#1302 = CARTESIAN_POINT ( 'NONE',  ( 1.900000000000000355, 2.300000000000000266, 1.500000000000000000 ) ) ;
#1303 = VERTEX_POINT ( 'NONE', #112 ) ;
#1304 = VECTOR ( 'NONE', #662, 1000.000000000000000 ) ;
#1305 = LINE ( 'NONE', #2086, #604 ) ;
#1306 = VERTEX_POINT ( 'NONE', #2999 ) ;
#1307 = AXIS2_PLACEMENT_3D ( 'NONE', #1611, #1321, #2354 ) ;
#1308 = CARTESIAN_POINT ( 'NONE',  ( -1.899999999999999245, -2.300000000000000266, 1.500000000000000000 ) ) ;
#1309 = LINE ( 'NONE', #3142, #1137 ) ;
#1310 = ORIENTED_EDGE ( 'NONE', *, *, #70, .F. ) ;
#1311 = EDGE_CURVE ( 'NONE', #109, #2091, #2316, .T. ) ;
#1312 = CARTESIAN_POINT ( 'NONE',  ( -1.300000000000000044, -6.946223273711848217E-15, 0.9000000000000001332 ) ) ;
#1313 = DIRECTION ( 'NONE',  ( 0.000000000000000000, 0.000000000000000000, 1.000000000000000000 ) ) ;
#1314 = EDGE_LOOP ( 'NONE', ( #3008, #51 ) ) ;
#1315 = VECTOR ( 'NONE', #800, 1000.000000000000000 ) ;
#1316 = DIRECTION ( 'NONE',  ( -0.000000000000000000, -0.000000000000000000, 1.000000000000000000 ) ) ;
#1317 = CARTESIAN_POINT ( 'NONE',  ( 1.000000000000010436, -1.000000000000000000, 0.9000000000000001332 ) ) ;
#1318 = CARTESIAN_POINT ( 'NONE',  ( -0.3200000000000000622, 2.499999999999997780, 0.000000000000000000 ) ) ;
#1319 = ORIENTED_EDGE ( 'NONE', *, *, #2276, .T. ) ;
#1320 = ADVANCED_FACE ( 'NONE', ( #1653 ), #1705, .F. ) ;
#1321 = DIRECTION ( 'NONE',  ( -0.000000000000000000, -0.000000000000000000, 1.000000000000000000 ) ) ;
#1322 = VERTEX_POINT ( 'NONE', #1442 ) ;
#1323 = ORIENTED_EDGE ( 'NONE', *, *, #1884, .F. ) ;
#1324 = DIRECTION ( 'NONE',  ( -0.000000000000000000, -0.000000000000000000, 1.000000000000000000 ) ) ;
#1325 = LINE ( 'NONE', #2124, #2611 ) ;
#1326 = ORIENTED_EDGE ( 'NONE', *, *, #3218, .T. ) ;
#1327 = ADVANCED_FACE ( 'NONE', ( #177 ), #1183, .F. ) ;
#1328 = EDGE_CURVE ( 'NONE', #651, #55, #2171, .T. ) ;
#1329 = ORIENTED_EDGE ( 'NONE', *, *, #134, .T. ) ;
#1330 = LINE ( 'NONE', #1602, #1032 ) ;
#1331 = DIRECTION ( 'NONE',  ( -1.000000000000000000, 0.000000000000000000, 0.000000000000000000 ) ) ;
#1332 = CARTESIAN_POINT ( 'NONE',  ( -0.3200000000000000622, -1.269999999999999574, 0.1000000000000000056 ) ) ;
#1333 = EDGE_CURVE ( 'NONE', #2978, #270, #1378, .T. ) ;
#1334 = CARTESIAN_POINT ( 'NONE',  ( 2.300000000000000266, -0.2497999199359356715, 1.300000000000000044 ) ) ;
#1335 = VERTEX_POINT ( 'NONE', #2954 ) ;
#1336 = CARTESIAN_POINT ( 'NONE',  ( 1.329999999999999849, 0.3200000000000003397, 0.1000000000000000056 ) ) ;
#1337 = VECTOR ( 'NONE', #1470, 1000.000000000000000 ) ;
#1338 = VERTEX_POINT ( 'NONE', #634 ) ;
#1339 = DIRECTION ( 'NONE',  ( 0.000000000000000000, 0.000000000000000000, 1.000000000000000000 ) ) ;
#1340 = DIRECTION ( 'NONE',  ( -0.000000000000000000, 0.000000000000000000, 1.000000000000000000 ) ) ;
#1341 = CARTESIAN_POINT ( 'NONE',  ( -2.500000000000000000, -2.500000000000000000, 1.300000000000000044 ) ) ;
#1342 = EDGE_CURVE ( 'NONE', #1772, #2278, #476, .T. ) ;
#1343 = VECTOR ( 'NONE', #372, 1000.000000000000000 ) ;
#1344 = ORIENTED_EDGE ( 'NONE', *, *, #1191, .F. ) ;
#1345 = DIRECTION ( 'NONE',  ( 1.000000000000000000, 0.000000000000000000, 0.000000000000000000 ) ) ;
#1346 = CARTESIAN_POINT ( 'NONE',  ( 1.000000000000010436, -1.000000000000000000, 0.9000000000000001332 ) ) ;
#1347 = CARTESIAN_POINT ( 'NONE',  ( 1.330000000000000071, 1.590000000000000524, 0.1000000000000000056 ) ) ;
#1348 = EDGE_CURVE ( 'NONE', #2987, #1791, #349, .T. ) ;
#1349 = DIRECTION ( 'NONE',  ( 1.000000000000000000, 0.000000000000000000, 0.000000000000000000 ) ) ;
#1350 = EDGE_LOOP ( 'NONE', ( #3181, #2950, #1231, #5 ) ) ;
#1351 = CIRCLE ( 'NONE', #3243, 0.2999999999999999334 ) ;
#1352 = DIRECTION ( 'NONE',  ( 0.000000000000000000, 0.000000000000000000, 1.000000000000000000 ) ) ;
#1353 = CARTESIAN_POINT ( 'NONE',  ( 1.330000000000000071, 1.590000000000000524, 0.000000000000000000 ) ) ;
#1354 = ORIENTED_EDGE ( 'NONE', *, *, #1939, .F. ) ;
#1355 = ORIENTED_EDGE ( 'NONE', *, *, #2546, .F. ) ;
#1356 = PLANE ( 'NONE',  #618 ) ;
#1357 = AXIS2_PLACEMENT_3D ( 'NONE', #1199, #2510, #950 ) ;
#1358 = CARTESIAN_POINT ( 'NONE',  ( 2.500000000000005773, 0.9500000000000005107, 0.1000000000000000056 ) ) ;
#1359 = CARTESIAN_POINT ( 'NONE',  ( -2.500000000000000000, -0.9500000000000000666, 0.1000000000000000056 ) ) ;
#1360 = CIRCLE ( 'NONE', #557, 0.3999999999999999667 ) ;
#1361 = ORIENTED_EDGE ( 'NONE', *, *, #3103, .F. ) ;
#1362 = EDGE_CURVE ( 'NONE', #919, #2094, #2010, .T. ) ;
#1363 = CIRCLE ( 'NONE', #2504, 0.2999999999999999334 ) ;
#1364 = DIRECTION ( 'NONE',  ( 0.000000000000000000, 0.000000000000000000, -1.000000000000000000 ) ) ;
#1365 = FACE_OUTER_BOUND ( 'NONE', #2158, .T. ) ;
#1366 = APPROVAL_PERSON_ORGANIZATION ( #2442, #2419, #3256 ) ;
#1367 = FACE_OUTER_BOUND ( 'NONE', #2119, .T. ) ;
#1368 = FACE_OUTER_BOUND ( 'NONE', #324, .T. ) ;
#1369 = VECTOR ( 'NONE', #561, 1000.000000000000000 ) ;
#1370 = CARTESIAN_POINT ( 'NONE',  ( 2.499999999999987121, -1.269999999999999574, 1.300000000000000044 ) ) ;
#1371 = ORIENTED_EDGE ( 'NONE', *, *, #3225, .F. ) ;
#1372 = CARTESIAN_POINT ( 'NONE',  ( 0.3200000000000000622, 2.499999999999997780, 0.1000000000000000056 ) ) ;
#1373 = CARTESIAN_POINT ( 'NONE',  ( -2.250000000000000444, -2.500000000000000000, 0.000000000000000000 ) ) ;
#1374 = ORIENTED_EDGE ( 'NONE', *, *, #666, .T. ) ;
#1375 = CIRCLE ( 'NONE', #3269, 0.3199999999999999512 ) ;
#1376 = ORIENTED_EDGE ( 'NONE', *, *, #1276, .T. ) ;
#1377 = LINE ( 'NONE', #1701, #2889 ) ;
#1378 = LINE ( 'NONE', #3208, #2666 ) ;
#1379 = EDGE_LOOP ( 'NONE', ( #139, #2239 ) ) ;
#1380 = EDGE_CURVE ( 'NONE', #889, #862, #990, .T. ) ;
#1381 = CARTESIAN_POINT ( 'NONE',  ( 0.3200000000000000622, -1.269999999999999574, 0.1000000000000000056 ) ) ;
#1382 = LINE ( 'NONE', #2926, #976 ) ;
#1383 = DIRECTION ( 'NONE',  ( 1.000000000000000000, -6.776263578034403501E-15, 0.000000000000000000 ) ) ;
#1384 = CARTESIAN_POINT ( 'NONE',  ( 2.499999999999988454, -0.9499999999999996225, 0.1000000000000000056 ) ) ;
#1385 = CARTESIAN_POINT ( 'NONE',  ( 2.500000000000000000, 1.590000000000000524, 2.205096679918780556 ) ) ;
#1386 = ORIENTED_EDGE ( 'NONE', *, *, #857, .T. ) ;
#1387 = EDGE_CURVE ( 'NONE', #1110, #1306, #1360, .T. ) ;
#1388 = FACE_OUTER_BOUND ( 'NONE', #3020, .T. ) ;
#1389 = ADVANCED_FACE ( 'NONE', ( #704 ), #741, .F. ) ;
#1390 = ORIENTED_EDGE ( 'NONE', *, *, #1771, .F. ) ;
#1391 = FACE_OUTER_BOUND ( 'NONE', #2916, .T. ) ;
#1392 = VECTOR ( 'NONE', #526, 1000.000000000000000 ) ;
#1393 = CARTESIAN_POINT ( 'NONE',  ( -1.329999999999995186, -1.590000000000000302, 0.1000000000000000056 ) ) ;
#1394 = ORIENTED_EDGE ( 'NONE', *, *, #2972, .T. ) ;
#1395 = PERSON_AND_ORGANIZATION_ROLE ( 'design_supplier' ) ;
#1396 = ORIENTED_EDGE ( 'NONE', *, *, #1849, .T. ) ;
#1397 = ADVANCED_FACE ( 'NONE', ( #2775 ), #3081, .F. ) ;
#1398 = LINE ( 'NONE', #1658, #2379 ) ;
#1399 = DIRECTION ( 'NONE',  ( -0.000000000000000000, 0.000000000000000000, -1.000000000000000000 ) ) ;
#1400 = AXIS2_PLACEMENT_3D ( 'NONE', #727, #2292, #495 ) ;
#1401 = DIRECTION ( 'NONE',  ( -0.000000000000000000, -1.000000000000000000, -0.000000000000000000 ) ) ;
#1402 = DIRECTION ( 'NONE',  ( 1.000000000000000000, -0.000000000000000000, -0.000000000000000000 ) ) ;
#1403 = DIRECTION ( 'NONE',  ( -0.000000000000000000, -0.000000000000000000, -1.000000000000000000 ) ) ;
#1404 = ORIENTED_EDGE ( 'NONE', *, *, #1547, .F. ) ;
#1405 = CARTESIAN_POINT ( 'NONE',  ( -0.3200000000000000622, 2.499999999999997780, 0.1000000000000000056 ) ) ;
#1406 = ORIENTED_EDGE ( 'NONE', *, *, #1530, .T. ) ;
#1408 = DIRECTION ( 'NONE',  ( 1.000000000000000000, 0.000000000000000000, 0.000000000000000000 ) ) ;
#1407 = CIRCLE ( 'NONE', #2712, 0.2999999999999999334 ) ;
#1409 = PRODUCT ( 'Sensor_Model_No_GM_702B', 'Sensor_Model_No_GM_702B', '', ( #2477 ) ) ;
#1410 = AXIS2_PLACEMENT_3D ( 'NONE', #971, #743, #758 ) ;
#1411 = DIRECTION ( 'NONE',  ( -0.000000000000000000, -0.000000000000000000, -1.000000000000000000 ) ) ;
#1412 = ORIENTED_EDGE ( 'NONE', *, *, #1630, .F. ) ;
#1413 = CALENDAR_DATE ( 2026, 17, 2 ) ;
#1414 = ORIENTED_EDGE ( 'NONE', *, *, #666, .F. ) ;
#1415 = AXIS2_PLACEMENT_3D ( 'NONE', #2701, #646, #1180 ) ;
#1416 = PLANE ( 'NONE',  #2873 ) ;
#1417 = EDGE_CURVE ( 'NONE', #2210, #2282, #2053, .T. ) ;
#1418 = AXIS2_PLACEMENT_3D ( 'NONE', #41, #59, #2619 ) ;
#1419 = DIRECTION ( 'NONE',  ( 1.000000000000000000, 0.000000000000000000, 0.000000000000000000 ) ) ;
#1420 = LINE ( 'NONE', #2247, #2322 ) ;
#1421 = DIRECTION ( 'NONE',  ( -0.000000000000000000, 0.000000000000000000, -1.000000000000000000 ) ) ;
#1422 = ORIENTED_EDGE ( 'NONE', *, *, #896, .T. ) ;
#1423 = PLANE ( 'NONE',  #2439 ) ;
#1424 = CARTESIAN_POINT ( 'NONE',  ( 0.2999999999999999889, 0.000000000000000000, 0.9000000000000001332 ) ) ;
#1425 = CARTESIAN_POINT ( 'NONE',  ( 0.3200000000000000622, -1.269999999999999574, 0.000000000000000000 ) ) ;
#1426 = AXIS2_PLACEMENT_3D ( 'NONE', #2513, #754, #1962 ) ;
#1427 = ADVANCED_FACE ( 'NONE', ( #262 ), #1203, .F. ) ;
#1428 = AXIS2_PLACEMENT_3D ( 'NONE', #1889, #367, #2894 ) ;
#1429 = DIRECTION ( 'NONE',  ( 0.000000000000000000, 1.000000000000000000, -0.000000000000000000 ) ) ;
#1430 = EDGE_CURVE ( 'NONE', #463, #1443, #2550, .T. ) ;
#1431 = EDGE_LOOP ( 'NONE', ( #2249, #407, #525, #2496 ) ) ;
#1432 = PERSON_AND_ORGANIZATION ( #2789, #881 ) ;
#1433 = VERTEX_POINT ( 'NONE', #3274 ) ;
#1434 = CARTESIAN_POINT ( 'NONE',  ( -2.500000000000000000, -2.500000000000000000, 1.300000000000000044 ) ) ;
#1435 = DIRECTION ( 'NONE',  ( -0.000000000000000000, -0.000000000000000000, -1.000000000000000000 ) ) ;
#1436 = CARTESIAN_POINT ( 'NONE',  ( -0.2999999999999896083, -1.000000000000000000, 1.500000000000000000 ) ) ;
#1437 = ORIENTED_EDGE ( 'NONE', *, *, #2483, .T. ) ;
#1438 = CIRCLE ( 'NONE', #835, 0.2999999999999999334 ) ;
#1439 = DIRECTION ( 'NONE',  ( 0.000000000000000000, -0.000000000000000000, 1.000000000000000000 ) ) ;
#1440 = FACE_OUTER_BOUND ( 'NONE', #400, .T. ) ;
#1441 = DIRECTION ( 'NONE',  ( -0.000000000000000000, -0.000000000000000000, 1.000000000000000000 ) ) ;
#1442 = CARTESIAN_POINT ( 'NONE',  ( 2.180000000000000160, 4.336808689942017736E-16, 0.09999999999999982514 ) ) ;
#1443 = VERTEX_POINT ( 'NONE', #3049 ) ;
#1444 = APPLICATION_PROTOCOL_DEFINITION ( 'international standard', 'config_control_design', 1994, #2635 ) ;
#1445 = ORIENTED_EDGE ( 'NONE', *, *, #1512, .T. ) ;
#1446 = VECTOR ( 'NONE', #1591, 1000.000000000000000 ) ;
#1447 = ADVANCED_FACE ( 'NONE', ( #3325 ), #3308, .T. ) ;
#1448 = ORIENTED_EDGE ( 'NONE', *, *, #468, .F. ) ;
#1449 = AXIS2_PLACEMENT_3D ( 'NONE', #1471, #694, #3315 ) ;
#1450 = CYLINDRICAL_SURFACE ( 'NONE', #3192, 0.3199999999999999512 ) ;
#1451 = DIRECTION ( 'NONE',  ( 1.000000000000000000, 0.000000000000000000, 0.000000000000000000 ) ) ;
#1452 = CARTESIAN_POINT ( 'NONE',  ( -0.7000000000000000666, -6.982962677686268288E-15, 0.9000000000000001332 ) ) ;
#1453 = DIRECTION ( 'NONE',  ( 0.000000000000000000, -0.000000000000000000, 1.000000000000000000 ) ) ;
#1454 = DIRECTION ( 'NONE',  ( -1.000000000000000000, 0.000000000000000000, 0.000000000000000000 ) ) ;
#1455 = ORIENTED_EDGE ( 'NONE', *, *, #325, .F. ) ;
#1456 = AXIS2_PLACEMENT_3D ( 'NONE', #973, #1208, #1258 ) ;
#1457 = ADVANCED_FACE ( 'NONE', ( #2037 ), #3013, .F. ) ;
#1458 = PLANE ( 'NONE',  #1469 ) ;
#1459 = LINE ( 'NONE', #2492, #2763 ) ;
#1460 = DIRECTION ( 'NONE',  ( -1.000000000000000000, 0.000000000000000000, 0.000000000000000000 ) ) ;
#1461 = LINE ( 'NONE', #3032, #2174 ) ;
#1462 = VECTOR ( 'NONE', #1145, 1000.000000000000000 ) ;
#1463 = ORIENTED_EDGE ( 'NONE', *, *, #1582, .T. ) ;
#1464 = LINE ( 'NONE', #461, #1466 ) ;
#1465 = VERTEX_POINT ( 'NONE', #3291 ) ;
#1466 = VECTOR ( 'NONE', #2518, 1000.000000000000000 ) ;
#1467 = VERTEX_POINT ( 'NONE', #1270 ) ;
#1468 = DIRECTION ( 'NONE',  ( 1.000000000000000000, 0.000000000000000000, -0.000000000000000000 ) ) ;
#1469 = AXIS2_PLACEMENT_3D ( 'NONE', #1002, #2547, #3304 ) ;
#1470 = DIRECTION ( 'NONE',  ( -0.000000000000000000, -1.000000000000000000, -0.000000000000000000 ) ) ;
#1471 = CARTESIAN_POINT ( 'NONE',  ( -1.000000000000000000, -6.982962677686268288E-15, 0.9000000000000001332 ) ) ;
#1472 = CARTESIAN_POINT ( 'NONE',  ( -0.3200000000000000622, -2.500000000000000000, 2.205096679918780556 ) ) ;
#1473 = CIRCLE ( 'NONE', #35, 0.2999999999999999334 ) ;
#1474 = LINE ( 'NONE', #1957, #1095 ) ;
#1475 = ORIENTED_EDGE ( 'NONE', *, *, #267, .T. ) ;
#1476 = FACE_OUTER_BOUND ( 'NONE', #3268, .T. ) ;
#1477 = ORIENTED_EDGE ( 'NONE', *, *, #2812, .T. ) ;
#1478 = CARTESIAN_POINT ( 'NONE',  ( 2.500000000000000000, -2.499999999999999556, 1.300000000000000044 ) ) ;
#1479 = EDGE_CURVE ( 'NONE', #2643, #1171, #2333, .T. ) ;
#1480 = CARTESIAN_POINT ( 'NONE',  ( 2.500000000000000000, -2.499999999999999556, 1.300000000000000044 ) ) ;
#1481 = ORIENTED_EDGE ( 'NONE', *, *, #1069, .F. ) ;
#1482 = CYLINDRICAL_SURFACE ( 'NONE', #1739, 0.2999999999999999889 ) ;
#1483 = ORIENTED_EDGE ( 'NONE', *, *, #3139, .T. ) ;
#1484 = AXIS2_PLACEMENT_3D ( 'NONE', #2720, #2951, #2670 ) ;
#1485 = CARTESIAN_POINT ( 'NONE',  ( 0.000000000000000000, 0.000000000000000000, 1.300000000000000044 ) ) ;
#1486 = EDGE_LOOP ( 'NONE', ( #3138, #2552, #1057, #2968 ) ) ;
#1487 = EDGE_CURVE ( 'NONE', #1085, #3237, #969, .T. ) ;
#1488 = VECTOR ( 'NONE', #2035, 1000.000000000000000 ) ;
#1489 = ORIENTED_EDGE ( 'NONE', *, *, #275, .T. ) ;
#1490 = DIRECTION ( 'NONE',  ( 1.000000000000000000, 0.000000000000000000, -0.000000000000000000 ) ) ;
#1491 = DIRECTION ( 'NONE',  ( -0.000000000000000000, -1.000000000000000000, -0.000000000000000000 ) ) ;
#1492 = CARTESIAN_POINT ( 'NONE',  ( 2.500000000000000000, 2.500000000000000444, 1.300000000000000044 ) ) ;
#1493 = EDGE_LOOP ( 'NONE', ( #2428, #1829 ) ) ;
#1494 = DIRECTION ( 'NONE',  ( 0.000000000000000000, 0.000000000000000000, 1.000000000000000000 ) ) ;
#1495 = ORIENTED_EDGE ( 'NONE', *, *, #2184, .T. ) ;
#1496 = DIRECTION ( 'NONE',  ( -0.000000000000000000, 0.000000000000000000, -1.000000000000000000 ) ) ;
#1497 = DIRECTION ( 'NONE',  ( 0.000000000000000000, 0.000000000000000000, 1.000000000000000000 ) ) ;
#1498 = EDGE_LOOP ( 'NONE', ( #89, #1390, #2532, #1707 ) ) ;
#1499 = ORIENTED_EDGE ( 'NONE', *, *, #1679, .F. ) ;
#1500 = EDGE_CURVE ( 'NONE', #3018, #130, #1196, .T. ) ;
#1501 = ORIENTED_EDGE ( 'NONE', *, *, #857, .F. ) ;
#1502 = EDGE_CURVE ( 'NONE', #2277, #790, #1461, .T. ) ;
#1503 = VECTOR ( 'NONE', #1401, 1000.000000000000000 ) ;
#1504 = VECTOR ( 'NONE', #2989, 1000.000000000000000 ) ;
#1505 = DIRECTION ( 'NONE',  ( -0.000000000000000000, 0.000000000000000000, -1.000000000000000000 ) ) ;
#1506 = DIRECTION ( 'NONE',  ( 1.000000000000000000, -1.084202172485504434E-15, 0.000000000000000000 ) ) ;
#1507 = DIRECTION ( 'NONE',  ( 0.000000000000000000, 0.000000000000000000, -1.000000000000000000 ) ) ;
#1508 = ORIENTED_EDGE ( 'NONE', *, *, #2347, .F. ) ;
#1509 = LINE ( 'NONE', #435, #398 ) ;
#1510 = CARTESIAN_POINT ( 'NONE',  ( 2.499999999999988454, -0.9499999999999996225, 0.1000000000000000056 ) ) ;
#1511 = PLANE ( 'NONE',  #1426 ) ;
#1512 = EDGE_CURVE ( 'NONE', #1467, #3151, #1473, .T. ) ;
#1513 = DIRECTION ( 'NONE',  ( -1.000000000000000000, 1.853337046983756009E-16, 0.000000000000000000 ) ) ;
#1514 = VECTOR ( 'NONE', #1218, 1000.000000000000000 ) ;
#1515 = EDGE_LOOP ( 'NONE', ( #1064, #2648, #1673, #1787, #2147, #2441, #122, #2038, #1354, #2165, #385, #898, #2318, #1024, #3154, #3250, #1721, #1104, #3137, #1310, #2558, #689, #2001, #1755, #357, #1570, #256, #2202, #811, #162, #2509, #1094, #224, #3036, #2230, #2528, #1981, #3190, #1164, #3169 ) ) ;
#1516 = ORIENTED_EDGE ( 'NONE', *, *, #544, .T. ) ;
#1517 = LINE ( 'NONE', #478, #3306 ) ;
#1518 = EDGE_CURVE ( 'NONE', #2590, #660, #61, .T. ) ;
#1519 = FACE_OUTER_BOUND ( 'NONE', #1119, .T. ) ;
#1520 = ORIENTED_EDGE ( 'NONE', *, *, #2236, .T. ) ;
#1521 = ORIENTED_EDGE ( 'NONE', *, *, #2448, .F. ) ;
#1522 = AXIS2_PLACEMENT_3D ( 'NONE', #2362, #2177, #841 ) ;
#1523 = CARTESIAN_POINT ( 'NONE',  ( -0.3200000000000000622, -2.500000000000001776, 0.1000000000000000056 ) ) ;
#1524 = LINE ( 'NONE', #2562, #2471 ) ;
#1525 = DIRECTION ( 'NONE',  ( 0.000000000000000000, -0.000000000000000000, 1.000000000000000000 ) ) ;
#1526 = VERTEX_POINT ( 'NONE', #1813 ) ;
#1527 = CARTESIAN_POINT ( 'NONE',  ( -2.500000000000000000, 0.9500000000000000666, 1.300000000000000044 ) ) ;
#1528 = DIRECTION ( 'NONE',  ( 0.000000000000000000, -1.000000000000000000, 0.000000000000000000 ) ) ;
#1529 = AXIS2_PLACEMENT_3D ( 'NONE', #2640, #63, #1074 ) ;
#1530 = EDGE_CURVE ( 'NONE', #679, #3221, #875, .T. ) ;
#1531 = LINE ( 'NONE', #504, #3212 ) ;
#1532 = ADVANCED_FACE ( 'NONE', ( #1860 ), #74, .F. ) ;
#1533 = CIRCLE ( 'NONE', #2726, 0.2499999999999997780 ) ;
#1534 = CARTESIAN_POINT ( 'NONE',  ( -3.430248998885766570E-15, 1.000000000000000000, 1.500000000000000000 ) ) ;
#1535 = CARTESIAN_POINT ( 'NONE',  ( 0.000000000000000000, 0.000000000000000000, 0.9000000000000001332 ) ) ;
#1536 = ADVANCED_FACE ( 'NONE', ( #2651 ), #1071, .F. ) ;
#1537 = CARTESIAN_POINT ( 'NONE',  ( 1.000000000000000000, 0.000000000000000000, 0.9000000000000001332 ) ) ;
#1538 = ORIENTED_EDGE ( 'NONE', *, *, #2397, .F. ) ;
#1539 = VECTOR ( 'NONE', #2946, 1000.000000000000000 ) ;
#1540 = DIRECTION ( 'NONE',  ( -1.000000000000000000, 0.000000000000000000, 0.000000000000000000 ) ) ;
#1541 = LINE ( 'NONE', #3059, #920 ) ;
#1542 = VERTEX_POINT ( 'NONE', #1843 ) ;
#1543 = DIRECTION ( 'NONE',  ( 0.000000000000000000, 0.000000000000000000, 1.000000000000000000 ) ) ;
#1544 = CARTESIAN_POINT ( 'NONE',  ( 2.500000000000004441, 1.270000000000000462, 2.205096679918780556 ) ) ;
#1545 = DIRECTION ( 'NONE',  ( -1.000000000000000000, 0.000000000000000000, 0.000000000000000000 ) ) ;
#1546 = ORIENTED_EDGE ( 'NONE', *, *, #73, .T. ) ;
#1547 = EDGE_CURVE ( 'NONE', #660, #2691, #1288, .T. ) ;
#1548 = FACE_OUTER_BOUND ( 'NONE', #1515, .T. ) ;
#1549 = ORIENTED_EDGE ( 'NONE', *, *, #551, .T. ) ;
#1550 = CARTESIAN_POINT ( 'NONE',  ( 2.500000000000000000, -2.499999999999999556, 0.000000000000000000 ) ) ;
#1551 = PLANE ( 'NONE',  #1456 ) ;
#1552 = CARTESIAN_POINT ( 'NONE',  ( 2.500000000000005773, 1.590000000000000524, 0.1000000000000000056 ) ) ;
#1553 = EDGE_CURVE ( 'NONE', #1751, #1926, #2319, .T. ) ;
#1554 = ORIENTED_EDGE ( 'NONE', *, *, #275, .F. ) ;
#1555 = CARTESIAN_POINT ( 'NONE',  ( 0.000000000000000000, -2.499999999999999556, 0.09999999999999982514 ) ) ;
#1556 = DIRECTION ( 'NONE',  ( -0.000000000000000000, -0.000000000000000000, -1.000000000000000000 ) ) ;
#1557 = ORIENTED_EDGE ( 'NONE', *, *, #2276, .F. ) ;
#1558 = CIRCLE ( 'NONE', #1226, 0.2999999999999999334 ) ;
#1559 = CARTESIAN_POINT ( 'NONE',  ( -1.300000000000003375, 0.9999999999999931166, 1.500000000000000000 ) ) ;
#1560 = CARTESIAN_POINT ( 'NONE',  ( 2.500000000000000000, -0.3199999999999995071, 0.1000000000000000056 ) ) ;
#1561 = DIRECTION ( 'NONE',  ( 1.303127611160463767E-16, 1.000000000000000000, -0.000000000000000000 ) ) ;
#1562 = ORIENTED_EDGE ( 'NONE', *, *, #2600, .T. ) ;
#1563 = LINE ( 'NONE', #1595, #775 ) ;
#1564 = AXIS2_PLACEMENT_3D ( 'NONE', #1931, #870, #2410 ) ;
#1565 = CARTESIAN_POINT ( 'NONE',  ( 2.500000000000000000, 4.336808689942017736E-16, 0.09999999999999982514 ) ) ;
#1566 = FACE_OUTER_BOUND ( 'NONE', #1241, .T. ) ;
#1567 = ORIENTED_EDGE ( 'NONE', *, *, #2397, .T. ) ;
#1568 = DIRECTION ( 'NONE',  ( 1.000000000000000000, 0.000000000000000000, 0.000000000000000000 ) ) ;
#1569 = DIRECTION ( 'NONE',  ( -0.000000000000000000, -0.000000000000000000, 1.000000000000000000 ) ) ;
#1570 = ORIENTED_EDGE ( 'NONE', *, *, #2821, .F. ) ;
#1571 = EDGE_CURVE ( 'NONE', #2686, #697, #292, .T. ) ;
#1572 = CARTESIAN_POINT ( 'NONE',  ( 2.500000000000000000, -2.499999999999999556, 0.000000000000000000 ) ) ;
#1573 = CARTESIAN_POINT ( 'NONE',  ( -1.329999999999994298, 1.590000000000000302, 0.1000000000000000056 ) ) ;
#1574 = CARTESIAN_POINT ( 'NONE',  ( -2.500000000000000000, 0.9500000000000000666, 0.09999999999999982514 ) ) ;
#1575 = EDGE_LOOP ( 'NONE', ( #1941, #3201, #2320, #3204 ) ) ;
#1576 = CIRCLE ( 'NONE', #1742, 0.2999999999999999889 ) ;
#1577 = DIRECTION ( 'NONE',  ( 1.000000000000000000, -2.032879073410321208E-15, 0.000000000000000000 ) ) ;
#1578 = ORIENTED_EDGE ( 'NONE', *, *, #3103, .T. ) ;
#1579 = VERTEX_POINT ( 'NONE', #833 ) ;
#1580 = CARTESIAN_POINT ( 'NONE',  ( -0.3200000000000003397, 0.4200000000000002620, 0.1000000000000000056 ) ) ;
#1581 = AXIS2_PLACEMENT_3D ( 'NONE', #1534, #9, #228 ) ;
#1582 = EDGE_CURVE ( 'NONE', #1116, #1987, #1563, .T. ) ;
#1583 = VECTOR ( 'NONE', #967, 1000.000000000000000 ) ;
#1584 = CARTESIAN_POINT ( 'NONE',  ( 0.000000000000000000, 0.000000000000000000, 0.9000000000000001332 ) ) ;
#1585 = CARTESIAN_POINT ( 'NONE',  ( 0.2497999199359363376, 2.300000000000000266, 1.300000000000000044 ) ) ;
#1586 = EDGE_LOOP ( 'NONE', ( #2545, #687, #836 ) ) ;
#1587 = EDGE_CURVE ( 'NONE', #2137, #2526, #85, .T. ) ;
#1588 = ORIENTED_EDGE ( 'NONE', *, *, #972, .T. ) ;
#1589 = DIRECTION ( 'NONE',  ( 0.000000000000000000, 0.000000000000000000, 1.000000000000000000 ) ) ;
#1590 = AXIS2_PLACEMENT_3D ( 'NONE', #2366, #1592, #2066 ) ;
#1591 = DIRECTION ( 'NONE',  ( -0.000000000000000000, -1.000000000000000000, -0.000000000000000000 ) ) ;
#1592 = DIRECTION ( 'NONE',  ( 0.000000000000000000, -0.000000000000000000, 1.000000000000000000 ) ) ;
#1593 = ORIENTED_EDGE ( 'NONE', *, *, #972, .F. ) ;
#1594 = EDGE_CURVE ( 'NONE', #3109, #1015, #564, .T. ) ;
#1595 = CARTESIAN_POINT ( 'NONE',  ( -0.3200000000000000622, 2.499999999999997780, 0.1000000000000000056 ) ) ;
#1596 = ORIENTED_EDGE ( 'NONE', *, *, #3031, .T. ) ;
#1597 = ORIENTED_EDGE ( 'NONE', *, *, #2479, .F. ) ;
#1598 = CARTESIAN_POINT ( 'NONE',  ( 0.000000000000000000, 0.000000000000000000, 1.300000000000000044 ) ) ;
#1599 = DIRECTION ( 'NONE',  ( -0.000000000000000000, -0.000000000000000000, -1.000000000000000000 ) ) ;
#1600 = ORIENTED_EDGE ( 'NONE', *, *, #909, .T. ) ;
#1601 = ADVANCED_FACE ( 'NONE', ( #1548 ), #2637, .F. ) ;
#1602 = CARTESIAN_POINT ( 'NONE',  ( -2.500000000000000000, 0.9500000000000000666, 0.000000000000000000 ) ) ;
#1603 = CARTESIAN_POINT ( 'NONE',  ( 2.500000000000005773, 1.590000000000000524, 0.1000000000000000056 ) ) ;
#1604 = DIRECTION ( 'NONE',  ( -0.000000000000000000, -0.000000000000000000, -1.000000000000000000 ) ) ;
#1605 = CARTESIAN_POINT ( 'NONE',  ( -2.500000000000000000, 2.250000000000000000, 1.300000000000000044 ) ) ;
#1606 = DIRECTION ( 'NONE',  ( -0.000000000000000000, 0.000000000000000000, -1.000000000000000000 ) ) ;
#1607 = ORIENTED_EDGE ( 'NONE', *, *, #680, .T. ) ;
#1608 = CIRCLE ( 'NONE', #166, 0.3199999999999999512 ) ;
#1609 = EDGE_CURVE ( 'NONE', #408, #1467, #2585, .T. ) ;
#1610 = CARTESIAN_POINT ( 'NONE',  ( 2.500000000000000000, -0.3199999999999995071, 2.205096679918780556 ) ) ;
#1611 = CARTESIAN_POINT ( 'NONE',  ( 1.000000000000000000, 0.000000000000000000, 0.9000000000000001332 ) ) ;
#1612 = ORIENTED_EDGE ( 'NONE', *, *, #1502, .F. ) ;
#1613 = ORIENTED_EDGE ( 'NONE', *, *, #2343, .T. ) ;
#1614 = CARTESIAN_POINT ( 'NONE',  ( 0.9999999999999965583, 1.000000000000000000, 1.500000000000000000 ) ) ;
#1615 = EDGE_CURVE ( 'NONE', #790, #1247, #2069, .T. ) ;
#1616 = DIRECTION ( 'NONE',  ( 1.000000000000000000, 0.000000000000000000, 0.000000000000000000 ) ) ;
#1617 = DIRECTION ( 'NONE',  ( -0.000000000000000000, 0.000000000000000000, -1.000000000000000000 ) ) ;
#1618 = EDGE_CURVE ( 'NONE', #2152, #871, #803, .T. ) ;
#1619 = VECTOR ( 'NONE', #3108, 1000.000000000000000 ) ;
#1620 = ORIENTED_EDGE ( 'NONE', *, *, #1630, .T. ) ;
#1621 = CARTESIAN_POINT ( 'NONE',  ( -2.300000000000000266, 1.899999999999999245, 1.500000000000000000 ) ) ;
#1622 = CARTESIAN_POINT ( 'NONE',  ( -2.500000000000012434, -1.270000000000000018, 0.09999999999999982514 ) ) ;
#1623 = PLANE ( 'NONE',  #489 ) ;
#1624 = CARTESIAN_POINT ( 'NONE',  ( 0.000000000000000000, -2.499999999999999556, 1.300000000000000044 ) ) ;
#1625 = CARTESIAN_POINT ( 'NONE',  ( -1.329999999999995186, -1.590000000000000302, 0.1000000000000000056 ) ) ;
#1626 = EDGE_LOOP ( 'NONE', ( #2052, #2306, #2665, #2435, #1588, #2075 ) ) ;
#1627 = VECTOR ( 'NONE', #83, 1000.000000000000000 ) ;
#1628 = CARTESIAN_POINT ( 'NONE',  ( -2.500000000000000000, 1.590000000000000080, 2.205096679918780556 ) ) ;
#1629 = CYLINDRICAL_SURFACE ( 'NONE', #1415, 0.2999999999999999334 ) ;
#1630 = EDGE_CURVE ( 'NONE', #3255, #3109, #508, .T. ) ;
#1631 = ORIENTED_EDGE ( 'NONE', *, *, #691, .F. ) ;
#1632 = VERTEX_POINT ( 'NONE', #2368 ) ;
#1633 = CARTESIAN_POINT ( 'NONE',  ( -0.3000000000000034861, 1.000000000000000000, 0.9000000000000001332 ) ) ;
#1634 = VECTOR ( 'NONE', #965, 1000.000000000000000 ) ;
#1635 = DIRECTION ( 'NONE',  ( -1.000000000000000000, 0.000000000000000000, 0.000000000000000000 ) ) ;
#1636 = CALENDAR_DATE ( 2026, 17, 2 ) ;
#1637 = AXIS2_PLACEMENT_3D ( 'NONE', #2805, #244, #1513 ) ;
#1638 = ORIENTED_EDGE ( 'NONE', *, *, #99, .T. ) ;
#1639 = AXIS2_PLACEMENT_3D ( 'NONE', #830, #1662, #1891 ) ;
#1640 = FACE_OUTER_BOUND ( 'NONE', #2961, .T. ) ;
#1641 = EDGE_CURVE ( 'NONE', #2476, #2850, #1305, .T. ) ;
#1642 = EDGE_CURVE ( 'NONE', #1926, #809, #1897, .T. ) ;
#1643 = DIRECTION ( 'NONE',  ( 1.000000000000000000, 0.000000000000000000, -0.000000000000000000 ) ) ;
#1644 = DIRECTION ( 'NONE',  ( 0.000000000000000000, 0.000000000000000000, -1.000000000000000000 ) ) ;
#1645 = AXIS2_PLACEMENT_3D ( 'NONE', #1020, #3116, #545 ) ;
#1646 = CARTESIAN_POINT ( 'NONE',  ( -2.500000000000000000, 0.9500000000000000666, 0.1000000000000000056 ) ) ;
#1647 = VERTEX_POINT ( 'NONE', #520 ) ;
#1648 = CARTESIAN_POINT ( 'NONE',  ( -1.329999999999995186, -0.3200000000000000622, 0.1000000000000000056 ) ) ;
#1649 = AXIS2_PLACEMENT_3D ( 'NONE', #2350, #1068, #2866 ) ;
#1650 = ORIENTED_EDGE ( 'NONE', *, *, #14, .T. ) ;
#1651 = DIRECTION ( 'NONE',  ( 1.000000000000000000, 0.000000000000000000, 0.000000000000000000 ) ) ;
#1652 = CC_DESIGN_PERSON_AND_ORGANIZATION_ASSIGNMENT ( #129, #2187, ( #1409 ) ) ;
#1653 = FACE_OUTER_BOUND ( 'NONE', #481, .T. ) ;
#1654 = EDGE_LOOP ( 'NONE', ( #2845, #2060, #1204 ) ) ;
#1655 = DATE_AND_TIME ( #1413, #2445 ) ;
#1656 = ORIENTED_EDGE ( 'NONE', *, *, #630, .T. ) ;
#1657 = EDGE_CURVE ( 'NONE', #2396, #3045, #548, .T. ) ;
#1658 = CARTESIAN_POINT ( 'NONE',  ( 1.329999999999999627, -0.9499999999999996225, 0.1000000000000000056 ) ) ;
#1659 = CARTESIAN_POINT ( 'NONE',  ( 0.2999999999999966582, 1.000000000000000000, 1.500000000000000000 ) ) ;
#1660 = DIRECTION ( 'NONE',  ( -0.000000000000000000, -0.000000000000000000, 1.000000000000000000 ) ) ;
#1661 = DIRECTION ( 'NONE',  ( -0.000000000000000000, 0.000000000000000000, -1.000000000000000000 ) ) ;
#1662 = DIRECTION ( 'NONE',  ( 1.734723475976807341E-16, -1.000000000000000000, 0.000000000000000000 ) ) ;
#1663 = ORIENTED_EDGE ( 'NONE', *, *, #981, .T. ) ;
#1664 = CARTESIAN_POINT ( 'NONE',  ( 0.000000000000000000, 0.000000000000000000, 1.300000000000000044 ) ) ;
#1665 = CARTESIAN_POINT ( 'NONE',  ( 2.500000000000000000, -2.499999999999999556, 1.300000000000000044 ) ) ;
#1666 = VECTOR ( 'NONE', #515, 1000.000000000000000 ) ;
#1667 = AXIS2_PLACEMENT_3D ( 'NONE', #2029, #2798, #1490 ) ;
#1668 = CARTESIAN_POINT ( 'NONE',  ( -2.500000000000000000, -1.590000000000000080, 0.1000000000000000056 ) ) ;
#1669 = ORIENTED_EDGE ( 'NONE', *, *, #3058, .T. ) ;
#1670 = APPROVAL_ROLE ( '' ) ;
#1671 = VERTEX_POINT ( 'NONE', #1928 ) ;
#1672 = ADVANCED_FACE ( 'NONE', ( #2469 ), #2915, .F. ) ;
#1673 = ORIENTED_EDGE ( 'NONE', *, *, #1959, .F. ) ;
#1674 = DIRECTION ( 'NONE',  ( 1.000000000000000000, -0.000000000000000000, -0.000000000000000000 ) ) ;
#1675 = CARTESIAN_POINT ( 'NONE',  ( 2.499999999999987121, -1.269999999999999574, 1.300000000000000044 ) ) ;
#1676 = FACE_OUTER_BOUND ( 'NONE', #426, .T. ) ;
#1677 = DIRECTION ( 'NONE',  ( 0.000000000000000000, -0.000000000000000000, -1.000000000000000000 ) ) ;
#1678 = EDGE_LOOP ( 'NONE', ( #1706, #417, #195, #2564, #904, #1275 ) ) ;
#1679 = EDGE_CURVE ( 'NONE', #1259, #1118, #3203, .T. ) ;
#1680 = EDGE_CURVE ( 'NONE', #1920, #1116, #2931, .T. ) ;
#1681 = CARTESIAN_POINT ( 'NONE',  ( 2.500000000000000000, -0.3199999999999995071, 0.000000000000000000 ) ) ;
#1682 = VERTEX_POINT ( 'NONE', #173 ) ;
#1684 = CARTESIAN_POINT ( 'NONE',  ( 0.9999999999999965583, 1.000000000000000000, 0.9000000000000001332 ) ) ;
#1683 = CIRCLE ( 'NONE', #2924, 0.3199999999999999512 ) ;
#1685 = VECTOR ( 'NONE', #2903, 1000.000000000000000 ) ;
#1686 = DIRECTION ( 'NONE',  ( 0.000000000000000000, -0.000000000000000000, 1.000000000000000000 ) ) ;
#1687 = VERTEX_POINT ( 'NONE', #614 ) ;
#1688 = APPROVAL_DATE_TIME ( #1967, #2953 ) ;
#1689 = ORIENTED_EDGE ( 'NONE', *, *, #2450, .T. ) ;
#1690 = VECTOR ( 'NONE', #2455, 1000.000000000000000 ) ;
#1691 = ORIENTED_EDGE ( 'NONE', *, *, #582, .T. ) ;
#1692 = CARTESIAN_POINT ( 'NONE',  ( 2.500000000000000000, 0.3200000000000003397, 0.1000000000000000056 ) ) ;
#1693 = AXIS2_PLACEMENT_3D ( 'NONE', #450, #204, #678 ) ;
#1694 = CARTESIAN_POINT ( 'NONE',  ( 1.041321167657203407E-14, -1.000000000000000000, 0.9000000000000001332 ) ) ;
#1695 = CYLINDRICAL_SURFACE ( 'NONE', #2700, 0.2999999999999999334 ) ;
#1696 = DIRECTION ( 'NONE',  ( -0.000000000000000000, -0.000000000000000000, 1.000000000000000000 ) ) ;
#1697 = DIRECTION ( 'NONE',  ( -1.000000000000000000, -1.734723475976807094E-16, 0.000000000000000000 ) ) ;
#1698 = ORIENTED_EDGE ( 'NONE', *, *, #638, .T. ) ;
#1699 = DIRECTION ( 'NONE',  ( 1.000000000000000000, 0.000000000000000000, 0.000000000000000000 ) ) ;
#1700 = ORIENTED_EDGE ( 'NONE', *, *, #2942, .F. ) ;
#1701 = CARTESIAN_POINT ( 'NONE',  ( 2.500000000000000000, -2.499999999999999556, 0.000000000000000000 ) ) ;
#1702 = EDGE_CURVE ( 'NONE', #2242, #2586, #1153, .T. ) ;
#1703 = VECTOR ( 'NONE', #2434, 1000.000000000000000 ) ;
#1704 = AXIS2_PLACEMENT_3D ( 'NONE', #2612, #483, #2281 ) ;
#1705 = PLANE ( 'NONE',  #2762 ) ;
#1706 = ORIENTED_EDGE ( 'NONE', *, *, #198, .F. ) ;
#1707 = ORIENTED_EDGE ( 'NONE', *, *, #452, .T. ) ;
#1708 = CARTESIAN_POINT ( 'NONE',  ( -2.499999999999999556, 0.000000000000000000, 1.300000000000000044 ) ) ;
#1709 = ADVANCED_FACE ( 'NONE', ( #159 ), #1629, .F. ) ;
#1710 = LINE ( 'NONE', #2745, #330 ) ;
#1711 = DIRECTION ( 'NONE',  ( 1.000000000000000000, 0.000000000000000000, 0.000000000000000000 ) ) ;
#1712 = DIRECTION ( 'NONE',  ( -0.000000000000000000, 0.000000000000000000, -1.000000000000000000 ) ) ;
#1713 = CARTESIAN_POINT ( 'NONE',  ( 1.900000000000000355, 1.900000000000000355, 1.300000000000000044 ) ) ;
#1714 = ORIENTED_EDGE ( 'NONE', *, *, #1142, .F. ) ;
#1715 = PLANE ( 'NONE',  #3147 ) ;
#1716 = LINE ( 'NONE', #2752, #1899 ) ;
#1717 = CARTESIAN_POINT ( 'NONE',  ( 0.3200000000000000622, -2.500000000000001776, 0.1000000000000000056 ) ) ;
#1718 = CARTESIAN_POINT ( 'NONE',  ( 2.499999999999988454, -0.9499999999999996225, 0.000000000000000000 ) ) ;
#1719 = EDGE_CURVE ( 'NONE', #2094, #919, #1576, .T. ) ;
#1720 = ORIENTED_EDGE ( 'NONE', *, *, #1950, .F. ) ;
#1721 = ORIENTED_EDGE ( 'NONE', *, *, #802, .F. ) ;
#1722 = AXIS2_PLACEMENT_3D ( 'NONE', #17, #748, #235 ) ;
#1723 = EDGE_LOOP ( 'NONE', ( #2085, #3187, #1445, #635 ) ) ;
#1724 = CIRCLE ( 'NONE', #279, 0.3199999999999999512 ) ;
#1725 = DIRECTION ( 'NONE',  ( 0.000000000000000000, 0.000000000000000000, 1.000000000000000000 ) ) ;
#1726 = LINE ( 'NONE', #907, #2096 ) ;
#1727 = LINE ( 'NONE', #448, #2755 ) ;
#1728 = DIRECTION ( 'NONE',  ( 0.000000000000000000, -0.000000000000000000, 1.000000000000000000 ) ) ;
#1729 = ORIENTED_EDGE ( 'NONE', *, *, #708, .F. ) ;
#1730 = AXIS2_PLACEMENT_3D ( 'NONE', #464, #993, #2557 ) ;
#1731 = CARTESIAN_POINT ( 'NONE',  ( 0.3200000000000000622, -2.500000000000001776, 0.1000000000000000056 ) ) ;
#1732 = DIRECTION ( 'NONE',  ( 0.000000000000000000, -0.000000000000000000, 1.000000000000000000 ) ) ;
#1733 = FACE_OUTER_BOUND ( 'NONE', #1654, .T. ) ;
#1734 = EDGE_CURVE ( 'NONE', #402, #1131, #631, .T. ) ;
#1735 = DIRECTION ( 'NONE',  ( 0.000000000000000000, 0.000000000000000000, 1.000000000000000000 ) ) ;
#1736 = VECTOR ( 'NONE', #1364, 1000.000000000000000 ) ;
#1737 = EDGE_LOOP ( 'NONE', ( #3211, #1323, #2511, #2737 ) ) ;
#1738 = EDGE_LOOP ( 'NONE', ( #2377, #955, #1845, #2922, #2342 ) ) ;
#1739 = AXIS2_PLACEMENT_3D ( 'NONE', #1535, #2554, #2758 ) ;
#1740 = ORIENTED_EDGE ( 'NONE', *, *, #1877, .T. ) ;
#1741 = ORIENTED_EDGE ( 'NONE', *, *, #2409, .T. ) ;
#1742 = AXIS2_PLACEMENT_3D ( 'NONE', #2183, #3168, #1699 ) ;
#1743 = CARTESIAN_POINT ( 'NONE',  ( -1.329999999999995186, 0.3200000000000001177, 0.1000000000000000056 ) ) ;
#1744 = DIRECTION ( 'NONE',  ( -1.000000000000000000, 0.000000000000000000, 0.000000000000000000 ) ) ;
#1745 = AXIS2_PLACEMENT_3D ( 'NONE', #1087, #92, #3153 ) ;
#1746 = CARTESIAN_POINT ( 'NONE',  ( 0.3200000000000000622, 2.499999999999997780, 0.000000000000000000 ) ) ;
#1747 = VERTEX_POINT ( 'NONE', #1373 ) ;
#1748 = EDGE_CURVE ( 'NONE', #707, #1632, #863, .T. ) ;
#1749 = EDGE_CURVE ( 'NONE', #309, #216, #401, .T. ) ;
#1750 = CARTESIAN_POINT ( 'NONE',  ( 2.500000000000000000, 2.500000000000000444, 0.000000000000000000 ) ) ;
#1751 = VERTEX_POINT ( 'NONE', #882 ) ;
#1752 = PLANE ( 'NONE',  #3102 ) ;
#1753 = ADVANCED_FACE ( 'NONE', ( #2718 ), #1423, .F. ) ;
#1754 = CARTESIAN_POINT ( 'NONE',  ( 0.000000000000000000, 0.000000000000000000, 0.9000000000000001332 ) ) ;
#1755 = ORIENTED_EDGE ( 'NONE', *, *, #732, .F. ) ;
#1756 = EDGE_CURVE ( 'NONE', #537, #2817, #33, .T. ) ;
#1757 = CIRCLE ( 'NONE', #672, 0.2999999999999999334 ) ;
#1758 = VERTEX_POINT ( 'NONE', #2149 ) ;
#1759 = EDGE_LOOP ( 'NONE', ( #2876, #3293, #3029, #1319, #1021, #158 ) ) ;
#1760 = FACE_OUTER_BOUND ( 'NONE', #142, .T. ) ;
#1761 = DIRECTION ( 'NONE',  ( -0.000000000000000000, -0.000000000000000000, -1.000000000000000000 ) ) ;
#1762 = DIRECTION ( 'NONE',  ( -1.000000000000000000, 0.000000000000000000, 0.000000000000000000 ) ) ;
#1763 = VERTEX_POINT ( 'NONE', #1894 ) ;
#1764 = CARTESIAN_POINT ( 'NONE',  ( 1.329999999999999627, -0.9499999999999996225, 0.1000000000000000056 ) ) ;
#1765 = EDGE_LOOP ( 'NONE', ( #1700, #559 ) ) ;
#1766 = DIRECTION ( 'NONE',  ( 1.000000000000000000, 0.000000000000000000, 0.000000000000000000 ) ) ;
#1767 = DIRECTION ( 'NONE',  ( -1.000000000000000000, 0.000000000000000000, 0.000000000000000000 ) ) ;
#1768 = ORIENTED_EDGE ( 'NONE', *, *, #1959, .T. ) ;
#1769 = FACE_BOUND ( 'NONE', #1224, .T. ) ;
#1770 = ORIENTED_EDGE ( 'NONE', *, *, #413, .F. ) ;
#1771 = EDGE_CURVE ( 'NONE', #2256, #2929, #1912, .T. ) ;
#1772 = VERTEX_POINT ( 'NONE', #2684 ) ;
#1773 = VECTOR ( 'NONE', #2505, 1000.000000000000000 ) ;
#1774 = LINE ( 'NONE', #2814, #434 ) ;
#1775 = CARTESIAN_POINT ( 'NONE',  ( 0.000000000000000000, 0.000000000000000000, 1.300000000000000044 ) ) ;
#1776 = CARTESIAN_POINT ( 'NONE',  ( 1.330000000000000071, 0.9500000000000005107, 0.000000000000000000 ) ) ;
#1777 = ORIENTED_EDGE ( 'NONE', *, *, #1778, .T. ) ;
#1778 = EDGE_CURVE ( 'NONE', #1015, #736, #3034, .T. ) ;
#1779 = FACE_OUTER_BOUND ( 'NONE', #1314, .T. ) ;
#1780 = LINE ( 'NONE', #2568, #998 ) ;
#1781 = AXIS2_PLACEMENT_3D ( 'NONE', #1598, #1291, #2641 ) ;
#1782 = CARTESIAN_POINT ( 'NONE',  ( 2.180000000000004601, 1.270000000000000462, 2.205096679918780556 ) ) ;
#1783 = ADVANCED_FACE ( 'NONE', ( #1388 ), #2420, .F. ) ;
#1784 = DIRECTION ( 'NONE',  ( 1.000000000000000000, 0.000000000000000000, 0.000000000000000000 ) ) ;
#1785 = EDGE_LOOP ( 'NONE', ( #1508, #2934, #497, #1538, #2108 ) ) ;
#1786 = VERTEX_POINT ( 'NONE', #2736 ) ;
#1787 = ORIENTED_EDGE ( 'NONE', *, *, #1748, .F. ) ;
#1788 = AXIS2_PLACEMENT_3D ( 'NONE', #428, #445, #1468 ) ;
#1789 = DIRECTION ( 'NONE',  ( 1.000000000000000000, -0.000000000000000000, -0.000000000000000000 ) ) ;
#1790 = ADVANCED_FACE ( 'NONE', ( #418 ), #848, .T. ) ;
#1791 = VERTEX_POINT ( 'NONE', #3319 ) ;
#1792 = CIRCLE ( 'NONE', #772, 0.2999999999999999334 ) ;
#1793 = LINE ( 'NONE', #812, #2906 ) ;
#1794 = FACE_OUTER_BOUND ( 'NONE', #1785, .T. ) ;
#1795 = AXIS2_PLACEMENT_3D ( 'NONE', #817, #337, #1577 ) ;
#1796 = DIRECTION ( 'NONE',  ( 0.000000000000000000, 1.000000000000000000, 0.000000000000000000 ) ) ;
#1797 = ORIENTED_EDGE ( 'NONE', *, *, #2760, .T. ) ;
#1798 = ADVANCED_FACE ( 'NONE', ( #207 ), #1458, .F. ) ;
#1799 = CIRCLE ( 'NONE', #2671, 0.3200000000000000622 ) ;
#1800 = CARTESIAN_POINT ( 'NONE',  ( 2.500000000000004441, 1.270000000000000462, 1.300000000000000044 ) ) ;
#1801 = ORIENTED_EDGE ( 'NONE', *, *, #2750, .T. ) ;
#1802 = DIRECTION ( 'NONE',  ( -0.000000000000000000, -0.000000000000000000, 1.000000000000000000 ) ) ;
#1803 = VECTOR ( 'NONE', #3323, 1000.000000000000000 ) ;
#1804 = ORIENTED_EDGE ( 'NONE', *, *, #1005, .T. ) ;
#1805 = LINE ( 'NONE', #2848, #2962 ) ;
#1806 = ORIENTED_EDGE ( 'NONE', *, *, #462, .T. ) ;
#1807 = EDGE_CURVE ( 'NONE', #2277, #1632, #502, .T. ) ;
#1808 = LINE ( 'NONE', #2851, #1392 ) ;
#1809 = CARTESIAN_POINT ( 'NONE',  ( -0.2999999999999896083, -1.000000000000000000, 0.9000000000000001332 ) ) ;
#1810 = CYLINDRICAL_SURFACE ( 'NONE', #446, 0.3000000000000000444 ) ;
#1811 = DIRECTION ( 'NONE',  ( -0.000000000000000000, -0.000000000000000000, -1.000000000000000000 ) ) ;
#1812 = EDGE_LOOP ( 'NONE', ( #1481, #1222, #1806, #1414 ) ) ;
#1813 = CARTESIAN_POINT ( 'NONE',  ( -0.3200000000000003397, 0.4200000000000002620, 0.000000000000000000 ) ) ;
#1814 = ORIENTED_EDGE ( 'NONE', *, *, #1756, .F. ) ;
#1815 = CARTESIAN_POINT ( 'NONE',  ( 0.000000000000000000, 0.000000000000000000, 1.300000000000000044 ) ) ;
#1816 = CARTESIAN_POINT ( 'NONE',  ( -0.3200000000000000622, -2.500000000000000000, 2.205096679918780556 ) ) ;
#1817 = DIRECTION ( 'NONE',  ( 0.000000000000000000, 1.000000000000000000, -0.000000000000000000 ) ) ;
#1818 = ORIENTED_EDGE ( 'NONE', *, *, #582, .F. ) ;
#1819 = CC_DESIGN_PERSON_AND_ORGANIZATION_ASSIGNMENT ( #1124, #1395, ( #1852 ) ) ;
#1820 = FACE_OUTER_BOUND ( 'NONE', #1089, .T. ) ;
#1821 = ORIENTED_EDGE ( 'NONE', *, *, #395, .T. ) ;
#1822 = VECTOR ( 'NONE', #2909, 1000.000000000000000 ) ;
#1823 = CARTESIAN_POINT ( 'NONE',  ( -0.3200000000000000622, -2.499999999999999556, 1.300000000000000044 ) ) ;
#1824 = CARTESIAN_POINT ( 'NONE',  ( -2.250000000000000444, -2.500000000000000000, 1.300000000000000044 ) ) ;
#1825 = ADVANCED_FACE ( 'NONE', ( #2802 ), #2014, .F. ) ;
#1826 = LINE ( 'NONE', #71, #3046 ) ;
#1827 = ORIENTED_EDGE ( 'NONE', *, *, #1348, .T. ) ;
#1828 = DIRECTION ( 'NONE',  ( 1.000000000000000000, 2.032879073410321208E-15, 0.000000000000000000 ) ) ;
#1829 = ORIENTED_EDGE ( 'NONE', *, *, #1362, .T. ) ;
#1830 = ORIENTED_EDGE ( 'NONE', *, *, #2574, .T. ) ;
#1831 = ADVANCED_FACE ( 'NONE', ( #2034 ), #1715, .F. ) ;
#1832 = CARTESIAN_POINT ( 'NONE',  ( -0.3200000000000000622, 2.500000000000000000, 0.09999999999999982514 ) ) ;
#1833 = CARTESIAN_POINT ( 'NONE',  ( -2.300000000000000266, 1.519799919935939991, 1.300000000000000044 ) ) ;
#1834 = VERTEX_POINT ( 'NONE', #1527 ) ;
#1835 = ORIENTED_EDGE ( 'NONE', *, *, #2235, .F. ) ;
#1836 = VECTOR ( 'NONE', #50, 1000.000000000000000 ) ;
#1837 = DIRECTION ( 'NONE',  ( 1.853337046983759214E-16, 1.000000000000000000, -0.000000000000000000 ) ) ;
#1838 = FACE_OUTER_BOUND ( 'NONE', #2674, .T. ) ;
#1839 = CARTESIAN_POINT ( 'NONE',  ( 2.500000000000000000, 0.3200000000000003397, 2.205096679918780556 ) ) ;
#1840 = LINE ( 'NONE', #2633, #409 ) ;
#1841 = ORIENTED_EDGE ( 'NONE', *, *, #2539, .F. ) ;
#1842 = AXIS2_PLACEMENT_3D ( 'NONE', #1960, #2267, #700 ) ;
#1843 = CARTESIAN_POINT ( 'NONE',  ( 0.3000000000000104250, -1.000000000000000000, 0.9000000000000001332 ) ) ;
#1844 = ORIENTED_EDGE ( 'NONE', *, *, #2409, .F. ) ;
#1845 = ORIENTED_EDGE ( 'NONE', *, *, #1985, .T. ) ;
#1846 = ADVANCED_FACE ( 'NONE', ( #3271 ), #717, .T. ) ;
#1847 = VECTOR ( 'NONE', #910, 1000.000000000000000 ) ;
#1848 = CARTESIAN_POINT ( 'NONE',  ( 1.000000000000000000, 0.000000000000000000, 1.500000000000000000 ) ) ;
#1849 = EDGE_CURVE ( 'NONE', #562, #1260, #1093, .T. ) ;
#1850 = CARTESIAN_POINT ( 'NONE',  ( -2.500000000000000000, -2.500000000000000000, 1.300000000000000044 ) ) ;
#1851 = ORIENTED_EDGE ( 'NONE', *, *, #1618, .T. ) ;
#1852 = PRODUCT_DEFINITION_FORMATION_WITH_SPECIFIED_SOURCE ( 'ANY', '', #1409, .NOT_KNOWN. ) ;
#1853 = DIRECTION ( 'NONE',  ( 1.000000000000000000, -1.853337046983759214E-16, 0.000000000000000000 ) ) ;
#1854 = CIRCLE ( 'NONE', #2233, 0.2999999999999999334 ) ;
#1855 = EDGE_CURVE ( 'NONE', #1987, #2240, #2567, .T. ) ;
#1856 = LINE ( 'NONE', #2835, #2309 ) ;
#1857 = PLANE ( 'NONE',  #354 ) ;
#1858 = ORIENTED_EDGE ( 'NONE', *, *, #134, .F. ) ;
#1859 = ADVANCED_FACE ( 'NONE', ( #3044 ), #2527, .F. ) ;
#1860 = FACE_OUTER_BOUND ( 'NONE', #1088, .T. ) ;
#1861 = ORIENTED_EDGE ( 'NONE', *, *, #2639, .T. ) ;
#1862 = DIRECTION ( 'NONE',  ( 0.000000000000000000, 0.000000000000000000, 1.000000000000000000 ) ) ;
#1863 = DIRECTION ( 'NONE',  ( 1.000000000000000000, -3.706674093967521386E-16, 0.000000000000000000 ) ) ;
#1864 = VERTEX_POINT ( 'NONE', #752 ) ;
#1865 = LINE ( 'NONE', #1621, #1736 ) ;
#1866 = EDGE_CURVE ( 'NONE', #1085, #2277, #932, .T. ) ;
#1867 = DIRECTION ( 'NONE',  ( -1.000000000000000000, 0.000000000000000000, 0.000000000000000000 ) ) ;
#1868 = FACE_OUTER_BOUND ( 'NONE', #3002, .T. ) ;
#1869 = ADVANCED_FACE ( 'NONE', ( #1476 ), #1233, .F. ) ;
#1870 = ORIENTED_EDGE ( 'NONE', *, *, #3071, .F. ) ;
#1871 = AXIS2_PLACEMENT_3D ( 'NONE', #799, #3148, #2300 ) ;
#1872 = CARTESIAN_POINT ( 'NONE',  ( 1.329999999999999627, -0.9499999999999996225, 0.000000000000000000 ) ) ;
#1873 = CARTESIAN_POINT ( 'NONE',  ( -1.900000000000000355, 1.899999999999999245, 1.500000000000000000 ) ) ;
#1874 = ORIENTED_EDGE ( 'NONE', *, *, #2076, .F. ) ;
#1875 = VECTOR ( 'NONE', #2506, 1000.000000000000000 ) ;
#1876 = ORIENTED_EDGE ( 'NONE', *, *, #2327, .T. ) ;
#1877 = EDGE_CURVE ( 'NONE', #2335, #1751, #1509, .T. ) ;
#1878 = CARTESIAN_POINT ( 'NONE',  ( -1.899999999999999245, -1.900000000000000355, 1.500000000000000000 ) ) ;
#1879 = CARTESIAN_POINT ( 'NONE',  ( 2.500000000000000000, 2.500000000000000444, 1.300000000000000044 ) ) ;
#1880 = DIRECTION ( 'NONE',  ( 0.000000000000000000, 0.000000000000000000, -1.000000000000000000 ) ) ;
#1881 = VECTOR ( 'NONE', #792, 1000.000000000000000 ) ;
#1882 = ADVANCED_FACE ( 'NONE', ( #1779 ), #2491, .T. ) ;
#1883 = ORIENTED_EDGE ( 'NONE', *, *, #381, .F. ) ;
#1884 = EDGE_CURVE ( 'NONE', #3079, #402, #1976, .T. ) ;
#1885 = ADVANCED_BREP_SHAPE_REPRESENTATION ( 'Sensor_Model_No_GM_702B', ( #43, #2622 ), #2003 ) ;
#1886 = CARTESIAN_POINT ( 'NONE',  ( 2.300000000000000266, 2.300000000000000266, 1.500000000000000000 ) ) ;
#1887 = AXIS2_PLACEMENT_3D ( 'NONE', #540, #1569, #780 ) ;
#1888 = DIRECTION ( 'NONE',  ( -0.000000000000000000, -0.000000000000000000, -1.000000000000000000 ) ) ;
#1889 = CARTESIAN_POINT ( 'NONE',  ( -0.9999999999999895639, -1.000000000000006883, 1.500000000000000000 ) ) ;
#1890 = EDGE_CURVE ( 'NONE', #1758, #375, #1217, .T. ) ;
#1891 = DIRECTION ( 'NONE',  ( 1.000000000000000000, 1.734723475976807341E-16, 0.000000000000000000 ) ) ;
#1892 = ORIENTED_EDGE ( 'NONE', *, *, #2459, .F. ) ;
#1893 = AXIS2_PLACEMENT_3D ( 'NONE', #2262, #1712, #2747 ) ;
#1894 = CARTESIAN_POINT ( 'NONE',  ( -0.3200000000000000622, -1.269999999999999574, 0.1000000000000000056 ) ) ;
#1895 = ORIENTED_EDGE ( 'NONE', *, *, #2980, .T. ) ;
#1896 = DIRECTION ( 'NONE',  ( -0.000000000000000000, -0.000000000000000000, -1.000000000000000000 ) ) ;
#1897 = CIRCLE ( 'NONE', #1143, 0.3199999999999999512 ) ;
#1898 = ADVANCED_FACE ( 'NONE', ( #240 ), #1250, .T. ) ;
#1899 = VECTOR ( 'NONE', #436, 1000.000000000000000 ) ;
#1900 = DIRECTION ( 'NONE',  ( 0.000000000000000000, -1.000000000000000000, 0.000000000000000000 ) ) ;
#1901 = ORIENTED_EDGE ( 'NONE', *, *, #395, .F. ) ;
#1902 =( NAMED_UNIT ( * ) PLANE_ANGLE_UNIT ( ) SI_UNIT ( $, .RADIAN. ) );
#1903 = VECTOR ( 'NONE', #2495, 1000.000000000000000 ) ;
#1904 = VERTEX_POINT ( 'NONE', #2357 ) ;
#1905 = SECURITY_CLASSIFICATION ( '', '', #2938 ) ;
#1906 = PLANE ( 'NONE',  #1522 ) ;
#1907 = CARTESIAN_POINT ( 'NONE',  ( 0.3200000000000000622, -2.500000000000000000, 2.205096679918780556 ) ) ;
#1908 = DIRECTION ( 'NONE',  ( 1.000000000000000000, 0.000000000000000000, 0.000000000000000000 ) ) ;
#1909 = VECTOR ( 'NONE', #3234, 1000.000000000000000 ) ;
#1910 = DIRECTION ( 'NONE',  ( -1.000000000000000000, 9.266685234918796068E-17, -0.000000000000000000 ) ) ;
#1911 = ORIENTED_EDGE ( 'NONE', *, *, #3166, .F. ) ;
#1912 = LINE ( 'NONE', #1648, #2828 ) ;
#1913 = ORIENTED_EDGE ( 'NONE', *, *, #3123, .T. ) ;
#1914 = EDGE_CURVE ( 'NONE', #1791, #2553, #1040, .T. ) ;
#1915 = VECTOR ( 'NONE', #1789, 1000.000000000000000 ) ;
#1916 = LINE ( 'NONE', #1425, #2940 ) ;
#1917 = DIRECTION ( 'NONE',  ( -0.000000000000000000, -1.000000000000000000, -0.000000000000000000 ) ) ;
#1918 = ORIENTED_EDGE ( 'NONE', *, *, #2374, .T. ) ;
#1919 = APPROVAL_STATUS ( 'not_yet_approved' ) ;
#1920 = VERTEX_POINT ( 'NONE', #1580 ) ;
#1921 = ADVANCED_FACE ( 'NONE', ( #2372 ), #1090, .F. ) ;
#1922 = DIRECTION ( 'NONE',  ( 0.000000000000000000, -0.000000000000000000, -1.000000000000000000 ) ) ;
#1923 = DIRECTION ( 'NONE',  ( -0.000000000000000000, -1.000000000000000000, -0.000000000000000000 ) ) ;
#1924 = DIRECTION ( 'NONE',  ( 0.000000000000000000, 0.000000000000000000, -1.000000000000000000 ) ) ;
#1925 = CARTESIAN_POINT ( 'NONE',  ( 0.000000000000000000, 2.500000000000000000, 1.300000000000000044 ) ) ;
#1926 = VERTEX_POINT ( 'NONE', #3085 ) ;
#1927 = EDGE_CURVE ( 'NONE', #738, #2643, #2560, .T. ) ;
#1928 = CARTESIAN_POINT ( 'NONE',  ( -1.329999999999995186, -0.9500000000000005107, 0.1000000000000000056 ) ) ;
#1929 = DIRECTION ( 'NONE',  ( 0.000000000000000000, 1.000000000000000000, 0.000000000000000000 ) ) ;
#1930 = AXIS2_PLACEMENT_3D ( 'NONE', #892, #1924, #2179 ) ;
#1931 = CARTESIAN_POINT ( 'NONE',  ( -2.500000000000012434, -1.270000000000000018, 2.205096679918780556 ) ) ;
#1932 = ORIENTED_EDGE ( 'NONE', *, *, #600, .T. ) ;
#1933 = APPROVAL_STATUS ( 'not_yet_approved' ) ;
#1934 = EDGE_LOOP ( 'NONE', ( #335, #1256, #2743, #956 ) ) ;
#1935 = ADVANCED_FACE ( 'NONE', ( #583 ), #311, .T. ) ;
#1936 = DIRECTION ( 'NONE',  ( -0.000000000000000000, -0.000000000000000000, 1.000000000000000000 ) ) ;
#1937 = CARTESIAN_POINT ( 'NONE',  ( -2.300000000000000266, -2.300000000000000266, 1.300000000000000044 ) ) ;
#1938 = DIRECTION ( 'NONE',  ( 1.000000000000000000, 0.000000000000000000, 0.000000000000000000 ) ) ;
#1939 = EDGE_CURVE ( 'NONE', #2172, #1758, #2106, .T. ) ;
#1940 = LINE ( 'NONE', #2748, #2988 ) ;
#1941 = ORIENTED_EDGE ( 'NONE', *, *, #1257, .F. ) ;
#1942 = DIRECTION ( 'NONE',  ( 1.000000000000000000, 0.000000000000000000, -0.000000000000000000 ) ) ;
#1943 = DIRECTION ( 'NONE',  ( 1.000000000000000000, -1.853337046983755762E-16, 0.000000000000000000 ) ) ;
#1945 = CARTESIAN_POINT ( 'NONE',  ( 0.2999999999999999889, 0.000000000000000000, 0.9000000000000001332 ) ) ;
#1944 = VECTOR ( 'NONE', #1313, 1000.000000000000000 ) ;
#1946 = DIRECTION ( 'NONE',  ( -0.000000000000000000, -0.000000000000000000, 1.000000000000000000 ) ) ;
#1947 = EDGE_LOOP ( 'NONE', ( #474, #1997, #1714, #2356, #1344 ) ) ;
#1948 = CALENDAR_DATE ( 2026, 17, 2 ) ;
#1949 = ORIENTED_EDGE ( 'NONE', *, *, #708, .T. ) ;
#1950 = EDGE_CURVE ( 'NONE', #2026, #1433, #1792, .T. ) ;
#1951 = AXIS2_PLACEMENT_3D ( 'NONE', #1061, #837, #568 ) ;
#1952 = DIRECTION ( 'NONE',  ( -0.000000000000000000, 0.000000000000000000, -1.000000000000000000 ) ) ;
#1953 = CIRCLE ( 'NONE', #3095, 0.2999999999999999889 ) ;
#1954 = CARTESIAN_POINT ( 'NONE',  ( 2.300000000000000266, -2.300000000000000266, 1.300000000000000044 ) ) ;
#1955 = PLANE ( 'NONE',  #1287 ) ;
#1956 = CARTESIAN_POINT ( 'NONE',  ( 2.500000000000000000, 4.336808689942017736E-16, 1.300000000000000044 ) ) ;
#1957 = CARTESIAN_POINT ( 'NONE',  ( -2.500000000000000000, -2.500000000000000000, 1.300000000000000044 ) ) ;
#1958 = ORIENTED_EDGE ( 'NONE', *, *, #452, .F. ) ;
#1959 = EDGE_CURVE ( 'NONE', #1632, #1247, #2321, .T. ) ;
#1960 = CARTESIAN_POINT ( 'NONE',  ( 2.499999999999988454, -1.589999999999999636, 0.1000000000000000056 ) ) ;
#1961 = CARTESIAN_POINT ( 'NONE',  ( 0.3200000000000000622, -1.269999999999999574, 0.1000000000000000056 ) ) ;
#1962 = DIRECTION ( 'NONE',  ( 1.000000000000000000, 0.000000000000000000, -0.000000000000000000 ) ) ;
#1963 = ADVANCED_FACE ( 'NONE', ( #3106 ), #791, .T. ) ;
#1964 = CIRCLE ( 'NONE', #2454, 0.3200000000000000622 ) ;
#1965 = DIRECTION ( 'NONE',  ( 1.000000000000000000, 0.000000000000000000, 0.000000000000000000 ) ) ;
#1966 = ORIENTED_EDGE ( 'NONE', *, *, #535, .T. ) ;
#1967 = DATE_AND_TIME ( #3238, #2570 ) ;
#1968 = ORIENTED_EDGE ( 'NONE', *, *, #99, .F. ) ;
#1969 = ORIENTED_EDGE ( 'NONE', *, *, #2529, .F. ) ;
#1970 = FACE_OUTER_BOUND ( 'NONE', #1350, .T. ) ;
#1971 = CARTESIAN_POINT ( 'NONE',  ( 0.000000000000000000, 0.000000000000000000, 1.500000000000000000 ) ) ;
#1972 = FACE_OUTER_BOUND ( 'NONE', #3129, .T. ) ;
#1973 = DIRECTION ( 'NONE',  ( -1.000000000000000000, 0.000000000000000000, 0.000000000000000000 ) ) ;
#1974 = ORIENTED_EDGE ( 'NONE', *, *, #1050, .F. ) ;
#1975 = EDGE_CURVE ( 'NONE', #871, #1286, #1190, .T. ) ;
#1976 = LINE ( 'NONE', #1731, #3199 ) ;
#1977 = LINE ( 'NONE', #1424, #774 ) ;
#1978 = FACE_OUTER_BOUND ( 'NONE', #637, .T. ) ;
#1979 = DIRECTION ( 'NONE',  ( 1.000000000000000000, 0.000000000000000000, -0.000000000000000000 ) ) ;
#1980 = ORIENTED_EDGE ( 'NONE', *, *, #1855, .T. ) ;
#1981 = ORIENTED_EDGE ( 'NONE', *, *, #2741, .F. ) ;
#1982 = AXIS2_PLACEMENT_3D ( 'NONE', #3096, #1267, #3076 ) ;
#1983 = PLANE ( 'NONE',  #3019 ) ;
#1984 = ORIENTED_EDGE ( 'NONE', *, *, #952, .F. ) ;
#1985 = EDGE_CURVE ( 'NONE', #2168, #1338, #2918, .T. ) ;
#1986 = ADVANCED_FACE ( 'NONE', ( #1391 ), #358, .T. ) ;
#1987 = VERTEX_POINT ( 'NONE', #2138 ) ;
#1988 = CARTESIAN_POINT ( 'NONE',  ( -2.300000000000000266, -1.020200080064074033, 1.300000000000000044 ) ) ;
#1989 = CARTESIAN_POINT ( 'NONE',  ( -1.329999999999995186, -0.3200000000000000622, 0.000000000000000000 ) ) ;
#1990 = CARTESIAN_POINT ( 'NONE',  ( -2.500000000000000000, 1.590000000000000524, 0.000000000000000000 ) ) ;
#1991 = DIRECTION ( 'NONE',  ( 0.000000000000000000, 0.000000000000000000, 1.000000000000000000 ) ) ;
#1992 = PLANE ( 'NONE',  #90 ) ;
#1993 = ORIENTED_EDGE ( 'NONE', *, *, #683, .F. ) ;
#1994 = AXIS2_PLACEMENT_3D ( 'NONE', #2215, #937, #685 ) ;
#1995 = EDGE_CURVE ( 'NONE', #1139, #1009, #467, .T. ) ;
#1996 = CARTESIAN_POINT ( 'NONE',  ( 1.900000000000000355, -1.900000000000000355, 1.500000000000000000 ) ) ;
#1997 = ORIENTED_EDGE ( 'NONE', *, *, #2770, .F. ) ;
#1998 = DIRECTION ( 'NONE',  ( 0.000000000000000000, 0.000000000000000000, -1.000000000000000000 ) ) ;
#1999 = CARTESIAN_POINT ( 'NONE',  ( 2.500000000000000000, -0.3199999999999995071, 2.205096679918780556 ) ) ;
#2000 = CIRCLE ( 'NONE', #2057, 0.3000000000000000444 ) ;
#2001 = ORIENTED_EDGE ( 'NONE', *, *, #945, .F. ) ;
#2002 = LINE ( 'NONE', #706, #293 ) ;
#2003 =( GEOMETRIC_REPRESENTATION_CONTEXT ( 3 ) GLOBAL_UNCERTAINTY_ASSIGNED_CONTEXT ( ( #2952 ) ) GLOBAL_UNIT_ASSIGNED_CONTEXT ( ( #1159, #1902, #918 ) ) REPRESENTATION_CONTEXT ( 'NONE', 'WORKASPACE' ) );
#2004 = DIRECTION ( 'NONE',  ( -1.000000000000000000, 0.000000000000000000, 0.000000000000000000 ) ) ;
#2005 = ORIENTED_EDGE ( 'NONE', *, *, #1167, .T. ) ;
#2006 = ORIENTED_EDGE ( 'NONE', *, *, #1571, .T. ) ;
#2007 = VECTOR ( 'NONE', #2751, 1000.000000000000000 ) ;
#2008 = PLANE ( 'NONE',  #1667 ) ;
#2009 = DIRECTION ( 'NONE',  ( -0.000000000000000000, -1.000000000000000000, -0.000000000000000000 ) ) ;
#2010 = CIRCLE ( 'NONE', #1041, 0.2999999999999999889 ) ;
#2011 = LINE ( 'NONE', #1746, #3259 ) ;
#2012 = ORIENTED_EDGE ( 'NONE', *, *, #2843, .F. ) ;
#2013 = AXIS2_PLACEMENT_3D ( 'NONE', #665, #851, #1408 ) ;
#2014 = CYLINDRICAL_SURFACE ( 'NONE', #2721, 0.2999999999999999334 ) ;
#2015 = CARTESIAN_POINT ( 'NONE',  ( -3.430248998885766570E-15, 1.000000000000000000, 0.9000000000000001332 ) ) ;
#2016 = DIRECTION ( 'NONE',  ( 0.000000000000000000, 0.000000000000000000, 1.000000000000000000 ) ) ;
#2017 = CC_DESIGN_APPROVAL ( #46, ( #1905 ) ) ;
#2018 = EDGE_CURVE ( 'NONE', #1926, #2685, #3170, .T. ) ;
#2019 = DIRECTION ( 'NONE',  ( -0.000000000000000000, 1.000000000000000000, -0.000000000000000000 ) ) ;
#2020 = VERTEX_POINT ( 'NONE', #1633 ) ;
#2021 = ORIENTED_EDGE ( 'NONE', *, *, #3270, .F. ) ;
#2022 = AXIS2_PLACEMENT_3D ( 'NONE', #1665, #2153, #2438 ) ;
#2023 = CIRCLE ( 'NONE', #3324, 0.3200000000000000622 ) ;
#2024 = CARTESIAN_POINT ( 'NONE',  ( 2.300000000000000266, -2.300000000000000266, 1.500000000000000000 ) ) ;
#2025 = ORIENTED_EDGE ( 'NONE', *, *, #553, .T. ) ;
#2026 = VERTEX_POINT ( 'NONE', #2687 ) ;
#2027 = EDGE_CURVE ( 'NONE', #991, #1647, #1854, .T. ) ;
#2028 = CC_DESIGN_PERSON_AND_ORGANIZATION_ASSIGNMENT ( #361, #2156, ( #1905 ) ) ;
#2029 = CARTESIAN_POINT ( 'NONE',  ( 0.000000000000000000, 0.000000000000000000, 1.300000000000000044 ) ) ;
#2030 = EDGE_CURVE ( 'NONE', #2657, #3294, #1916, .T. ) ;
#2031 = CARTESIAN_POINT ( 'NONE',  ( -2.500000000000000000, 2.499999999999999556, 1.500000000000000000 ) ) ;
#2032 = CARTESIAN_POINT ( 'NONE',  ( 0.3199999999999997846, 0.4200000000000002620, 0.1000000000000000056 ) ) ;
#2033 = ORIENTED_EDGE ( 'NONE', *, *, #2076, .T. ) ;
#2034 = FACE_OUTER_BOUND ( 'NONE', #2761, .T. ) ;
#2035 = DIRECTION ( 'NONE',  ( 0.000000000000000000, 0.000000000000000000, 1.000000000000000000 ) ) ;
#2036 = DIRECTION ( 'NONE',  ( 1.000000000000000000, 0.000000000000000000, 0.000000000000000000 ) ) ;
#2037 = FACE_OUTER_BOUND ( 'NONE', #1125, .T. ) ;
#2038 = ORIENTED_EDGE ( 'NONE', *, *, #1890, .F. ) ;
#2039 = DIRECTION ( 'NONE',  ( 1.000000000000000000, 0.000000000000000000, 0.000000000000000000 ) ) ;
#2040 = ORIENTED_EDGE ( 'NONE', *, *, #3048, .T. ) ;
#2041 = ORIENTED_EDGE ( 'NONE', *, *, #2378, .T. ) ;
#2042 = VECTOR ( 'NONE', #482, 1000.000000000000000 ) ;
#2043 = DIRECTION ( 'NONE',  ( -0.000000000000000000, 0.000000000000000000, -1.000000000000000000 ) ) ;
#2044 = CARTESIAN_POINT ( 'NONE',  ( -0.3200000000000000622, 2.500000000000000000, 2.205096679918780556 ) ) ;
#2045 = ORIENTED_EDGE ( 'NONE', *, *, #405, .F. ) ;
#2046 = ADVANCED_FACE ( 'NONE', ( #633 ), #1135, .F. ) ;
#2047 = CARTESIAN_POINT ( 'NONE',  ( -2.500000000000000000, 1.590000000000000524, 0.1000000000000000056 ) ) ;
#2048 = CARTESIAN_POINT ( 'NONE',  ( -2.300000000000000266, -2.300000000000000266, 1.300000000000000044 ) ) ;
#2049 = AXIS2_PLACEMENT_3D ( 'NONE', #1584, #1324, #2902 ) ;
#2050 = DIRECTION ( 'NONE',  ( -0.000000000000000000, -1.000000000000000000, -0.000000000000000000 ) ) ;
#2051 = LINE ( 'NONE', #1782, #3263 ) ;
#2052 = ORIENTED_EDGE ( 'NONE', *, *, #2184, .F. ) ;
#2053 = LINE ( 'NONE', #2515, #1903 ) ;
#2054 = FACE_OUTER_BOUND ( 'NONE', #500, .T. ) ;
#2055 = EDGE_CURVE ( 'NONE', #862, #707, #1377, .T. ) ;
#2056 = ORIENTED_EDGE ( 'NONE', *, *, #2099, .T. ) ;
#2057 = AXIS2_PLACEMENT_3D ( 'NONE', #394, #2243, #3280 ) ;
#2058 = CARTESIAN_POINT ( 'NONE',  ( 0.2999999999999966582, 1.000000000000000000, 0.9000000000000001332 ) ) ;
#2059 = DIRECTION ( 'NONE',  ( 0.000000000000000000, 0.000000000000000000, 1.000000000000000000 ) ) ;
#2060 = ORIENTED_EDGE ( 'NONE', *, *, #785, .T. ) ;
#2061 = AXIS2_PLACEMENT_3D ( 'NONE', #2963, #141, #3183 ) ;
#2062 = CARTESIAN_POINT ( 'NONE',  ( -1.899999999999998579, 2.300000000000000266, 1.300000000000000044 ) ) ;
#2063 = DIRECTION ( 'NONE',  ( 1.000000000000000000, -1.390002785237816760E-16, 0.000000000000000000 ) ) ;
#2064 = AXIS2_PLACEMENT_3D ( 'NONE', #440, #1237, #1023 ) ;
#2065 = CARTESIAN_POINT ( 'NONE',  ( -2.300000000000000266, -2.300000000000000266, 1.300000000000000044 ) ) ;
#2066 = DIRECTION ( 'NONE',  ( 1.000000000000000000, 0.000000000000000000, 0.000000000000000000 ) ) ;
#2067 = EDGE_LOOP ( 'NONE', ( #2896, #2437, #1289, #671 ) ) ;
#2068 = CIRCLE ( 'NONE', #2566, 0.3999999999999999667 ) ;
#2069 = LINE ( 'NONE', #1336, #555 ) ;
#2070 = VERTEX_POINT ( 'NONE', #1168 ) ;
#2071 = DIRECTION ( 'NONE',  ( -0.000000000000000000, 1.000000000000000000, -0.000000000000000000 ) ) ;
#2072 = PLANE ( 'NONE',  #1781 ) ;
#2073 = DIRECTION ( 'NONE',  ( 1.000000000000000000, 1.734723475976807341E-16, 0.000000000000000000 ) ) ;
#2074 = VECTOR ( 'NONE', #529, 1000.000000000000000 ) ;
#2075 = ORIENTED_EDGE ( 'NONE', *, *, #1487, .T. ) ;
#2076 = EDGE_CURVE ( 'NONE', #2278, #362, #111, .T. ) ;
#2077 = AXIS2_PLACEMENT_3D ( 'NONE', #2301, #2582, #2063 ) ;
#2078 = FACE_OUTER_BOUND ( 'NONE', #2222, .T. ) ;
#2079 = LINE ( 'NONE', #3092, #1134 ) ;
#2080 = ORIENTED_EDGE ( 'NONE', *, *, #2126, .F. ) ;
#2081 = LINE ( 'NONE', #2880, #3289 ) ;
#2082 = DIRECTION ( 'NONE',  ( -0.000000000000000000, -1.000000000000000000, -0.000000000000000000 ) ) ;
#2083 = ADVANCED_FACE ( 'NONE', ( #3205 ), #340, .F. ) ;
#2084 = CARTESIAN_POINT ( 'NONE',  ( -3.430248998885766570E-15, 1.000000000000000000, 0.9000000000000001332 ) ) ;
#2085 = ORIENTED_EDGE ( 'NONE', *, *, #751, .F. ) ;
#2086 = CARTESIAN_POINT ( 'NONE',  ( -2.300000000000000266, -2.300000000000000266, 1.300000000000000044 ) ) ;
#2087 = ORIENTED_EDGE ( 'NONE', *, *, #3191, .T. ) ;
#2088 = DIRECTION ( 'NONE',  ( -1.000000000000000000, 0.000000000000000000, 0.000000000000000000 ) ) ;
#2089 = DIRECTION ( 'NONE',  ( -0.000000000000000000, -0.000000000000000000, -1.000000000000000000 ) ) ;
#2090 = LINE ( 'NONE', #570, #1836 ) ;
#2091 = VERTEX_POINT ( 'NONE', #2197 ) ;
#2092 = ORIENTED_EDGE ( 'NONE', *, *, #116, .F. ) ;
#2093 = CARTESIAN_POINT ( 'NONE',  ( -2.500000000000000000, 0.3199999999999998956, 1.300000000000000044 ) ) ;
#2094 = VERTEX_POINT ( 'NONE', #1945 ) ;
#2095 = AXIS2_PLACEMENT_3D ( 'NONE', #3163, #591, #2144 ) ;
#2096 = VECTOR ( 'NONE', #925, 1000.000000000000000 ) ;
#2097 = CARTESIAN_POINT ( 'NONE',  ( 2.500000000000005773, 0.9500000000000005107, 0.1000000000000000056 ) ) ;
#2098 = DIRECTION ( 'NONE',  ( 0.000000000000000000, -0.000000000000000000, -1.000000000000000000 ) ) ;
#2099 = EDGE_CURVE ( 'NONE', #2850, #941, #2787, .T. ) ;
#2100 = FACE_OUTER_BOUND ( 'NONE', #2986, .T. ) ;
#2101 = ORIENTED_EDGE ( 'NONE', *, *, #338, .T. ) ;
#2102 = EDGE_CURVE ( 'NONE', #2933, #2801, #2935, .T. ) ;
#2103 = CARTESIAN_POINT ( 'NONE',  ( 2.300000000000000266, -2.300000000000000266, 1.500000000000000000 ) ) ;
#2104 = ORIENTED_EDGE ( 'NONE', *, *, #1174, .F. ) ;
#2105 = ORIENTED_EDGE ( 'NONE', *, *, #1553, .F. ) ;
#2106 = LINE ( 'NONE', #1550, #3251 ) ;
#2107 = FACE_OUTER_BOUND ( 'NONE', #310, .T. ) ;
#2108 = ORIENTED_EDGE ( 'NONE', *, *, #439, .F. ) ;
#2109 = ADVANCED_FACE ( 'NONE', ( #617 ), #1356, .T. ) ;
#2110 = VECTOR ( 'NONE', #2050, 1000.000000000000000 ) ;
#2111 = CARTESIAN_POINT ( 'NONE',  ( 0.2999999999999966582, 1.000000000000000000, 0.9000000000000001332 ) ) ;
#2112 = ADVANCED_FACE ( 'NONE', ( #2964 ), #648, .F. ) ;
#2113 = AXIS2_PLACEMENT_3D ( 'NONE', #1552, #1817, #1063 ) ;
#2114 = CYLINDRICAL_SURFACE ( 'NONE', #1982, 0.3199999999999999512 ) ;
#2115 = DIRECTION ( 'NONE',  ( -0.000000000000000000, -0.000000000000000000, -1.000000000000000000 ) ) ;
#2116 = ORIENTED_EDGE ( 'NONE', *, *, #1342, .T. ) ;
#2117 = AXIS2_PLACEMENT_3D ( 'NONE', #1996, #2605, #2901 ) ;
#2118 = DIRECTION ( 'NONE',  ( 0.000000000000000000, 1.000000000000000000, 0.000000000000000000 ) ) ;
#2119 = EDGE_LOOP ( 'NONE', ( #887, #587, #2268, #1729 ) ) ;
#2120 = EDGE_LOOP ( 'NONE', ( #1070, #2809, #911, #485, #2218, #781, #1698, #1895 ) ) ;
#2121 = DIRECTION ( 'NONE',  ( 1.000000000000000000, 0.000000000000000000, 0.000000000000000000 ) ) ;
#2122 = AXIS2_PLACEMENT_3D ( 'NONE', #948, #1215, #3007 ) ;
#2123 = LINE ( 'NONE', #96, #1881 ) ;
#2124 = CARTESIAN_POINT ( 'NONE',  ( -2.500000000000000000, -2.500000000000000000, 0.000000000000000000 ) ) ;
#2125 = EDGE_LOOP ( 'NONE', ( #2155, #808, #2734, #282, #1297, #2080, #1065, #3230 ) ) ;
#2126 = EDGE_CURVE ( 'NONE', #1687, #1864, #457, .T. ) ;
#2127 = LINE ( 'NONE', #874, #1627 ) ;
#2128 = VECTOR ( 'NONE', #243, 1000.000000000000000 ) ;
#2129 = AXIS2_PLACEMENT_3D ( 'NONE', #1048, #3110, #1506 ) ;
#2130 = EDGE_CURVE ( 'NONE', #1306, #871, #2754, .T. ) ;
#2131 = CARTESIAN_POINT ( 'NONE',  ( 2.500000000000000000, -0.9499999999999996225, 2.205096679918780556 ) ) ;
#2132 = LINE ( 'NONE', #1384, #2735 ) ;
#2133 = PLANE ( 'NONE',  #777 ) ;
#2134 = ORIENTED_EDGE ( 'NONE', *, *, #2337, .T. ) ;
#2135 = DIRECTION ( 'NONE',  ( 1.000000000000000000, -1.303127611160463767E-16, 0.000000000000000000 ) ) ;
#2136 = CARTESIAN_POINT ( 'NONE',  ( 1.900000000000000355, -1.900000000000000355, 1.500000000000000000 ) ) ;
#2137 = VERTEX_POINT ( 'NONE', #3290 ) ;
#2138 = CARTESIAN_POINT ( 'NONE',  ( -0.3200000000000000622, 2.499999999999997780, 0.000000000000000000 ) ) ;
#2139 = LINE ( 'NONE', #2858, #1619 ) ;
#2140 = CARTESIAN_POINT ( 'NONE',  ( 2.500000000000000000, -0.3199999999999995071, 1.300000000000000044 ) ) ;
#2141 = EDGE_LOOP ( 'NONE', ( #75, #1123 ) ) ;
#2142 = ADVANCED_FACE ( 'NONE', ( #2472 ), #1752, .F. ) ;
#2143 = DIRECTION ( 'NONE',  ( -0.000000000000000000, 1.000000000000000000, -0.000000000000000000 ) ) ;
#2144 = DIRECTION ( 'NONE',  ( 1.000000000000000000, 0.000000000000000000, 0.000000000000000000 ) ) ;
#2145 = EDGE_CURVE ( 'NONE', #757, #408, #1757, .T. ) ;
#2146 = CYLINDRICAL_SURFACE ( 'NONE', #259, 0.4000000000000001887 ) ;
#2147 = ORIENTED_EDGE ( 'NONE', *, *, #2055, .F. ) ;
#2148 = CIRCLE ( 'NONE', #2418, 0.3199999999999999512 ) ;
#2149 = CARTESIAN_POINT ( 'NONE',  ( 2.499999999999988454, -1.589999999999999636, 0.000000000000000000 ) ) ;
#2150 = ORIENTED_EDGE ( 'NONE', *, *, #2223, .T. ) ;
#2151 = CIRCLE ( 'NONE', #698, 0.2999999999999999889 ) ;
#2152 = VERTEX_POINT ( 'NONE', #953 ) ;
#2153 = DIRECTION ( 'NONE',  ( -8.673617379884036705E-17, 1.000000000000000000, 0.000000000000000000 ) ) ;
#2154 = CYLINDRICAL_SURFACE ( 'NONE', #438, 0.3199999999999999512 ) ;
#2155 = ORIENTED_EDGE ( 'NONE', *, *, #2577, .F. ) ;
#2156 = PERSON_AND_ORGANIZATION_ROLE ( 'classification_officer' ) ;
#2157 = AXIS2_PLACEMENT_3D ( 'NONE', #1485, #2520, #215 ) ;
#2158 = EDGE_LOOP ( 'NONE', ( #1520, #2610 ) ) ;
#2159 = EDGE_CURVE ( 'NONE', #309, #339, #563, .T. ) ;
#2160 = FACE_OUTER_BOUND ( 'NONE', #1759, .T. ) ;
#2161 = DIRECTION ( 'NONE',  ( 0.000000000000000000, 0.000000000000000000, 1.000000000000000000 ) ) ;
#2162 = VECTOR ( 'NONE', #2816, 1000.000000000000000 ) ;
#2163 = CARTESIAN_POINT ( 'NONE',  ( -2.500000000000012434, -1.270000000000000018, 1.300000000000000044 ) ) ;
#2164 = PLANE ( 'NONE',  #196 ) ;
#2165 = ORIENTED_EDGE ( 'NONE', *, *, #2608, .F. ) ;
#2166 = VECTOR ( 'NONE', #554, 1000.000000000000000 ) ;
#2167 = CARTESIAN_POINT ( 'NONE',  ( 2.500000000000000000, -2.499999999999999556, 0.000000000000000000 ) ) ;
#2168 = VERTEX_POINT ( 'NONE', #2530 ) ;
#2169 = AXIS2_PLACEMENT_3D ( 'NONE', #2136, #2870, #323 ) ;
#2170 = EDGE_CURVE ( 'NONE', #1465, #2091, #720, .T. ) ;
#2171 = LINE ( 'NONE', #360, #968 ) ;
#2172 = VERTEX_POINT ( 'NONE', #935 ) ;
#2173 = PERSON_AND_ORGANIZATION ( #2789, #881 ) ;
#2174 = VECTOR ( 'NONE', #2019, 1000.000000000000000 ) ;
#2175 = ORIENTED_EDGE ( 'NONE', *, *, #1587, .F. ) ;
#2176 = APPROVAL_PERSON_ORGANIZATION ( #151, #46, #1670 ) ;
#2177 = DIRECTION ( 'NONE',  ( 0.000000000000000000, -1.000000000000000000, 0.000000000000000000 ) ) ;
#2178 = ADVANCED_FACE ( 'NONE', ( #1978 ), #3012, .F. ) ;
#2179 = DIRECTION ( 'NONE',  ( -1.000000000000000000, 0.000000000000000000, -0.000000000000000000 ) ) ;
#2180 = AXIS2_PLACEMENT_3D ( 'NONE', #2084, #273, #1285 ) ;
#2181 = LINE ( 'NONE', #2385, #511 ) ;
#2182 = ORIENTED_EDGE ( 'NONE', *, *, #1019, .T. ) ;
#2183 = CARTESIAN_POINT ( 'NONE',  ( 0.000000000000000000, 0.000000000000000000, 0.9000000000000001332 ) ) ;
#2184 = EDGE_CURVE ( 'NONE', #2757, #3237, #192, .T. ) ;
#2185 = PLANE ( 'NONE',  #759 ) ;
#2186 = EDGE_LOOP ( 'NONE', ( #322, #2012, #2305, #1489 ) ) ;
#2187 = PERSON_AND_ORGANIZATION_ROLE ( 'design_owner' ) ;
#2188 = ORIENTED_EDGE ( 'NONE', *, *, #821, .F. ) ;
#2189 = LINE ( 'NONE', #1603, #1462 ) ;
#2190 = DIRECTION ( 'NONE',  ( -0.000000000000000000, -0.000000000000000000, 1.000000000000000000 ) ) ;
#2191 = DIRECTION ( 'NONE',  ( -0.000000000000000000, -1.000000000000000000, -0.000000000000000000 ) ) ;
#2192 = LINE ( 'NONE', #1646, #2676 ) ;
#2193 = VERTEX_POINT ( 'NONE', #3064 ) ;
#2194 = EDGE_CURVE ( 'NONE', #1747, #1682, #3307, .T. ) ;
#2195 = DIRECTION ( 'NONE',  ( 0.000000000000000000, -0.000000000000000000, 1.000000000000000000 ) ) ;
#2196 = ORIENTED_EDGE ( 'NONE', *, *, #1680, .F. ) ;
#2197 = CARTESIAN_POINT ( 'NONE',  ( -2.500000000000000000, -2.250000000000000444, 1.300000000000000044 ) ) ;
#2198 = ADVANCED_FACE ( 'NONE', ( #2234 ), #1182, .T. ) ;
#2199 = AXIS2_PLACEMENT_3D ( 'NONE', #3244, #469, #2766 ) ;
#2200 = CARTESIAN_POINT ( 'NONE',  ( -2.499999999999995115, 1.270000000000000018, 0.09999999999999982514 ) ) ;
#2201 = ORIENTED_EDGE ( 'NONE', *, *, #318, .T. ) ;
#2202 = ORIENTED_EDGE ( 'NONE', *, *, #2812, .F. ) ;
#2203 = VECTOR ( 'NONE', #2339, 1000.000000000000000 ) ;
#2204 = ORIENTED_EDGE ( 'NONE', *, *, #439, .T. ) ;
#2205 = ADVANCED_FACE ( 'NONE', ( #1733 ), #1511, .F. ) ;
#2206 = PLANE ( 'NONE',  #2258 ) ;
#2207 = CARTESIAN_POINT ( 'NONE',  ( -2.500000000000000000, -2.500000000000000000, 0.000000000000000000 ) ) ;
#2208 = ADVANCED_FACE ( 'NONE', ( #209 ), #1235, .F. ) ;
#2209 = FACE_OUTER_BOUND ( 'NONE', #2855, .T. ) ;
#2210 = VERTEX_POINT ( 'NONE', #3047 ) ;
#2211 = DIRECTION ( 'NONE',  ( -1.000000000000000000, 0.000000000000000000, 0.000000000000000000 ) ) ;
#2212 = CARTESIAN_POINT ( 'NONE',  ( -2.500000000000000000, 1.590000000000000080, 2.205096679918780556 ) ) ;
#2214 = CARTESIAN_POINT ( 'NONE',  ( 2.500000000000000000, -2.499999999999999556, 1.300000000000000044 ) ) ;
#2213 = VECTOR ( 'NONE', #377, 1000.000000000000000 ) ;
#2215 = CARTESIAN_POINT ( 'NONE',  ( -2.300000000000000266, -2.300000000000000266, 1.500000000000000000 ) ) ;
#2216 = ORIENTED_EDGE ( 'NONE', *, *, #3031, .F. ) ;
#2217 = COORDINATED_UNIVERSAL_TIME_OFFSET ( 4, 0, .AHEAD. ) ;
#2218 = ORIENTED_EDGE ( 'NONE', *, *, #1387, .T. ) ;
#2219 = VECTOR ( 'NONE', #3287, 1000.000000000000000 ) ;
#2220 = VECTOR ( 'NONE', #1943, 1000.000000000000000 ) ;
#2221 = VECTOR ( 'NONE', #459, 1000.000000000000000 ) ;
#2222 = EDGE_LOOP ( 'NONE', ( #1656, #1266, #2517, #274 ) ) ;
#2223 = EDGE_CURVE ( 'NONE', #130, #3018, #1156, .T. ) ;
#2224 = CARTESIAN_POINT ( 'NONE',  ( 2.500000000000004441, 1.270000000000000462, 2.205096679918780556 ) ) ;
#2225 = AXIS2_PLACEMENT_3D ( 'NONE', #1370, #1421, #2664 ) ;
#2226 = LINE ( 'NONE', #1610, #3231 ) ;
#2227 = DIRECTION ( 'NONE',  ( -0.000000000000000000, -0.000000000000000000, 1.000000000000000000 ) ) ;
#2228 = LINE ( 'NONE', #1472, #1243 ) ;
#2229 = DIRECTION ( 'NONE',  ( -0.000000000000000000, -0.000000000000000000, -1.000000000000000000 ) ) ;
#2230 = ORIENTED_EDGE ( 'NONE', *, *, #1985, .F. ) ;
#2231 = CARTESIAN_POINT ( 'NONE',  ( 2.500000000000000000, -0.3199999999999995071, 0.1000000000000000056 ) ) ;
#2232 = ORIENTED_EDGE ( 'NONE', *, *, #3086, .T. ) ;
#2233 = AXIS2_PLACEMENT_3D ( 'NONE', #1684, #126, #1651 ) ;
#2234 = FACE_OUTER_BOUND ( 'NONE', #2488, .T. ) ;
#2235 = EDGE_CURVE ( 'NONE', #423, #3045, #1253, .T. ) ;
#2236 = EDGE_CURVE ( 'NONE', #2797, #2020, #143, .T. ) ;
#2237 = CARTESIAN_POINT ( 'NONE',  ( -1.899999999999999245, -1.900000000000000355, 1.300000000000000044 ) ) ;
#2238 = ORIENTED_EDGE ( 'NONE', *, *, #1276, .F. ) ;
#2239 = ORIENTED_EDGE ( 'NONE', *, *, #267, .F. ) ;
#2240 = VERTEX_POINT ( 'NONE', #1269 ) ;
#2241 = DIRECTION ( 'NONE',  ( -0.000000000000000000, -1.000000000000000000, -0.000000000000000000 ) ) ;
#2242 = VERTEX_POINT ( 'NONE', #1574 ) ;
#2243 = DIRECTION ( 'NONE',  ( 0.000000000000000000, 0.000000000000000000, 1.000000000000000000 ) ) ;
#2244 = EDGE_CURVE ( 'NONE', #3094, #2682, #2569, .T. ) ;
#2245 = DIRECTION ( 'NONE',  ( -1.000000000000000000, 0.000000000000000000, 0.000000000000000000 ) ) ;
#2246 = DIRECTION ( 'NONE',  ( -1.000000000000000000, 0.000000000000000000, 0.000000000000000000 ) ) ;
#2247 = CARTESIAN_POINT ( 'NONE',  ( -2.250000000000000444, -2.500000000000000000, 1.500000000000000000 ) ) ;
#2248 = CARTESIAN_POINT ( 'NONE',  ( -1.900000000000000355, 1.899999999999999245, 1.500000000000000000 ) ) ;
#2249 = ORIENTED_EDGE ( 'NONE', *, *, #2555, .T. ) ;
#2250 = DIRECTION ( 'NONE',  ( -1.000000000000000000, 0.000000000000000000, 0.000000000000000000 ) ) ;
#2251 = ORIENTED_EDGE ( 'NONE', *, *, #638, .F. ) ;
#2252 = EDGE_CURVE ( 'NONE', #1647, #1433, #2868, .T. ) ;
#2253 = CARTESIAN_POINT ( 'NONE',  ( -2.300000000000000266, -1.900000000000000355, 1.500000000000000000 ) ) ;
#2254 = DIRECTION ( 'NONE',  ( 0.000000000000000000, 1.000000000000000000, 0.000000000000000000 ) ) ;
#2255 = ORIENTED_EDGE ( 'NONE', *, *, #2170, .T. ) ;
#2256 = VERTEX_POINT ( 'NONE', #2583 ) ;
#2257 = VECTOR ( 'NONE', #1660, 1000.000000000000000 ) ;
#2258 = AXIS2_PLACEMENT_3D ( 'NONE', #1372, #2135, #3281 ) ;
#2259 = FACE_BOUND ( 'NONE', #716, .T. ) ;
#2260 = ORIENTED_EDGE ( 'NONE', *, *, #1328, .T. ) ;
#2261 = LINE ( 'NONE', #1523, #3126 ) ;
#2262 = CARTESIAN_POINT ( 'NONE',  ( 0.000000000000000000, 2.500000000000000000, 1.300000000000000044 ) ) ;
#2263 = DIRECTION ( 'NONE',  ( 1.000000000000000000, 0.000000000000000000, -0.000000000000000000 ) ) ;
#2264 = ORIENTED_EDGE ( 'NONE', *, *, #1512, .F. ) ;
#2265 = VECTOR ( 'NONE', #853, 1000.000000000000000 ) ;
#2266 = ADVANCED_FACE ( 'NONE', ( #2100 ), #769, .F. ) ;
#2267 = DIRECTION ( 'NONE',  ( 0.000000000000000000, -1.000000000000000000, 0.000000000000000000 ) ) ;
#2268 = ORIENTED_EDGE ( 'NONE', *, *, #2826, .T. ) ;
#2269 = CARTESIAN_POINT ( 'NONE',  ( -2.500000000000000000, -0.9500000000000000666, 0.1000000000000000056 ) ) ;
#2270 = DIRECTION ( 'NONE',  ( -0.000000000000000000, 0.000000000000000000, -1.000000000000000000 ) ) ;
#2271 = VECTOR ( 'NONE', #3175, 1000.000000000000000 ) ;
#2272 = VERTEX_POINT ( 'NONE', #3099 ) ;
#2273 = LINE ( 'NONE', #3310, #869 ) ;
#2274 = EDGE_CURVE ( 'NONE', #1682, #2657, #1531, .T. ) ;
#2275 = VECTOR ( 'NONE', #3041, 1000.000000000000000 ) ;
#2276 = EDGE_CURVE ( 'NONE', #736, #2299, #517, .T. ) ;
#2277 = VERTEX_POINT ( 'NONE', #1084 ) ;
#2278 = VERTEX_POINT ( 'NONE', #321 ) ;
#2279 = AXIS2_PLACEMENT_3D ( 'NONE', #2996, #2772, #3272 ) ;
#2280 = DIRECTION ( 'NONE',  ( 0.000000000000000000, 0.000000000000000000, 1.000000000000000000 ) ) ;
#2281 = DIRECTION ( 'NONE',  ( -1.000000000000000000, 0.000000000000000000, 0.000000000000000000 ) ) ;
#2282 = VERTEX_POINT ( 'NONE', #2302 ) ;
#2283 = AXIS2_PLACEMENT_3D ( 'NONE', #576, #2452, #2647 ) ;
#2284 = CARTESIAN_POINT ( 'NONE',  ( -0.9999999999999895639, -1.000000000000006883, 0.9000000000000001332 ) ) ;
#2285 = LINE ( 'NONE', #3320, #410 ) ;
#2286 = CARTESIAN_POINT ( 'NONE',  ( -1.329999999999994298, 0.9499999999999999556, 0.1000000000000000056 ) ) ;
#2287 = CARTESIAN_POINT ( 'NONE',  ( 0.9999999999999965583, 1.000000000000000000, 0.9000000000000001332 ) ) ;
#2288 = EDGE_LOOP ( 'NONE', ( #1477, #1858, #222, #496 ) ) ;
#2289 = ORIENTED_EDGE ( 'NONE', *, *, #785, .F. ) ;
#2290 = VECTOR ( 'NONE', #1561, 1000.000000000000000 ) ;
#2291 = AXIS2_PLACEMENT_3D ( 'NONE', #1775, #499, #3316 ) ;
#2292 = DIRECTION ( 'NONE',  ( -0.000000000000000000, -0.000000000000000000, 1.000000000000000000 ) ) ;
#2293 = ORIENTED_EDGE ( 'NONE', *, *, #108, .T. ) ;
#2294 = ORIENTED_EDGE ( 'NONE', *, *, #2099, .F. ) ;
#2295 = EDGE_CURVE ( 'NONE', #1579, #463, #8, .T. ) ;
#2296 = CARTESIAN_POINT ( 'NONE',  ( -2.300000000000000266, -1.900000000000000577, 1.500000000000000000 ) ) ;
#2297 = DIRECTION ( 'NONE',  ( -0.000000000000000000, -0.000000000000000000, 1.000000000000000000 ) ) ;
#2298 = LINE ( 'NONE', #749, #78 ) ;
#2299 = VERTEX_POINT ( 'NONE', #814 ) ;
#2300 = DIRECTION ( 'NONE',  ( 0.000000000000000000, 0.000000000000000000, -1.000000000000000000 ) ) ;
#2301 = CARTESIAN_POINT ( 'NONE',  ( -2.500000000000003109, -0.3199999999999998956, 0.1000000000000000056 ) ) ;
#2302 = CARTESIAN_POINT ( 'NONE',  ( 2.500000000000000000, 0.9500000000000005107, 1.300000000000000044 ) ) ;
#2303 = ADVANCED_FACE ( 'NONE', ( #2854 ), #2838, .F. ) ;
#2304 = DIRECTION ( 'NONE',  ( -1.000000000000000000, 0.000000000000000000, 0.000000000000000000 ) ) ;
#2305 = ORIENTED_EDGE ( 'NONE', *, *, #3086, .F. ) ;
#2306 = ORIENTED_EDGE ( 'NONE', *, *, #683, .T. ) ;
#2307 = FACE_BOUND ( 'NONE', #970, .T. ) ;
#2308 = ORIENTED_EDGE ( 'NONE', *, *, #577, .F. ) ;
#2309 = VECTOR ( 'NONE', #2314, 1000.000000000000000 ) ;
#2310 = CIRCLE ( 'NONE', #1449, 0.2999999999999999334 ) ;
#2311 = LINE ( 'NONE', #2058, #804 ) ;
#2312 = EDGE_CURVE ( 'NONE', #2168, #2869, #731, .T. ) ;
#2313 = EDGE_LOOP ( 'NONE', ( #1827, #2293 ) ) ;
#2314 = DIRECTION ( 'NONE',  ( -0.000000000000000000, -0.000000000000000000, 1.000000000000000000 ) ) ;
#2315 = DIRECTION ( 'NONE',  ( 0.000000000000000000, 0.000000000000000000, 1.000000000000000000 ) ) ;
#2316 = CIRCLE ( 'NONE', #859, 0.2499999999999997780 ) ;
#2317 = DIRECTION ( 'NONE',  ( 1.000000000000000000, 6.776263578034403699E-16, 0.000000000000000000 ) ) ;
#2318 = ORIENTED_EDGE ( 'NONE', *, *, #2030, .F. ) ;
#2319 = LINE ( 'NONE', #531, #2618 ) ;
#2320 = ORIENTED_EDGE ( 'NONE', *, *, #315, .T. ) ;
#2321 = LINE ( 'NONE', #2653, #190 ) ;
#2322 = VECTOR ( 'NONE', #156, 1000.000000000000000 ) ;
#2323 = CARTESIAN_POINT ( 'NONE',  ( -2.500000000000000000, -1.590000000000000080, 0.09999999999999982514 ) ) ;
#2324 = CARTESIAN_POINT ( 'NONE',  ( 2.500000000000000000, 2.500000000000000444, 1.300000000000000044 ) ) ;
#2325 = ORIENTED_EDGE ( 'NONE', *, *, #1518, .F. ) ;
#2326 = AXIS2_PLACEMENT_3D ( 'NONE', #1341, #97, #1880 ) ;
#2327 = EDGE_CURVE ( 'NONE', #270, #1306, #1840, .T. ) ;
#2328 = CARTESIAN_POINT ( 'NONE',  ( -1.900000000000000355, 1.899999999999999245, 1.300000000000000044 ) ) ;
#2329 = EDGE_LOOP ( 'NONE', ( #2289, #1607, #1205, #581, #1361 ) ) ;
#2330 = AXIS2_PLACEMENT_3D ( 'NONE', #223, #737, #2211 ) ;
#2331 = CARTESIAN_POINT ( 'NONE',  ( -2.500000000000000000, -2.500000000000000000, 0.000000000000000000 ) ) ;
#2332 = LINE ( 'NONE', #2048, #2891 ) ;
#2333 = CIRCLE ( 'NONE', #2501, 0.3199999999999999512 ) ;
#2334 = CARTESIAN_POINT ( 'NONE',  ( 1.299999999999996492, 1.000000000000000000, 0.9000000000000001332 ) ) ;
#2335 = VERTEX_POINT ( 'NONE', #1334 ) ;
#2336 = CARTESIAN_POINT ( 'NONE',  ( -2.500000000000000000, 0.3199999999999998956, 2.205096679918780556 ) ) ;
#2337 = EDGE_CURVE ( 'NONE', #174, #1238, #1826, .T. ) ;
#2338 = EDGE_CURVE ( 'NONE', #2476, #1834, #153, .T. ) ;
#2339 = DIRECTION ( 'NONE',  ( 0.000000000000000000, -0.000000000000000000, -1.000000000000000000 ) ) ;
#2340 = LINE ( 'NONE', #344, #1685 ) ;
#2341 = VECTOR ( 'NONE', #2703, 1000.000000000000000 ) ;
#2342 = ORIENTED_EDGE ( 'NONE', *, *, #3166, .T. ) ;
#2343 = EDGE_CURVE ( 'NONE', #2929, #2801, #3150, .T. ) ;
#2344 = CIRCLE ( 'NONE', #2994, 0.2999999999999999334 ) ;
#2345 = LINE ( 'NONE', #979, #584 ) ;
#2346 = DIRECTION ( 'NONE',  ( -0.000000000000000000, 0.000000000000000000, -1.000000000000000000 ) ) ;
#2347 = EDGE_CURVE ( 'NONE', #809, #2685, #1148, .T. ) ;
#2348 = EDGE_LOOP ( 'NONE', ( #801, #150, #2780, #3260 ) ) ;
#2349 = DIRECTION ( 'NONE',  ( -1.000000000000000000, 8.881784197001250351E-16, 0.000000000000000000 ) ) ;
#2350 = CARTESIAN_POINT ( 'NONE',  ( -0.9999999999999895639, -1.000000000000006883, 0.9000000000000001332 ) ) ;
#2351 = LINE ( 'NONE', #1839, #26 ) ;
#2352 = CARTESIAN_POINT ( 'NONE',  ( 2.500000000000000000, 4.336808689942017736E-16, 0.09999999999999982514 ) ) ;
#2353 = ORIENTED_EDGE ( 'NONE', *, *, #3093, .T. ) ;
#2354 = DIRECTION ( 'NONE',  ( 1.000000000000000000, 0.000000000000000000, 0.000000000000000000 ) ) ;
#2355 = ORIENTED_EDGE ( 'NONE', *, *, #1077, .F. ) ;
#2356 = ORIENTED_EDGE ( 'NONE', *, *, #1487, .F. ) ;
#2357 = CARTESIAN_POINT ( 'NONE',  ( -0.6999999999999897415, -1.000000000000006883, 0.9000000000000001332 ) ) ;
#2358 = LINE ( 'NONE', #312, #2265 ) ;
#2359 = LINE ( 'NONE', #1109, #2166 ) ;
#2360 = ORIENTED_EDGE ( 'NONE', *, *, #661, .F. ) ;
#2361 = ORIENTED_EDGE ( 'NONE', *, *, #1500, .F. ) ;
#2362 = CARTESIAN_POINT ( 'NONE',  ( 2.500000000000005773, 0.9500000000000005107, 0.1000000000000000056 ) ) ;
#2363 = VECTOR ( 'NONE', #2765, 1000.000000000000000 ) ;
#2364 = CARTESIAN_POINT ( 'NONE',  ( 2.500000000000000000, 4.336808689942017736E-16, 2.205096679918780556 ) ) ;
#2365 = EDGE_CURVE ( 'NONE', #809, #2643, #2051, .T. ) ;
#2366 = CARTESIAN_POINT ( 'NONE',  ( 2.500000000000000000, 2.500000000000000444, 0.000000000000000000 ) ) ;
#2367 = VERTEX_POINT ( 'NONE', #3078 ) ;
#2368 = CARTESIAN_POINT ( 'NONE',  ( 1.329999999999999849, -0.3199999999999995071, 0.000000000000000000 ) ) ;
#2369 = VERTEX_POINT ( 'NONE', #2820 ) ;
#2370 = ORIENTED_EDGE ( 'NONE', *, *, #1249, .F. ) ;
#2371 = ORIENTED_EDGE ( 'NONE', *, *, #2998, .T. ) ;
#2372 = FACE_OUTER_BOUND ( 'NONE', #567, .T. ) ;
#2373 = DESIGN_CONTEXT ( 'detailed design', #2694, 'design' ) ;
#2374 = EDGE_CURVE ( 'NONE', #1526, #1987, #24, .T. ) ;
#2375 = LINE ( 'NONE', #1816, #3235 ) ;
#2376 = CARTESIAN_POINT ( 'NONE',  ( 0.3200000000000000622, -1.269999999999999574, 0.000000000000000000 ) ) ;
#2377 = ORIENTED_EDGE ( 'NONE', *, *, #2860, .F. ) ;
#2378 = EDGE_CURVE ( 'NONE', #179, #1322, #832, .T. ) ;
#2379 = VECTOR ( 'NONE', #2143, 1000.000000000000000 ) ;
#2380 = DIRECTION ( 'NONE',  ( 0.000000000000000000, 0.000000000000000000, 1.000000000000000000 ) ) ;
#2381 = LINE ( 'NONE', #84, #547 ) ;
#2382 = DIRECTION ( 'NONE',  ( 1.000000000000000000, 8.673617379884035472E-17, -0.000000000000000000 ) ) ;
#2383 = PLANE ( 'NONE',  #2842 ) ;
#2384 = AXIS2_PLACEMENT_3D ( 'NONE', #1103, #2603, #45 ) ;
#2385 = CARTESIAN_POINT ( 'NONE',  ( 1.329999999999999627, -0.9499999999999996225, 0.1000000000000000056 ) ) ;
#2386 = ORIENTED_EDGE ( 'NONE', *, *, #1050, .T. ) ;
#2387 = VECTOR ( 'NONE', #356, 1000.000000000000000 ) ;
#2388 = LINE ( 'NONE', #1628, #227 ) ;
#2389 = DIRECTION ( 'NONE',  ( 1.000000000000000000, 0.000000000000000000, 0.000000000000000000 ) ) ;
#2390 = EDGE_LOOP ( 'NONE', ( #2708, #2386 ) ) ;
#2391 = CARTESIAN_POINT ( 'NONE',  ( 0.000000000000000000, 0.000000000000000000, 1.300000000000000044 ) ) ;
#2392 = EDGE_CURVE ( 'NONE', #423, #2242, #2192, .T. ) ;
#2393 = VECTOR ( 'NONE', #1403, 1000.000000000000000 ) ;
#2394 = PLANE ( 'NONE',  #123 ) ;
#2395 = LINE ( 'NONE', #2642, #549 ) ;
#2396 = VERTEX_POINT ( 'NONE', #2403 ) ;
#2397 = EDGE_CURVE ( 'NONE', #1259, #738, #628, .T. ) ;
#2398 = DIRECTION ( 'NONE',  ( -0.000000000000000000, -0.000000000000000000, 1.000000000000000000 ) ) ;
#2399 = ADVANCED_FACE ( 'NONE', ( #1868 ), #2146, .T. ) ;
#2400 = VECTOR ( 'NONE', #241, 1000.000000000000000 ) ;
#2401 = DIRECTION ( 'NONE',  ( 0.000000000000000000, 0.000000000000000000, 1.000000000000000000 ) ) ;
#2402 = CARTESIAN_POINT ( 'NONE',  ( 2.300000000000000266, 1.899999999999998579, 1.300000000000000044 ) ) ;
#2403 = CARTESIAN_POINT ( 'NONE',  ( -1.329999999999994298, 1.590000000000000302, 0.000000000000000000 ) ) ;
#2404 = ORIENTED_EDGE ( 'NONE', *, *, #2018, .T. ) ;
#2405 = CARTESIAN_POINT ( 'NONE',  ( -0.3200000000000000622, 2.500000000000000000, 1.300000000000000044 ) ) ;
#2406 = DIRECTION ( 'NONE',  ( 0.000000000000000000, 0.000000000000000000, -1.000000000000000000 ) ) ;
#2407 = EDGE_LOOP ( 'NONE', ( #1386, #2232, #1562, #650 ) ) ;
#2408 = DIRECTION ( 'NONE',  ( 1.000000000000000000, 0.000000000000000000, -0.000000000000000000 ) ) ;
#2409 = EDGE_CURVE ( 'NONE', #1671, #2272, #3180, .T. ) ;
#2410 = DIRECTION ( 'NONE',  ( -1.000000000000000000, 0.000000000000000000, 0.000000000000000000 ) ) ;
#2411 = ORIENTED_EDGE ( 'NONE', *, *, #2392, .T. ) ;
#2412 = CARTESIAN_POINT ( 'NONE',  ( 2.500000000000000000, -2.499999999999999556, 1.300000000000000044 ) ) ;
#2413 = CARTESIAN_POINT ( 'NONE',  ( -3.430248998885766570E-15, 1.000000000000000000, 0.9000000000000001332 ) ) ;
#2414 = CARTESIAN_POINT ( 'NONE',  ( 1.041321167657203407E-14, -1.000000000000000000, 0.9000000000000001332 ) ) ;
#2415 = DIRECTION ( 'NONE',  ( -0.000000000000000000, -0.000000000000000000, 1.000000000000000000 ) ) ;
#2416 = DIRECTION ( 'NONE',  ( -1.000000000000000000, 0.000000000000000000, 0.000000000000000000 ) ) ;
#2417 = EDGE_LOOP ( 'NONE', ( #942, #128, #1874 ) ) ;
#2418 = AXIS2_PLACEMENT_3D ( 'NONE', #2616, #1316, #2349 ) ;
#2419 = APPROVAL ( #1933, 'UNSPECIFIED' ) ;
#2420 = PLANE ( 'NONE',  #347 ) ;
#2421 = EDGE_LOOP ( 'NONE', ( #3026, #2025, #2462, #3037, #2480 ) ) ;
#2422 = DIRECTION ( 'NONE',  ( 1.000000000000000000, 0.000000000000000000, -0.000000000000000000 ) ) ;
#2423 = FACE_OUTER_BOUND ( 'NONE', #2470, .T. ) ;
#2424 = ORIENTED_EDGE ( 'NONE', *, *, #2565, .T. ) ;
#2425 = CALENDAR_DATE ( 2026, 17, 2 ) ;
#2426 = ADVANCED_FACE ( 'NONE', ( #399 ), #2133, .F. ) ;
#2427 = CIRCLE ( 'NONE', #332, 0.3199999999999999512 ) ;
#2428 = ORIENTED_EDGE ( 'NONE', *, *, #1719, .T. ) ;
#2429 = DIRECTION ( 'NONE',  ( 0.000000000000000000, 0.000000000000000000, 1.000000000000000000 ) ) ;
#2430 = ADVANCED_FACE ( 'NONE', ( #3200 ), #2164, .F. ) ;
#2431 = CIRCLE ( 'NONE', #766, 0.3199999999999999512 ) ;
#2432 = FACE_OUTER_BOUND ( 'NONE', #60, .T. ) ;
#2433 = CARTESIAN_POINT ( 'NONE',  ( 1.000000000000010436, -1.000000000000000000, 1.500000000000000000 ) ) ;
#2434 = DIRECTION ( 'NONE',  ( -0.000000000000000000, -1.000000000000000000, -0.000000000000000000 ) ) ;
#2435 = ORIENTED_EDGE ( 'NONE', *, *, #2055, .T. ) ;
#2436 = CARTESIAN_POINT ( 'NONE',  ( -2.500000000000000000, 0.9500000000000000666, 0.1000000000000000056 ) ) ;
#2437 = ORIENTED_EDGE ( 'NONE', *, *, #1348, .F. ) ;
#2438 = DIRECTION ( 'NONE',  ( -1.000000000000000000, -8.673617379884036705E-17, 0.000000000000000000 ) ) ;
#2439 = AXIS2_PLACEMENT_3D ( 'NONE', #2981, #384, #2406 ) ;
#2440 = LINE ( 'NONE', #1393, #1127 ) ;
#2441 = ORIENTED_EDGE ( 'NONE', *, *, #1380, .F. ) ;
#2442 = PERSON_AND_ORGANIZATION ( #2789, #881 ) ;
#2443 = ORIENTED_EDGE ( 'NONE', *, *, #1019, .F. ) ;
#2444 = AXIS2_PLACEMENT_3D ( 'NONE', #3273, #2804, #1766 ) ;
#2445 = LOCAL_TIME ( 14, 31, 51.00000000000000000, #621 ) ;
#2446 = ORIENTED_EDGE ( 'NONE', *, *, #2821, .T. ) ;
#2447 = CARTESIAN_POINT ( 'NONE',  ( 0.000000000000000000, 2.500000000000000000, 1.300000000000000044 ) ) ;
#2448 = EDGE_CURVE ( 'NONE', #1647, #991, #1363, .T. ) ;
#2449 = CARTESIAN_POINT ( 'NONE',  ( 2.180000000000000160, 4.336808689942017736E-16, 2.205096679918780556 ) ) ;
#2450 = EDGE_CURVE ( 'NONE', #1579, #958, #1799, .T. ) ;
#2451 = AXIS2_PLACEMENT_3D ( 'NONE', #1035, #786, #2317 ) ;
#2452 = DIRECTION ( 'NONE',  ( -0.000000000000000000, 0.000000000000000000, -1.000000000000000000 ) ) ;
#2453 = VERTEX_POINT ( 'NONE', #138 ) ;
#2454 = AXIS2_PLACEMENT_3D ( 'NONE', #1268, #7, #2819 ) ;
#2455 = DIRECTION ( 'NONE',  ( 0.000000000000000000, 1.000000000000000000, 0.000000000000000000 ) ) ;
#2456 = DIRECTION ( 'NONE',  ( 0.000000000000000000, 0.000000000000000000, 1.000000000000000000 ) ) ;
#2457 = DIRECTION ( 'NONE',  ( 1.000000000000000000, -0.000000000000000000, -0.000000000000000000 ) ) ;
#2458 = CARTESIAN_POINT ( 'NONE',  ( -2.500000000000000000, -2.500000000000000000, 1.300000000000000044 ) ) ;
#2459 = EDGE_CURVE ( 'NONE', #3127, #362, #403, .T. ) ;
#2460 = ORIENTED_EDGE ( 'NONE', *, *, #14, .F. ) ;
#2461 = PERSON_AND_ORGANIZATION_ROLE ( 'creator' ) ;
#2462 = ORIENTED_EDGE ( 'NONE', *, *, #1939, .T. ) ;
#2463 = EDGE_CURVE ( 'NONE', #2955, #2630, #1953, .T. ) ;
#2464 = DIRECTION ( 'NONE',  ( 0.000000000000000000, 1.000000000000000000, -0.000000000000000000 ) ) ;
#2465 = DIRECTION ( 'NONE',  ( 0.000000000000000000, 0.000000000000000000, 1.000000000000000000 ) ) ;
#2466 = DIRECTION ( 'NONE',  ( -1.303127611160463767E-16, -1.000000000000000000, 0.000000000000000000 ) ) ;
#2467 = PLANE ( 'NONE',  #2834 ) ;
#2468 = ORIENTED_EDGE ( 'NONE', *, *, #2274, .T. ) ;
#2469 = FACE_OUTER_BOUND ( 'NONE', #2417, .T. ) ;
#2470 = EDGE_LOOP ( 'NONE', ( #2238, #765, #81, #187, #444, #688 ) ) ;
#2471 = VECTOR ( 'NONE', #2297, 1000.000000000000000 ) ;
#2472 = FACE_OUTER_BOUND ( 'NONE', #1737, .T. ) ;
#2473 = ADVANCED_FACE ( 'NONE', ( #879 ), #2947, .F. ) ;
#2474 = AXIS2_PLACEMENT_3D ( 'NONE', #2414, #119, #1419 ) ;
#2475 = CYLINDRICAL_SURFACE ( 'NONE', #1564, 0.3199999999999999512 ) ;
#2476 = VERTEX_POINT ( 'NONE', #352 ) ;
#2477 = MECHANICAL_CONTEXT ( 'NONE', #2635, 'mechanical' ) ;
#2478 = ORIENTED_EDGE ( 'NONE', *, *, #1582, .F. ) ;
#2479 = EDGE_CURVE ( 'NONE', #2691, #2850, #664, .T. ) ;
#2480 = ORIENTED_EDGE ( 'NONE', *, *, #1013, .T. ) ;
#2481 = AXIS2_PLACEMENT_3D ( 'NONE', #1169, #1429, #3186 ) ;
#2482 = ORIENTED_EDGE ( 'NONE', *, *, #2130, .T. ) ;
#2483 = EDGE_CURVE ( 'NONE', #230, #889, #2181, .T. ) ;
#2484 = CARTESIAN_POINT ( 'NONE',  ( 2.300000000000000266, 1.899999999999998579, 1.500000000000000000 ) ) ;
#2485 = DIRECTION ( 'NONE',  ( -0.000000000000000000, -0.000000000000000000, -1.000000000000000000 ) ) ;
#2486 = CARTESIAN_POINT ( 'NONE',  ( 0.7000000000000000666, 3.673940397442057649E-17, 0.9000000000000001332 ) ) ;
#2487 = CARTESIAN_POINT ( 'NONE',  ( -2.500000000000003109, 0.3200000000000003397, 0.000000000000000000 ) ) ;
#2488 = EDGE_LOOP ( 'NONE', ( #2719, #629, #1691, #2182, #2786 ) ) ;
#2489 = ADVANCED_FACE ( 'NONE', ( #611 ), #1857, .T. ) ;
#2490 = EDGE_CURVE ( 'NONE', #1238, #55, #157, .T. ) ;
#2491 = PLANE ( 'NONE',  #1357 ) ;
#2492 = CARTESIAN_POINT ( 'NONE',  ( -1.299999999999989608, -1.000000000000006883, 0.9000000000000001332 ) ) ;
#2494 = CARTESIAN_POINT ( 'NONE',  ( 2.300000000000000266, -2.300000000000000266, 1.300000000000000044 ) ) ;
#2493 = AXIS2_PLACEMENT_3D ( 'NONE', #2613, #1589, #1014 ) ;
#2495 = DIRECTION ( 'NONE',  ( 0.000000000000000000, 1.000000000000000000, 0.000000000000000000 ) ) ;
#2496 = ORIENTED_EDGE ( 'NONE', *, *, #2796, .F. ) ;
#2497 = ADVANCED_FACE ( 'NONE', ( #844 ), #3215, .T. ) ;
#2498 = EDGE_LOOP ( 'NONE', ( #2104, #1010, #1913, #2370, #1830, #15, #2204, #316 ) ) ;
#2499 = AXIS2_PLACEMENT_3D ( 'NONE', #107, #913, #1117 ) ;
#2500 = AXIS2_PLACEMENT_3D ( 'NONE', #455, #1732, #933 ) ;
#2501 = AXIS2_PLACEMENT_3D ( 'NONE', #2822, #3065, #756 ) ;
#2502 = ORIENTED_EDGE ( 'NONE', *, *, #2599, .F. ) ;
#2503 = EDGE_CURVE ( 'NONE', #2240, #339, #484, .T. ) ;
#2504 = AXIS2_PLACEMENT_3D ( 'NONE', #121, #861, #2715 ) ;
#2505 = DIRECTION ( 'NONE',  ( -0.000000000000000000, -0.000000000000000000, -1.000000000000000000 ) ) ;
#2506 = DIRECTION ( 'NONE',  ( -0.000000000000000000, -1.000000000000000000, -0.000000000000000000 ) ) ;
#2507 = CARTESIAN_POINT ( 'NONE',  ( 0.000000000000000000, 0.000000000000000000, 0.1000000000000000056 ) ) ;
#2508 = CARTESIAN_POINT ( 'NONE',  ( 1.000000000000010436, -1.000000000000000000, 0.9000000000000001332 ) ) ;
#2509 = ORIENTED_EDGE ( 'NONE', *, *, #1855, .F. ) ;
#2510 = DIRECTION ( 'NONE',  ( 0.000000000000000000, 0.000000000000000000, 1.000000000000000000 ) ) ;
#2511 = ORIENTED_EDGE ( 'NONE', *, *, #2600, .F. ) ;
#2512 = AXIS2_PLACEMENT_3D ( 'NONE', #2214, #490, #175 ) ;
#2513 = CARTESIAN_POINT ( 'NONE',  ( 0.000000000000000000, 0.000000000000000000, 1.300000000000000044 ) ) ;
#2514 = CIRCLE ( 'NONE', #1210, 0.3200000000000000622 ) ;
#2515 = CARTESIAN_POINT ( 'NONE',  ( 2.500000000000000000, -2.499999999999999556, 1.300000000000000044 ) ) ;
#2516 = ORIENTED_EDGE ( 'NONE', *, *, #740, .F. ) ;
#2517 = ORIENTED_EDGE ( 'NONE', *, *, #2159, .T. ) ;
#2518 = DIRECTION ( 'NONE',  ( -0.000000000000000000, -0.000000000000000000, 1.000000000000000000 ) ) ;
#2519 = ORIENTED_EDGE ( 'NONE', *, *, #120, .F. ) ;
#2520 = DIRECTION ( 'NONE',  ( 0.000000000000000000, -0.000000000000000000, 1.000000000000000000 ) ) ;
#2521 = ORIENTED_EDGE ( 'NONE', *, *, #1147, .F. ) ;
#2522 = ADVANCED_FACE ( 'NONE', ( #2209 ), #2467, .F. ) ;
#2523 = LINE ( 'NONE', #2207, #1875 ) ;
#2524 = CARTESIAN_POINT ( 'NONE',  ( -0.7000000000000000666, -6.982962677686268288E-15, 1.500000000000000000 ) ) ;
#2525 = CARTESIAN_POINT ( 'NONE',  ( -0.3200000000000000622, -2.500000000000001776, 0.1000000000000000056 ) ) ;
#2526 = VERTEX_POINT ( 'NONE', #1436 ) ;
#2527 = CYLINDRICAL_SURFACE ( 'NONE', #2330, 0.3200000000000000622 ) ;
#2528 = ORIENTED_EDGE ( 'NONE', *, *, #2312, .T. ) ;
#2529 = EDGE_CURVE ( 'NONE', #1834, #2691, #1474, .T. ) ;
#2530 = CARTESIAN_POINT ( 'NONE',  ( 2.250000000000000444, 2.500000000000000444, 0.000000000000000000 ) ) ;
#2531 = CARTESIAN_POINT ( 'NONE',  ( -1.900000000000000133, 2.300000000000000266, 1.500000000000000000 ) ) ;
#2532 = ORIENTED_EDGE ( 'NONE', *, *, #652, .F. ) ;
#2533 = ORIENTED_EDGE ( 'NONE', *, *, #3206, .F. ) ;
#2534 = FACE_OUTER_BOUND ( 'NONE', #622, .T. ) ;
#2535 = VECTOR ( 'NONE', #609, 1000.000000000000000 ) ;
#2536 = CIRCLE ( 'NONE', #1073, 0.3000000000000000444 ) ;
#2537 = DIRECTION ( 'NONE',  ( 1.000000000000000000, 0.000000000000000000, 0.000000000000000000 ) ) ;
#2538 = VERTEX_POINT ( 'NONE', #715 ) ;
#2539 = EDGE_CURVE ( 'NONE', #958, #339, #3024, .T. ) ;
#2540 = ORIENTED_EDGE ( 'NONE', *, *, #3025, .F. ) ;
#2541 = CARTESIAN_POINT ( 'NONE',  ( -1.329999999999994298, 0.9499999999999999556, 0.000000000000000000 ) ) ;
#2542 = DIRECTION ( 'NONE',  ( 0.000000000000000000, 0.000000000000000000, 1.000000000000000000 ) ) ;
#2543 = PLANE ( 'NONE',  #100 ) ;
#2544 = DIRECTION ( 'NONE',  ( 0.000000000000000000, 0.000000000000000000, 1.000000000000000000 ) ) ;
#2545 = ORIENTED_EDGE ( 'NONE', *, *, #1642, .T. ) ;
#2546 = EDGE_CURVE ( 'NONE', #1443, #2152, #2068, .T. ) ;
#2547 = DIRECTION ( 'NONE',  ( -8.673617379884036705E-17, 1.000000000000000000, 0.000000000000000000 ) ) ;
#2548 = CARTESIAN_POINT ( 'NONE',  ( -2.500000000000000000, -1.590000000000000080, 1.300000000000000044 ) ) ;
#2549 = DIRECTION ( 'NONE',  ( 0.000000000000000000, 0.000000000000000000, 1.000000000000000000 ) ) ;
#2550 = LINE ( 'NONE', #2531, #3090 ) ;
#2551 = AXIS2_PLACEMENT_3D ( 'NONE', #1195, #2976, #397 ) ;
#2552 = ORIENTED_EDGE ( 'NONE', *, *, #1719, .F. ) ;
#2553 = VERTEX_POINT ( 'NONE', #432 ) ;
#2554 = DIRECTION ( 'NONE',  ( -0.000000000000000000, -0.000000000000000000, 1.000000000000000000 ) ) ;
#2555 = EDGE_CURVE ( 'NONE', #1338, #2966, #2011, .T. ) ;
#2556 = AXIS2_PLACEMENT_3D ( 'NONE', #2324, #32, #2073 ) ;
#2557 = DIRECTION ( 'NONE',  ( 1.000000000000000000, 0.000000000000000000, -0.000000000000000000 ) ) ;
#2558 = ORIENTED_EDGE ( 'NONE', *, *, #2856, .F. ) ;
#2559 = ORIENTED_EDGE ( 'NONE', *, *, #1479, .F. ) ;
#2560 = CIRCLE ( 'NONE', #923, 0.3199999999999999512 ) ;
#2561 = CARTESIAN_POINT ( 'NONE',  ( 2.499999999999988454, -0.9499999999999996225, 0.000000000000000000 ) ) ;
#2562 = CARTESIAN_POINT ( 'NONE',  ( -0.3000000000000034861, 1.000000000000000000, 0.9000000000000001332 ) ) ;
#2563 = CYLINDRICAL_SURFACE ( 'NONE', #1887, 0.2999999999999999334 ) ;
#2564 = ORIENTED_EDGE ( 'NONE', *, *, #796, .T. ) ;
#2565 = EDGE_CURVE ( 'NONE', #375, #889, #2733, .T. ) ;
#2566 = AXIS2_PLACEMENT_3D ( 'NONE', #2248, #1728, #980 ) ;
#2567 = LINE ( 'NONE', #1750, #1634 ) ;
#2568 = CARTESIAN_POINT ( 'NONE',  ( 2.300000000000000266, -2.300000000000000266, 1.300000000000000044 ) ) ;
#2569 = LINE ( 'NONE', #260, #1315 ) ;
#2570 = LOCAL_TIME ( 14, 31, 51.00000000000000000, #2217 ) ;
#2571 = CARTESIAN_POINT ( 'NONE',  ( 0.000000000000000000, 0.000000000000000000, 0.9000000000000001332 ) ) ;
#2572 = VECTOR ( 'NONE', #1219, 1000.000000000000000 ) ;
#2573 = CIRCLE ( 'NONE', #206, 0.3199999999999999512 ) ;
#2574 = EDGE_CURVE ( 'NONE', #2299, #245, #3152, .T. ) ;
#2575 = CYLINDRICAL_SURFACE ( 'NONE', #2914, 0.2999999999999999334 ) ;
#2576 = ORIENTED_EDGE ( 'NONE', *, *, #2878, .F. ) ;
#2577 = EDGE_CURVE ( 'NONE', #2193, #2367, #1047, .T. ) ;
#2578 = CARTESIAN_POINT ( 'NONE',  ( -2.500000000000003109, -0.3199999999999998956, 0.1000000000000000056 ) ) ;
#2579 = LINE ( 'NONE', #2849, #291 ) ;
#2580 = EDGE_LOOP ( 'NONE', ( #1974, #465, #1396, #2502 ) ) ;
#2581 = DIRECTION ( 'NONE',  ( -0.000000000000000000, -0.000000000000000000, -1.000000000000000000 ) ) ;
#2582 = DIRECTION ( 'NONE',  ( -1.390002785237816760E-16, -1.000000000000000000, 0.000000000000000000 ) ) ;
#2583 = CARTESIAN_POINT ( 'NONE',  ( -1.329999999999995186, -0.3200000000000000622, 0.1000000000000000056 ) ) ;
#2584 = VERTEX_POINT ( 'NONE', #416 ) ;
#2585 = LINE ( 'NONE', #276, #3088 ) ;
#2586 = VERTEX_POINT ( 'NONE', #170 ) ;
#2587 = DIRECTION ( 'NONE',  ( 0.000000000000000000, 0.000000000000000000, 1.000000000000000000 ) ) ;
#2588 = EDGE_CURVE ( 'NONE', #179, #2899, #1177, .T. ) ;
#2589 = CARTESIAN_POINT ( 'NONE',  ( 0.000000000000000000, 0.000000000000000000, 0.1000000000000000056 ) ) ;
#2590 = VERTEX_POINT ( 'NONE', #2487 ) ;
#2591 = AXIS2_PLACEMENT_3D ( 'NONE', #1113, #3178, #2661 ) ;
#2592 = CIRCLE ( 'NONE', #2199, 0.2999999999999999334 ) ;
#2593 = CARTESIAN_POINT ( 'NONE',  ( 2.300000000000000266, -1.020200080064053605, 1.300000000000000044 ) ) ;
#2594 = CARTESIAN_POINT ( 'NONE',  ( 2.500000000000000000, 2.250000000000000888, 1.500000000000000000 ) ) ;
#2595 = ORIENTED_EDGE ( 'NONE', *, *, #2102, .F. ) ;
#2596 = CARTESIAN_POINT ( 'NONE',  ( 1.300000000000000044, 0.000000000000000000, 1.500000000000000000 ) ) ;
#2597 = DIRECTION ( 'NONE',  ( 0.000000000000000000, 0.000000000000000000, 1.000000000000000000 ) ) ;
#2598 = AXIS2_PLACEMENT_3D ( 'NONE', #1879, #3157, #838 ) ;
#2599 = EDGE_CURVE ( 'NONE', #1139, #1260, #1940, .T. ) ;
#2600 = EDGE_CURVE ( 'NONE', #65, #3079, #1197, .T. ) ;
#2601 = DIRECTION ( 'NONE',  ( -0.000000000000000000, -1.000000000000000000, -0.000000000000000000 ) ) ;
#2602 = ORIENTED_EDGE ( 'NONE', *, *, #2979, .F. ) ;
#2603 = DIRECTION ( 'NONE',  ( 0.000000000000000000, -0.000000000000000000, 1.000000000000000000 ) ) ;
#2604 = ORIENTED_EDGE ( 'NONE', *, *, #2490, .T. ) ;
#2605 = DIRECTION ( 'NONE',  ( 0.000000000000000000, 0.000000000000000000, -1.000000000000000000 ) ) ;
#2606 = VECTOR ( 'NONE', #1853, 1000.000000000000000 ) ;
#2607 = CARTESIAN_POINT ( 'NONE',  ( 1.329999999999999849, 0.3200000000000003397, 0.000000000000000000 ) ) ;
#2608 = EDGE_CURVE ( 'NONE', #1131, #2172, #1533, .T. ) ;
#2609 = PLANE ( 'NONE',  #2556 ) ;
#2610 = ORIENTED_EDGE ( 'NONE', *, *, #31, .T. ) ;
#2611 = VECTOR ( 'NONE', #839, 1000.000000000000000 ) ;
#2612 = CARTESIAN_POINT ( 'NONE',  ( 2.500000000000000000, -2.499999999999999556, 1.500000000000000000 ) ) ;
#2613 = CARTESIAN_POINT ( 'NONE',  ( 1.000000000000010436, -1.000000000000000000, 1.500000000000000000 ) ) ;
#2614 = ORIENTED_EDGE ( 'NONE', *, *, #2252, .T. ) ;
#2615 = AXIS2_PLACEMENT_3D ( 'NONE', #1038, #2884, #2389 ) ;
#2616 = CARTESIAN_POINT ( 'NONE',  ( -2.499999999999999556, 0.000000000000000000, 0.09999999999999982514 ) ) ;
#2617 = DIRECTION ( 'NONE',  ( 1.000000000000000000, 0.000000000000000000, 0.000000000000000000 ) ) ;
#2618 = VECTOR ( 'NONE', #2118, 1000.000000000000000 ) ;
#2619 = DIRECTION ( 'NONE',  ( 1.000000000000000000, 0.000000000000000000, 0.000000000000000000 ) ) ;
#2620 = EDGE_LOOP ( 'NONE', ( #1861, #2021, #3155, #3070 ) ) ;
#2621 = DIRECTION ( 'NONE',  ( 0.000000000000000000, 1.000000000000000000, 0.000000000000000000 ) ) ;
#2622 = AXIS2_PLACEMENT_3D ( 'NONE', #3188, #424, #1185 ) ;
#2623 = VERTEX_POINT ( 'NONE', #221 ) ;
#2624 = CARTESIAN_POINT ( 'NONE',  ( 2.500000000000004441, 1.270000000000000462, 0.09999999999999982514 ) ) ;
#2625 = CYLINDRICAL_SURFACE ( 'NONE', #2049, 0.2999999999999999889 ) ;
#2626 = FACE_OUTER_BOUND ( 'NONE', #506, .T. ) ;
#2627 = AXIS2_PLACEMENT_3D ( 'NONE', #3252, #475, #2774 ) ;
#2628 = ORIENTED_EDGE ( 'NONE', *, *, #3071, .T. ) ;
#2629 = EDGE_CURVE ( 'NONE', #3221, #2476, #1254, .T. ) ;
#2630 = VERTEX_POINT ( 'NONE', #3284 ) ;
#2631 = CARTESIAN_POINT ( 'NONE',  ( -0.3200000000000000622, -1.269999999999999574, 0.000000000000000000 ) ) ;
#2632 = DIRECTION ( 'NONE',  ( -1.000000000000000000, 0.000000000000000000, 0.000000000000000000 ) ) ;
#2633 = CARTESIAN_POINT ( 'NONE',  ( -2.300000000000000266, -2.300000000000000266, 1.300000000000000044 ) ) ;
#2634 = ORIENTED_EDGE ( 'NONE', *, *, #2145, .T. ) ;
#2635 = APPLICATION_CONTEXT ( 'configuration controlled 3d designs of mechanical parts and assemblies' ) ;
#2636 = ADVANCED_FACE ( 'NONE', ( #963 ), #1992, .T. ) ;
#2637 = PLANE ( 'NONE',  #2384 ) ;
#2638 = ORIENTED_EDGE ( 'NONE', *, *, #572, .F. ) ;
#2639 = EDGE_CURVE ( 'NONE', #2966, #1526, #3042, .T. ) ;
#2640 = CARTESIAN_POINT ( 'NONE',  ( 2.499999999999987121, -1.269999999999999574, 2.205096679918780556 ) ) ;
#2641 = DIRECTION ( 'NONE',  ( 1.000000000000000000, 0.000000000000000000, -0.000000000000000000 ) ) ;
#2642 = CARTESIAN_POINT ( 'NONE',  ( 2.179999999999987281, -1.269999999999999574, 2.205096679918780556 ) ) ;
#2643 = VERTEX_POINT ( 'NONE', #2800 ) ;
#2644 = CARTESIAN_POINT ( 'NONE',  ( -0.2497999199359366429, -2.300000000000000266, 1.300000000000000044 ) ) ;
#2645 = AXIS2_PLACEMENT_3D ( 'NONE', #2730, #1435, #962 ) ;
#2646 = FACE_OUTER_BOUND ( 'NONE', #2329, .T. ) ;
#2647 = DIRECTION ( 'NONE',  ( 1.000000000000000000, 0.000000000000000000, 0.000000000000000000 ) ) ;
#2648 = ORIENTED_EDGE ( 'NONE', *, *, #883, .F. ) ;
#2649 = DIRECTION ( 'NONE',  ( 0.000000000000000000, 0.000000000000000000, 1.000000000000000000 ) ) ;
#2650 = AXIS2_PLACEMENT_3D ( 'NONE', #619, #1900, #3254 ) ;
#2651 = FACE_OUTER_BOUND ( 'NONE', #2580, .T. ) ;
#2652 = ORIENTED_EDGE ( 'NONE', *, *, #1748, .T. ) ;
#2653 = CARTESIAN_POINT ( 'NONE',  ( 1.329999999999999849, 0.3200000000000003397, 0.000000000000000000 ) ) ;
#2654 = DIRECTION ( 'NONE',  ( -0.000000000000000000, 0.000000000000000000, -1.000000000000000000 ) ) ;
#2655 = FACE_OUTER_BOUND ( 'NONE', #1738, .T. ) ;
#2656 = EDGE_CURVE ( 'NONE', #763, #1171, #2579, .T. ) ;
#2657 = VERTEX_POINT ( 'NONE', #2631 ) ;
#2658 = AXIS2_PLACEMENT_3D ( 'NONE', #1886, #1081, #1922 ) ;
#2659 = CARTESIAN_POINT ( 'NONE',  ( 0.7000000000000000666, 3.673940397442058266E-17, 0.9000000000000001332 ) ) ;
#2660 = DIRECTION ( 'NONE',  ( -0.000000000000000000, -0.000000000000000000, 1.000000000000000000 ) ) ;
#2661 = DIRECTION ( 'NONE',  ( 1.000000000000000000, 6.776263578034403699E-16, 0.000000000000000000 ) ) ;
#2662 = EDGE_CURVE ( 'NONE', #3109, #1772, #2079, .T. ) ;
#2663 = AXIS2_PLACEMENT_3D ( 'NONE', #1815, #534, #2422 ) ;
#2664 = DIRECTION ( 'NONE',  ( 1.000000000000000000, 3.388131789017201751E-15, 0.000000000000000000 ) ) ;
#2665 = ORIENTED_EDGE ( 'NONE', *, *, #1274, .T. ) ;
#2666 = VECTOR ( 'NONE', #1917, 1000.000000000000000 ) ;
#2667 = DIRECTION ( 'NONE',  ( -1.000000000000000000, 0.000000000000000000, -0.000000000000000000 ) ) ;
#2668 = DIRECTION ( 'NONE',  ( -1.000000000000000000, 0.000000000000000000, 0.000000000000000000 ) ) ;
#2669 = EDGE_LOOP ( 'NONE', ( #1198, #3001, #776, #1557 ) ) ;
#2670 = DIRECTION ( 'NONE',  ( 0.000000000000000000, 0.000000000000000000, 1.000000000000000000 ) ) ;
#2671 = AXIS2_PLACEMENT_3D ( 'NONE', #1925, #1606, #1130 ) ;
#2672 = CARTESIAN_POINT ( 'NONE',  ( -2.499999999999995115, 1.270000000000000018, 2.205096679918780556 ) ) ;
#2673 = PERSON_AND_ORGANIZATION_ROLE ( 'creator' ) ;
#2674 = EDGE_LOOP ( 'NONE', ( #1613, #2595, #620, #1026 ) ) ;
#2675 = CC_DESIGN_APPROVAL ( #2419, ( #1852 ) ) ;
#2676 = VECTOR ( 'NONE', #1910, 1000.000000000000000 ) ;
#2677 = PLANE ( 'NONE',  #3083 ) ;
#2678 = AXIS2_PLACEMENT_3D ( 'NONE', #3197, #878, #1908 ) ;
#2679 = CARTESIAN_POINT ( 'NONE',  ( -1.329999999999995186, -1.590000000000000302, 0.000000000000000000 ) ) ;
#2680 = LINE ( 'NONE', #1332, #1539 ) ;
#2681 = DIRECTION ( 'NONE',  ( -0.000000000000000000, -0.000000000000000000, -1.000000000000000000 ) ) ;
#2682 = VERTEX_POINT ( 'NONE', #2032 ) ;
#2683 = EDGE_CURVE ( 'NONE', #1904, #1786, #1541, .T. ) ;
#2684 = CARTESIAN_POINT ( 'NONE',  ( 2.300000000000000266, -1.900000000000000577, 1.300000000000000044 ) ) ;
#2685 = VERTEX_POINT ( 'NONE', #37 ) ;
#2686 = VERTEX_POINT ( 'NONE', #1776 ) ;
#2687 = CARTESIAN_POINT ( 'NONE',  ( 0.6999999999999966249, 1.000000000000000000, 1.500000000000000000 ) ) ;
#2688 = LINE ( 'NONE', #886, #1343 ) ;
#2689 = ORIENTED_EDGE ( 'NONE', *, *, #1272, .T. ) ;
#2690 = DATE_TIME_ROLE ( 'classification_date' ) ;
#2691 = VERTEX_POINT ( 'NONE', #2093 ) ;
#2692 = EDGE_CURVE ( 'NONE', #2538, #2168, #2298, .T. ) ;
#2693 = LINE ( 'NONE', #2659, #3140 ) ;
#2694 = APPLICATION_CONTEXT ( 'configuration controlled 3d designs of mechanical parts and assemblies' ) ;
#2695 = LINE ( 'NONE', #2131, #66 ) ;
#2696 = DIRECTION ( 'NONE',  ( 1.000000000000000000, 0.000000000000000000, 0.000000000000000000 ) ) ;
#2697 = DIRECTION ( 'NONE',  ( 1.000000000000000000, 0.000000000000000000, -0.000000000000000000 ) ) ;
#2698 = ORIENTED_EDGE ( 'NONE', *, *, #2159, .F. ) ;
#2699 = CIRCLE ( 'NONE', #2095, 0.3000000000000000444 ) ;
#2700 = AXIS2_PLACEMENT_3D ( 'NONE', #1346, #2227, #1711 ) ;
#2701 = CARTESIAN_POINT ( 'NONE',  ( 1.000000000000010436, -1.000000000000000000, 0.9000000000000001332 ) ) ;
#2702 = ORIENTED_EDGE ( 'NONE', *, *, #2, .T. ) ;
#2703 = DIRECTION ( 'NONE',  ( 0.000000000000000000, 1.000000000000000000, 0.000000000000000000 ) ) ;
#2704 = DIRECTION ( 'NONE',  ( -0.000000000000000000, -0.000000000000000000, 1.000000000000000000 ) ) ;
#2705 = ORIENTED_EDGE ( 'NONE', *, *, #900, .T. ) ;
#2706 = SHAPE_DEFINITION_REPRESENTATION ( #1136, #1885 ) ;
#2707 = CIRCLE ( 'NONE', #2598, 0.2499999999999997780 ) ;
#2708 = ORIENTED_EDGE ( 'NONE', *, *, #1995, .T. ) ;
#2709 = EDGE_CURVE ( 'NONE', #919, #2630, #3128, .T. ) ;
#2710 = ADVANCED_FACE ( 'NONE', ( #4 ), #269, .F. ) ;
#2711 = CARTESIAN_POINT ( 'NONE',  ( 2.500000000000000000, 0.3200000000000003397, 0.000000000000000000 ) ) ;
#2712 = AXIS2_PLACEMENT_3D ( 'NONE', #1126, #2429, #1345 ) ;
#2713 = FACE_OUTER_BOUND ( 'NONE', #3257, .T. ) ;
#2714 = FACE_OUTER_BOUND ( 'NONE', #2407, .T. ) ;
#2715 = DIRECTION ( 'NONE',  ( 1.000000000000000000, 0.000000000000000000, 0.000000000000000000 ) ) ;
#2716 = ORIENTED_EDGE ( 'NONE', *, *, #2683, .T. ) ;
#2717 = AXIS2_PLACEMENT_3D ( 'NONE', #2507, #1453, #185 ) ;
#2718 = FACE_OUTER_BOUND ( 'NONE', #951, .T. ) ;
#2719 = ORIENTED_EDGE ( 'NONE', *, *, #1927, .T. ) ;
#2720 = CARTESIAN_POINT ( 'NONE',  ( 2.500000000000000000, -2.499999999999999556, 1.300000000000000044 ) ) ;
#2721 = AXIS2_PLACEMENT_3D ( 'NONE', #2284, #2995, #3028 ) ;
#2722 = ADVANCED_FACE ( 'NONE', ( #3073 ), #2563, .F. ) ;
#2723 = FACE_OUTER_BOUND ( 'NONE', #2186, .T. ) ;
#2724 = ORIENTED_EDGE ( 'NONE', *, *, #2878, .T. ) ;
#2725 = ORIENTED_EDGE ( 'NONE', *, *, #1680, .T. ) ;
#2726 = AXIS2_PLACEMENT_3D ( 'NONE', #1246, #1507, #1973 ) ;
#2727 = ORIENTED_EDGE ( 'NONE', *, *, #2750, .F. ) ;
#2728 = CARTESIAN_POINT ( 'NONE',  ( -2.500000000000000000, -0.9500000000000000666, 2.205096679918780556 ) ) ;
#2729 = CARTESIAN_POINT ( 'NONE',  ( 1.000000000000000000, 0.000000000000000000, 0.9000000000000001332 ) ) ;
#2730 = CARTESIAN_POINT ( 'NONE',  ( 2.500000000000000000, 4.336808689942017736E-16, 2.205096679918780556 ) ) ;
#2731 = CARTESIAN_POINT ( 'NONE',  ( 0.3200000000000000622, -1.269999999999999574, 0.1000000000000000056 ) ) ;
#2732 = VECTOR ( 'NONE', #1896, 1000.000000000000000 ) ;
#2733 = LINE ( 'NONE', #3229, #3314 ) ;
#2734 = ORIENTED_EDGE ( 'NONE', *, *, #593, .T. ) ;
#2735 = VECTOR ( 'NONE', #1402, 1000.000000000000000 ) ;
#2736 = CARTESIAN_POINT ( 'NONE',  ( -0.6999999999999897415, -1.000000000000006883, 1.500000000000000000 ) ) ;
#2737 = ORIENTED_EDGE ( 'NONE', *, *, #2843, .T. ) ;
#2738 = EDGE_CURVE ( 'NONE', #2453, #2553, #1242, .T. ) ;
#2739 = DIRECTION ( 'NONE',  ( 3.706674093967521386E-16, 1.000000000000000000, -0.000000000000000000 ) ) ;
#2740 = DIRECTION ( 'NONE',  ( -1.853337046983760693E-16, -1.000000000000000000, 0.000000000000000000 ) ) ;
#2741 = EDGE_CURVE ( 'NONE', #798, #2869, #3317, .T. ) ;
#2742 = EDGE_LOOP ( 'NONE', ( #746, #710, #38, #1437 ) ) ;
#2743 = ORIENTED_EDGE ( 'NONE', *, *, #1311, .T. ) ;
#2744 = DIRECTION ( 'NONE',  ( 0.000000000000000000, 0.000000000000000000, 1.000000000000000000 ) ) ;
#2745 = CARTESIAN_POINT ( 'NONE',  ( 2.500000000000000000, -1.589999999999999636, 2.205096679918780556 ) ) ;
#2746 = CYLINDRICAL_SURFACE ( 'NONE', #2645, 0.3199999999999999512 ) ;
#2747 = DIRECTION ( 'NONE',  ( 1.000000000000000000, 0.000000000000000000, 0.000000000000000000 ) ) ;
#2748 = CARTESIAN_POINT ( 'NONE',  ( -0.7000000000000036193, 0.9999999999999931166, 0.9000000000000001332 ) ) ;
#2749 = ORIENTED_EDGE ( 'NONE', *, *, #427, .F. ) ;
#2750 = EDGE_CURVE ( 'NONE', #958, #1116, #54, .T. ) ;
#2751 = DIRECTION ( 'NONE',  ( -1.000000000000000000, 0.000000000000000000, 0.000000000000000000 ) ) ;
#2752 = CARTESIAN_POINT ( 'NONE',  ( -2.500000000000000000, -0.9500000000000000666, 0.000000000000000000 ) ) ;
#2753 = AXIS2_PLACEMENT_3D ( 'NONE', #2364, #1067, #2632 ) ;
#2754 = LINE ( 'NONE', #2253, #1207 ) ;
#2755 = VECTOR ( 'NONE', #1244, 1000.000000000000000 ) ;
#2756 = DIRECTION ( 'NONE',  ( -0.000000000000000000, -0.000000000000000000, -1.000000000000000000 ) ) ;
#2757 = VERTEX_POINT ( 'NONE', #1030 ) ;
#2758 = DIRECTION ( 'NONE',  ( 1.000000000000000000, 0.000000000000000000, 0.000000000000000000 ) ) ;
#2759 = ORIENTED_EDGE ( 'NONE', *, *, #514, .F. ) ;
#2760 = EDGE_CURVE ( 'NONE', #2869, #1118, #301, .T. ) ;
#2761 = EDGE_LOOP ( 'NONE', ( #2424, #612, #3054, #1178 ) ) ;
#2762 = AXIS2_PLACEMENT_3D ( 'NONE', #1668, #2740, #421 ) ;
#2763 = VECTOR ( 'NONE', #189, 1000.000000000000000 ) ;
#2764 = FACE_OUTER_BOUND ( 'NONE', #2498, .T. ) ;
#2765 = DIRECTION ( 'NONE',  ( -0.000000000000000000, -1.000000000000000000, -0.000000000000000000 ) ) ;
#2766 = DIRECTION ( 'NONE',  ( 1.000000000000000000, 0.000000000000000000, 0.000000000000000000 ) ) ;
#2767 = DIRECTION ( 'NONE',  ( 1.000000000000000000, 1.246832498358330257E-14, 0.000000000000000000 ) ) ;
#2768 = ORIENTED_EDGE ( 'NONE', *, *, #1206, .T. ) ;
#2769 = VECTOR ( 'NONE', #3145, 1000.000000000000000 ) ;
#2770 = EDGE_CURVE ( 'NONE', #2335, #1234, #501, .T. ) ;
#2771 = DIRECTION ( 'NONE',  ( -0.000000000000000000, -0.000000000000000000, -1.000000000000000000 ) ) ;
#2772 = DIRECTION ( 'NONE',  ( -0.000000000000000000, 0.000000000000000000, -1.000000000000000000 ) ) ;
#2774 = DIRECTION ( 'NONE',  ( 0.000000000000000000, 0.000000000000000000, 1.000000000000000000 ) ) ;
#2773 = CIRCLE ( 'NONE', #818, 0.2499999999999997780 ) ;
#2775 = FACE_OUTER_BOUND ( 'NONE', #3313, .T. ) ;
#2776 = VERTEX_POINT ( 'NONE', #1111 ) ;
#2777 = ORIENTED_EDGE ( 'NONE', *, *, #1657, .T. ) ;
#2778 = AXIS2_PLACEMENT_3D ( 'NONE', #3009, #983, #257 ) ;
#2779 = FACE_BOUND ( 'NONE', #19, .T. ) ;
#2780 = ORIENTED_EDGE ( 'NONE', *, *, #1174, .T. ) ;
#2781 = DIRECTION ( 'NONE',  ( -1.000000000000000000, 0.000000000000000000, 0.000000000000000000 ) ) ;
#2782 = DIRECTION ( 'NONE',  ( 1.000000000000000000, -0.000000000000000000, -0.000000000000000000 ) ) ;
#2783 = CARTESIAN_POINT ( 'NONE',  ( 0.000000000000000000, 0.000000000000000000, 1.300000000000000044 ) ) ;
#2784 = ORIENTED_EDGE ( 'NONE', *, *, #1417, .T. ) ;
#2785 = CARTESIAN_POINT ( 'NONE',  ( -1.000000000000003553, 0.9999999999999931166, 1.500000000000000000 ) ) ;
#2786 = ORIENTED_EDGE ( 'NONE', *, *, #3225, .T. ) ;
#2787 = CIRCLE ( 'NONE', #44, 0.3199999999999999512 ) ;
#2788 = CARTESIAN_POINT ( 'NONE',  ( -2.500000000000000000, -2.250000000000000444, 1.500000000000000000 ) ) ;
#2789 = PERSON ( 'UNSPECIFIED', 'UNSPECIFIED', 'UNSPECIFIED', ('UNSPECIFIED'), ('UNSPECIFIED'), ('UNSPECIFIED') ) ;
#2790 = EDGE_CURVE ( 'NONE', #736, #1443, #589, .T. ) ;
#2791 = DIRECTION ( 'NONE',  ( -0.000000000000000000, -0.000000000000000000, 1.000000000000000000 ) ) ;
#2792 = ORIENTED_EDGE ( 'NONE', *, *, #2529, .T. ) ;
#2793 = DIRECTION ( 'NONE',  ( -1.000000000000000000, 0.000000000000000000, 0.000000000000000000 ) ) ;
#2794 = DIRECTION ( 'NONE',  ( -0.000000000000000000, -0.000000000000000000, 1.000000000000000000 ) ) ;
#2795 = EDGE_LOOP ( 'NONE', ( #2371, #1326, #1741, #1189 ) ) ;
#2796 = EDGE_CURVE ( 'NONE', #1338, #3094, #606, .T. ) ;
#2797 = VERTEX_POINT ( 'NONE', #2111 ) ;
#2798 = DIRECTION ( 'NONE',  ( 0.000000000000000000, -0.000000000000000000, 1.000000000000000000 ) ) ;
#2799 = FACE_OUTER_BOUND ( 'NONE', #2120, .T. ) ;
#2800 = CARTESIAN_POINT ( 'NONE',  ( 2.180000000000004601, 1.270000000000000462, 0.09999999999999982514 ) ) ;
#2801 = VERTEX_POINT ( 'NONE', #826 ) ;
#2802 = FACE_OUTER_BOUND ( 'NONE', #3014, .T. ) ;
#2803 = ORIENTED_EDGE ( 'NONE', *, *, #1890, .T. ) ;
#2804 = DIRECTION ( 'NONE',  ( 0.000000000000000000, -0.000000000000000000, 1.000000000000000000 ) ) ;
#2805 = CARTESIAN_POINT ( 'NONE',  ( -2.500000000000003109, 0.3200000000000003397, 0.1000000000000000056 ) ) ;
#2806 = ORIENTED_EDGE ( 'NONE', *, *, #1609, .F. ) ;
#2807 = PLANE ( 'NONE',  #1410 ) ;
#2808 = CARTESIAN_POINT ( 'NONE',  ( -1.000000000000003553, 0.9999999999999931166, 0.9000000000000001332 ) ) ;
#2809 = ORIENTED_EDGE ( 'NONE', *, *, #661, .T. ) ;
#2810 = ADVANCED_FACE ( 'NONE', ( #2160 ), #2958, .F. ) ;
#2811 = ORIENTED_EDGE ( 'NONE', *, *, #299, .T. ) ;
#2812 = EDGE_CURVE ( 'NONE', #840, #2396, #1144, .T. ) ;
#2813 = VECTOR ( 'NONE', #2088, 1000.000000000000000 ) ;
#2814 = CARTESIAN_POINT ( 'NONE',  ( 2.500000000000000000, 0.3200000000000003397, 0.000000000000000000 ) ) ;
#2815 = DIRECTION ( 'NONE',  ( 1.000000000000000000, 0.000000000000000000, 0.000000000000000000 ) ) ;
#2816 = DIRECTION ( 'NONE',  ( -0.000000000000000000, -0.000000000000000000, 1.000000000000000000 ) ) ;
#2817 = VERTEX_POINT ( 'NONE', #2644 ) ;
#2818 = DIRECTION ( 'NONE',  ( 0.000000000000000000, 1.000000000000000000, 0.000000000000000000 ) ) ;
#2819 = DIRECTION ( 'NONE',  ( -1.000000000000000000, 0.000000000000000000, 0.000000000000000000 ) ) ;
#2820 = CARTESIAN_POINT ( 'NONE',  ( -1.299999999999989608, -1.000000000000006883, 1.500000000000000000 ) ) ;
#2821 = EDGE_CURVE ( 'NONE', #3045, #2586, #1330, .T. ) ;
#2822 = CARTESIAN_POINT ( 'NONE',  ( 2.500000000000004441, 1.270000000000000462, 0.09999999999999982514 ) ) ;
#2823 = ORIENTED_EDGE ( 'NONE', *, *, #181, .T. ) ;
#2824 = VECTOR ( 'NONE', #1674, 1000.000000000000000 ) ;
#2825 = ORIENTED_EDGE ( 'NONE', *, *, #318, .F. ) ;
#2826 = EDGE_CURVE ( 'NONE', #2584, #2978, #239, .T. ) ;
#2827 = CARTESIAN_POINT ( 'NONE',  ( -1.329999999999995186, -0.9500000000000005107, 0.000000000000000000 ) ) ;
#2828 = VECTOR ( 'NONE', #1165, 1000.000000000000000 ) ;
#2829 = ORIENTED_EDGE ( 'NONE', *, *, #988, .F. ) ;
#2830 = AXIS2_PLACEMENT_3D ( 'NONE', #1754, #1006, #1979 ) ;
#2831 = PLANE ( 'NONE',  #2291 ) ;
#2832 = DIRECTION ( 'NONE',  ( -0.000000000000000000, -0.000000000000000000, 1.000000000000000000 ) ) ;
#2833 = ORIENTED_EDGE ( 'NONE', *, *, #315, .F. ) ;
#2834 = AXIS2_PLACEMENT_3D ( 'NONE', #2525, #1454, #696 ) ;
#2835 = CARTESIAN_POINT ( 'NONE',  ( -1.300000000000003375, 0.9999999999999931166, 0.9000000000000001332 ) ) ;
#2836 = DIRECTION ( 'NONE',  ( -0.000000000000000000, -0.000000000000000000, -1.000000000000000000 ) ) ;
#2837 = EDGE_CURVE ( 'NONE', #2912, #230, #1398, .T. ) ;
#2838 = CYLINDRICAL_SURFACE ( 'NONE', #2180, 0.3000000000000000999 ) ;
#2839 = ORIENTED_EDGE ( 'NONE', *, *, #1749, .T. ) ;
#2840 = DIRECTION ( 'NONE',  ( -0.000000000000000000, 0.000000000000000000, -1.000000000000000000 ) ) ;
#2841 = DIRECTION ( 'NONE',  ( 0.000000000000000000, 1.000000000000000000, 0.000000000000000000 ) ) ;
#2842 = AXIS2_PLACEMENT_3D ( 'NONE', #320, #1114, #1644 ) ;
#2843 = EDGE_CURVE ( 'NONE', #65, #3294, #3194, .T. ) ;
#2844 = CYLINDRICAL_SURFACE ( 'NONE', #1400, 0.2999999999999999334 ) ;
#2845 = ORIENTED_EDGE ( 'NONE', *, *, #2770, .T. ) ;
#2846 = ADVANCED_FACE ( 'NONE', ( #1640 ), #2677, .F. ) ;
#2847 = EDGE_CURVE ( 'NONE', #1904, #154, #1407, .T. ) ;
#2848 = CARTESIAN_POINT ( 'NONE',  ( -1.329999999999995186, 0.3200000000000001177, 0.1000000000000000056 ) ) ;
#2849 = CARTESIAN_POINT ( 'NONE',  ( 2.500000000000000000, 0.9500000000000005107, 2.205096679918780556 ) ) ;
#2850 = VERTEX_POINT ( 'NONE', #132 ) ;
#2851 = CARTESIAN_POINT ( 'NONE',  ( 2.500000000000000000, -2.250000000000000000, 1.500000000000000000 ) ) ;
#2852 = CARTESIAN_POINT ( 'NONE',  ( 2.499999999999987121, -1.269999999999999574, 2.205096679918780556 ) ) ;
#2853 = DIRECTION ( 'NONE',  ( -0.000000000000000000, -0.000000000000000000, 1.000000000000000000 ) ) ;
#2854 = FACE_OUTER_BOUND ( 'NONE', #884, .T. ) ;
#2855 = EDGE_LOOP ( 'NONE', ( #2468, #1554, #1501, #1209 ) ) ;
#2856 = EDGE_CURVE ( 'NONE', #2801, #788, #2127, .T. ) ;
#2857 = DIRECTION ( 'NONE',  ( 0.000000000000000000, 0.000000000000000000, 1.000000000000000000 ) ) ;
#2858 = CARTESIAN_POINT ( 'NONE',  ( 0.3199999999999997846, 0.4200000000000002620, 0.1000000000000000056 ) ) ;
#2859 = PLANE ( 'NONE',  #392 ) ;
#2860 = EDGE_CURVE ( 'NONE', #2538, #2070, #118, .T. ) ;
#2861 = ORIENTED_EDGE ( 'NONE', *, *, #2235, .T. ) ;
#2862 = AXIS2_PLACEMENT_3D ( 'NONE', #366, #626, #2959 ) ;
#2863 = DIRECTION ( 'NONE',  ( -1.000000000000000000, 0.000000000000000000, 0.000000000000000000 ) ) ;
#2864 = ORIENTED_EDGE ( 'NONE', *, *, #1248, .F. ) ;
#2865 = CARTESIAN_POINT ( 'NONE',  ( 2.500000000000000000, 0.3200000000000003397, 0.1000000000000000056 ) ) ;
#2866 = DIRECTION ( 'NONE',  ( 1.000000000000000000, 0.000000000000000000, 0.000000000000000000 ) ) ;
#2867 = CIRCLE ( 'NONE', #590, 0.3199999999999999512 ) ;
#2868 = LINE ( 'NONE', #2334, #1369 ) ;
#2869 = VERTEX_POINT ( 'NONE', #2907 ) ;
#2870 = DIRECTION ( 'NONE',  ( 0.000000000000000000, -0.000000000000000000, 1.000000000000000000 ) ) ;
#2871 = CARTESIAN_POINT ( 'NONE',  ( 0.7000000000000105027, -1.000000000000000000, 0.9000000000000001332 ) ) ;
#2872 = ADVANCED_FACE ( 'NONE', ( #641 ), #1906, .F. ) ;
#2873 = AXIS2_PLACEMENT_3D ( 'NONE', #2413, #2161, #3195 ) ;
#2874 = LINE ( 'NONE', #1359, #712 ) ;
#2875 = ORIENTED_EDGE ( 'NONE', *, *, #2709, .T. ) ;
#2876 = ORIENTED_EDGE ( 'NONE', *, *, #2295, .T. ) ;
#2877 = VECTOR ( 'NONE', #2621, 1000.000000000000000 ) ;
#2878 = EDGE_CURVE ( 'NONE', #2152, #3300, #1865, .T. ) ;
#2879 = EDGE_CURVE ( 'NONE', #3105, #3033, #2693, .T. ) ;
#2880 = CARTESIAN_POINT ( 'NONE',  ( -2.500000000000000000, 0.9500000000000000666, 2.205096679918780556 ) ) ;
#2881 = PLANE ( 'NONE',  #1056 ) ;
#2882 = VERTEX_POINT ( 'NONE', #101 ) ;
#2883 = VECTOR ( 'NONE', #1055, 1000.000000000000000 ) ;
#2884 = DIRECTION ( 'NONE',  ( 0.000000000000000000, 0.000000000000000000, 1.000000000000000000 ) ) ;
#2885 = ORIENTED_EDGE ( 'NONE', *, *, #3303, .T. ) ;
#2886 = DIRECTION ( 'NONE',  ( -0.000000000000000000, -0.000000000000000000, 1.000000000000000000 ) ) ;
#2887 = DIRECTION ( 'NONE',  ( 1.000000000000000000, 0.000000000000000000, -0.000000000000000000 ) ) ;
#2888 = PLANE ( 'NONE',  #2113 ) ;
#2889 = VECTOR ( 'NONE', #1929, 1000.000000000000000 ) ;
#2890 = ORIENTED_EDGE ( 'NONE', *, *, #2979, .T. ) ;
#2891 = VECTOR ( 'NONE', #2082, 1000.000000000000000 ) ;
#2892 = DIRECTION ( 'NONE',  ( 1.000000000000000000, 1.776356839400250465E-15, 0.000000000000000000 ) ) ;
#2893 = DIRECTION ( 'NONE',  ( 0.000000000000000000, 0.000000000000000000, 1.000000000000000000 ) ) ;
#2894 = DIRECTION ( 'NONE',  ( 1.000000000000000000, 0.000000000000000000, 0.000000000000000000 ) ) ;
#2895 = CARTESIAN_POINT ( 'NONE',  ( -2.500000000000000000, 0.9500000000000000666, 0.1000000000000000056 ) ) ;
#2896 = ORIENTED_EDGE ( 'NONE', *, *, #1914, .F. ) ;
#2897 = EDGE_CURVE ( 'NONE', #1110, #2817, #624, .T. ) ;
#2898 = DIRECTION ( 'NONE',  ( -0.000000000000000000, -0.000000000000000000, -1.000000000000000000 ) ) ;
#2899 = VERTEX_POINT ( 'NONE', #2711 ) ;
#2900 = EDGE_LOOP ( 'NONE', ( #3066, #2255, #729, #2134, #2604 ) ) ;
#2901 = DIRECTION ( 'NONE',  ( -1.000000000000000000, 0.000000000000000000, 0.000000000000000000 ) ) ;
#2902 = DIRECTION ( 'NONE',  ( 1.000000000000000000, 0.000000000000000000, 0.000000000000000000 ) ) ;
#2903 = DIRECTION ( 'NONE',  ( 1.000000000000000000, -0.000000000000000000, -0.000000000000000000 ) ) ;
#2904 = ORIENTED_EDGE ( 'NONE', *, *, #1430, .F. ) ;
#2905 = ADVANCED_FACE ( 'NONE', ( #68 ), #1450, .F. ) ;
#2906 = VECTOR ( 'NONE', #2893, 1000.000000000000000 ) ;
#2907 = CARTESIAN_POINT ( 'NONE',  ( 2.500000000000000000, 2.250000000000000888, 0.000000000000000000 ) ) ;
#2908 = AXIS2_PLACEMENT_3D ( 'NONE', #3021, #2465, #167 ) ;
#2909 = DIRECTION ( 'NONE',  ( -0.000000000000000000, -0.000000000000000000, -1.000000000000000000 ) ) ;
#2910 = DIRECTION ( 'NONE',  ( -0.000000000000000000, 0.000000000000000000, -1.000000000000000000 ) ) ;
#2911 = CARTESIAN_POINT ( 'NONE',  ( -1.899999999999999245, -1.900000000000000355, 1.500000000000000000 ) ) ;
#2912 = VERTEX_POINT ( 'NONE', #2971 ) ;
#2913 = CARTESIAN_POINT ( 'NONE',  ( -2.300000000000000266, -0.2497999199359370870, 1.300000000000000044 ) ) ;
#2914 = AXIS2_PLACEMENT_3D ( 'NONE', #1273, #2794, #13 ) ;
#2915 = PLANE ( 'NONE',  #2061 ) ;
#2916 = EDGE_LOOP ( 'NONE', ( #250, #3100 ) ) ;
#2917 = ORIENTED_EDGE ( 'NONE', *, *, #3246, .F. ) ;
#2918 = LINE ( 'NONE', #404, #1909 ) ;
#2919 = EDGE_CURVE ( 'NONE', #788, #3143, #655, .T. ) ;
#2920 = CARTESIAN_POINT ( 'NONE',  ( 2.500000000000000000, 4.336808689942017736E-16, 1.300000000000000044 ) ) ;
#2921 = DIRECTION ( 'NONE',  ( -0.000000000000000000, -1.000000000000000000, -0.000000000000000000 ) ) ;
#2922 = ORIENTED_EDGE ( 'NONE', *, *, #2796, .T. ) ;
#2923 = AXIS2_PLACEMENT_3D ( 'NONE', #2447, #1399, #133 ) ;
#2924 = AXIS2_PLACEMENT_3D ( 'NONE', #1622, #2660, #642 ) ;
#2925 = DIRECTION ( 'NONE',  ( -0.000000000000000000, -0.000000000000000000, -1.000000000000000000 ) ) ;
#2926 = CARTESIAN_POINT ( 'NONE',  ( -2.500000000000000000, -2.500000000000000000, 1.300000000000000044 ) ) ;
#2927 = FACE_OUTER_BOUND ( 'NONE', #1294, .T. ) ;
#2928 = DIRECTION ( 'NONE',  ( -0.000000000000000000, -0.000000000000000000, -1.000000000000000000 ) ) ;
#2929 = VERTEX_POINT ( 'NONE', #1211 ) ;
#2930 = VECTOR ( 'NONE', #505, 1000.000000000000000 ) ;
#2931 = LINE ( 'NONE', #1405, #1037 ) ;
#2932 = ADVANCED_FACE ( 'NONE', ( #1970 ), #959, .F. ) ;
#2933 = VERTEX_POINT ( 'NONE', #412 ) ;
#2934 = ORIENTED_EDGE ( 'NONE', *, *, #2365, .T. ) ;
#2935 = LINE ( 'NONE', #867, #2732 ) ;
#2936 = DIRECTION ( 'NONE',  ( -0.000000000000000000, -0.000000000000000000, -1.000000000000000000 ) ) ;
#2937 = ORIENTED_EDGE ( 'NONE', *, *, #2102, .T. ) ;
#2938 = SECURITY_CLASSIFICATION_LEVEL ( 'unclassified' ) ;
#2939 = ORIENTED_EDGE ( 'NONE', *, *, #1142, .T. ) ;
#2940 = VECTOR ( 'NONE', #2457, 1000.000000000000000 ) ;
#2941 = DIRECTION ( 'NONE',  ( 1.000000000000000000, -6.776263578034403699E-16, 0.000000000000000000 ) ) ;
#2942 = EDGE_CURVE ( 'NONE', #1786, #2369, #1351, .T. ) ;
#2943 = EDGE_CURVE ( 'NONE', #941, #1039, #2431, .T. ) ;
#2944 = AXIS2_PLACEMENT_3D ( 'NONE', #2433, #3149, #2696 ) ;
#2945 = CARTESIAN_POINT ( 'NONE',  ( -2.500000000000000000, 1.590000000000000080, 1.300000000000000044 ) ) ;
#2946 = DIRECTION ( 'NONE',  ( -0.000000000000000000, -0.000000000000000000, -1.000000000000000000 ) ) ;
#2947 = PLANE ( 'NONE',  #1639 ) ;
#2948 = ORIENTED_EDGE ( 'NONE', *, *, #165, .F. ) ;
#2949 = CARTESIAN_POINT ( 'NONE',  ( 1.900000000000000355, 1.900000000000000355, 1.500000000000000000 ) ) ;
#2950 = ORIENTED_EDGE ( 'NONE', *, *, #2588, .F. ) ;
#2951 = DIRECTION ( 'NONE',  ( -1.000000000000000000, 0.000000000000000000, 0.000000000000000000 ) ) ;
#2952 = UNCERTAINTY_MEASURE_WITH_UNIT (LENGTH_MEASURE( 1.000000000000000082E-05 ), #1159, 'distance_accuracy_value', 'NONE');
#2953 = APPROVAL ( #903, 'UNSPECIFIED' ) ;
#2954 = CARTESIAN_POINT ( 'NONE',  ( 1.330000000000000071, 1.590000000000000524, 0.1000000000000000056 ) ) ;
#2955 = VERTEX_POINT ( 'NONE', #730 ) ;
#2956 = COORDINATED_UNIVERSAL_TIME_OFFSET ( 4, 0, .AHEAD. ) ;
#2957 = ORIENTED_EDGE ( 'NONE', *, *, #2236, .F. ) ;
#2958 = PLANE ( 'NONE',  #2658 ) ;
#2959 = DIRECTION ( 'NONE',  ( 1.000000000000000000, 0.000000000000000000, -0.000000000000000000 ) ) ;
#2960 = DIRECTION ( 'NONE',  ( 1.000000000000000000, 0.000000000000000000, 0.000000000000000000 ) ) ;
#2961 = EDGE_LOOP ( 'NONE', ( #297, #1797, #1499, #1567, #1596 ) ) ;
#2962 = VECTOR ( 'NONE', #1604, 1000.000000000000000 ) ;
#2963 = CARTESIAN_POINT ( 'NONE',  ( 0.000000000000000000, 0.000000000000000000, 1.300000000000000044 ) ) ;
#2964 = FACE_OUTER_BOUND ( 'NONE', #1678, .T. ) ;
#2965 = CARTESIAN_POINT ( 'NONE',  ( -0.2999999999999896083, -1.000000000000000000, 0.9000000000000001332 ) ) ;
#2966 = VERTEX_POINT ( 'NONE', #674 ) ;
#2967 = APPLICATION_PROTOCOL_DEFINITION ( 'international standard', 'config_control_design', 1994, #2694 ) ;
#2968 = ORIENTED_EDGE ( 'NONE', *, *, #2463, .T. ) ;
#2969 = ADVANCED_FACE ( 'NONE', ( #2764 ), #466, .T. ) ;
#2970 = ORIENTED_EDGE ( 'NONE', *, *, #1206, .F. ) ;
#2971 = CARTESIAN_POINT ( 'NONE',  ( 1.329999999999999627, -1.589999999999999636, 0.1000000000000000056 ) ) ;
#2972 = EDGE_CURVE ( 'NONE', #1542, #178, #2000, .T. ) ;
#2973 = DIRECTION ( 'NONE',  ( 0.000000000000000000, 0.000000000000000000, 1.000000000000000000 ) ) ;
#2974 = AXIS2_PLACEMENT_3D ( 'NONE', #284, #2346, #2892 ) ;
#2975 = LINE ( 'NONE', #860, #2257 ) ;
#2976 = DIRECTION ( 'NONE',  ( 0.000000000000000000, 0.000000000000000000, 1.000000000000000000 ) ) ;
#2977 = DIRECTION ( 'NONE',  ( -0.000000000000000000, 0.000000000000000000, -1.000000000000000000 ) ) ;
#2978 = VERTEX_POINT ( 'NONE', #1988 ) ;
#2979 = EDGE_CURVE ( 'NONE', #2776, #2686, #2381, .T. ) ;
#2980 = EDGE_CURVE ( 'NONE', #174, #2091, #1382, .T. ) ;
#2981 = CARTESIAN_POINT ( 'NONE',  ( -1.329999999999994298, 0.9499999999999999556, 0.1000000000000000056 ) ) ;
#2982 = LINE ( 'NONE', #2212, #191 ) ;
#2983 = DIRECTION ( 'NONE',  ( 0.000000000000000000, 1.000000000000000000, 0.000000000000000000 ) ) ;
#2984 = VECTOR ( 'NONE', #897, 1000.000000000000000 ) ;
#2985 = FACE_OUTER_BOUND ( 'NONE', #2900, .T. ) ;
#2986 = EDGE_LOOP ( 'NONE', ( #510, #388, #550, #3112 ) ) ;
#2987 = VERTEX_POINT ( 'NONE', #607 ) ;
#2988 = VECTOR ( 'NONE', #186, 1000.000000000000000 ) ;
#2989 = DIRECTION ( 'NONE',  ( 0.000000000000000000, 1.000000000000000000, 0.000000000000000000 ) ) ;
#2990 = DIRECTION ( 'NONE',  ( 1.000000000000000000, 0.000000000000000000, 0.000000000000000000 ) ) ;
#2991 = CARTESIAN_POINT ( 'NONE',  ( -2.500000000000000000, -2.500000000000000000, 0.000000000000000000 ) ) ;
#2992 = DIRECTION ( 'NONE',  ( -0.000000000000000000, -1.000000000000000000, -0.000000000000000000 ) ) ;
#2993 = EDGE_LOOP ( 'NONE', ( #1980, #974, #1841, #1801, #1463 ) ) ;
#2994 = AXIS2_PLACEMENT_3D ( 'NONE', #1317, #2597, #40 ) ;
#2995 = DIRECTION ( 'NONE',  ( -0.000000000000000000, -0.000000000000000000, 1.000000000000000000 ) ) ;
#2996 = CARTESIAN_POINT ( 'NONE',  ( 2.500000000000004441, 1.270000000000000462, 1.300000000000000044 ) ) ;
#2997 = DIRECTION ( 'NONE',  ( 0.000000000000000000, 0.000000000000000000, 1.000000000000000000 ) ) ;
#2998 = EDGE_CURVE ( 'NONE', #1238, #3143, #1683, .T. ) ;
#2999 = CARTESIAN_POINT ( 'NONE',  ( -2.300000000000000266, -1.900000000000000577, 1.300000000000000044 ) ) ;
#3000 = ORIENTED_EDGE ( 'NONE', *, *, #1362, .F. ) ;
#3001 = ORIENTED_EDGE ( 'NONE', *, *, #3146, .F. ) ;
#3002 = EDGE_LOOP ( 'NONE', ( #380, #1036, #479, #2864 ) ) ;
#3003 = ADVANCED_FACE ( 'NONE', ( #1365 ), #1416, .T. ) ;
#3004 = DIRECTION ( 'NONE',  ( 1.000000000000000000, 0.000000000000000000, 0.000000000000000000 ) ) ;
#3005 = CARTESIAN_POINT ( 'NONE',  ( 2.500000000000000000, 1.590000000000000524, 0.09999999999999982514 ) ) ;
#3006 = CARTESIAN_POINT ( 'NONE',  ( 0.3200000000000000622, -2.500000000000000000, 0.09999999999999982514 ) ) ;
#3007 = DIRECTION ( 'NONE',  ( 1.000000000000000000, 0.000000000000000000, 0.000000000000000000 ) ) ;
#3008 = ORIENTED_EDGE ( 'NONE', *, *, #2847, .T. ) ;
#3009 = CARTESIAN_POINT ( 'NONE',  ( -1.000000000000000000, -6.982962677686268288E-15, 0.9000000000000001332 ) ) ;
#3010 = EDGE_LOOP ( 'NONE', ( #1638, #3292, #2005, #2725 ) ) ;
#3011 = CIRCLE ( 'NONE', #960, 0.3199999999999999512 ) ;
#3012 = PLANE ( 'NONE',  #2512 ) ;
#3013 = CYLINDRICAL_SURFACE ( 'NONE', #608, 0.3200000000000000622 ) ;
#3014 = EDGE_LOOP ( 'NONE', ( #2519, #1546, #3165, #3119 ) ) ;
#3015 = FACE_OUTER_BOUND ( 'NONE', #1158, .T. ) ;
#3016 = ORIENTED_EDGE ( 'NONE', *, *, #691, .T. ) ;
#3017 = FACE_BOUND ( 'NONE', #3135, .T. ) ;
#3018 = VERTEX_POINT ( 'NONE', #1659 ) ;
#3019 = AXIS2_PLACEMENT_3D ( 'NONE', #2024, #2004, #3035 ) ;
#3020 = EDGE_LOOP ( 'NONE', ( #2056, #2355 ) ) ;
#3021 = CARTESIAN_POINT ( 'NONE',  ( -1.000000000000000000, -6.982962677686268288E-15, 1.500000000000000000 ) ) ;
#3022 = FACE_OUTER_BOUND ( 'NONE', #1187, .T. ) ;
#3023 = LINE ( 'NONE', #714, #3144 ) ;
#3025 = EDGE_CURVE ( 'NONE', #3248, #1579, #1029, .T. ) ;
#3024 = LINE ( 'NONE', #1492, #1201 ) ;
#3026 = ORIENTED_EDGE ( 'NONE', *, *, #924, .F. ) ;
#3027 = VECTOR ( 'NONE', #2925, 1000.000000000000000 ) ;
#3028 = DIRECTION ( 'NONE',  ( 1.000000000000000000, 0.000000000000000000, 0.000000000000000000 ) ) ;
#3029 = ORIENTED_EDGE ( 'NONE', *, *, #2790, .F. ) ;
#3030 = CARTESIAN_POINT ( 'NONE',  ( -1.000000000000000000, -6.982962677686268288E-15, 0.9000000000000001332 ) ) ;
#3031 = EDGE_CURVE ( 'NONE', #738, #798, #2189, .T. ) ;
#3032 = CARTESIAN_POINT ( 'NONE',  ( 1.329999999999999849, 0.3200000000000003397, 0.1000000000000000056 ) ) ;
#3033 = VERTEX_POINT ( 'NONE', #217 ) ;
#3034 = CIRCLE ( 'NONE', #928, 0.3999999999999999667 ) ;
#3035 = DIRECTION ( 'NONE',  ( 0.000000000000000000, 0.000000000000000000, 1.000000000000000000 ) ) ;
#3036 = ORIENTED_EDGE ( 'NONE', *, *, #2555, .F. ) ;
#3037 = ORIENTED_EDGE ( 'NONE', *, *, #821, .T. ) ;
#3038 = AXIS2_PLACEMENT_3D ( 'NONE', #1107, #915, #2408 ) ;
#3039 = CARTESIAN_POINT ( 'NONE',  ( 2.180000000000004601, 1.270000000000000462, 1.300000000000000044 ) ) ;
#3040 = FACE_OUTER_BOUND ( 'NONE', #3010, .T. ) ;
#3041 = DIRECTION ( 'NONE',  ( -1.000000000000000000, 0.000000000000000000, 0.000000000000000000 ) ) ;
#3042 = LINE ( 'NONE', #735, #342 ) ;
#3043 = ORIENTED_EDGE ( 'NONE', *, *, #2479, .T. ) ;
#3044 = FACE_OUTER_BOUND ( 'NONE', #711, .T. ) ;
#3045 = VERTEX_POINT ( 'NONE', #2541 ) ;
#3046 = VECTOR ( 'NONE', #2115, 1000.000000000000000 ) ;
#3047 = CARTESIAN_POINT ( 'NONE',  ( 2.500000000000000000, 0.3200000000000003397, 1.300000000000000044 ) ) ;
#3048 = EDGE_CURVE ( 'NONE', #3300, #3221, #23, .T. ) ;
#3049 = CARTESIAN_POINT ( 'NONE',  ( -1.899999999999998579, 2.300000000000000266, 1.500000000000000000 ) ) ;
#3050 = ORIENTED_EDGE ( 'NONE', *, *, #82, .T. ) ;
#3051 = ORIENTED_EDGE ( 'NONE', *, *, #3025, .T. ) ;
#3052 = ADVANCED_FACE ( 'NONE', ( #3098 ), #1810, .F. ) ;
#3053 = CARTESIAN_POINT ( 'NONE',  ( 2.500000000000000000, -0.3199999999999995071, 0.1000000000000000056 ) ) ;
#3054 = ORIENTED_EDGE ( 'NONE', *, *, #2837, .F. ) ;
#3055 = EDGE_LOOP ( 'NONE', ( #2446, #616, #850, #2861 ) ) ;
#3056 = DIRECTION ( 'NONE',  ( -1.000000000000000000, 1.303127611160463767E-16, 0.000000000000000000 ) ) ;
#3057 = PLANE ( 'NONE',  #1722 ) ;
#3058 = EDGE_CURVE ( 'NONE', #2210, #179, #2351, .T. ) ;
#3059 = CARTESIAN_POINT ( 'NONE',  ( -0.6999999999999897415, -1.000000000000006883, 0.9000000000000001332 ) ) ;
#3060 = ORIENTED_EDGE ( 'NONE', *, *, #3296, .F. ) ;
#3061 = DIRECTION ( 'NONE',  ( 0.000000000000000000, 0.000000000000000000, 1.000000000000000000 ) ) ;
#3062 = FACE_OUTER_BOUND ( 'NONE', #2742, .T. ) ;
#3063 = EDGE_CURVE ( 'NONE', #109, #1747, #1420, .T. ) ;
#3064 = CARTESIAN_POINT ( 'NONE',  ( 2.500000000000000000, -2.250000000000000000, 1.300000000000000044 ) ) ;
#3065 = DIRECTION ( 'NONE',  ( 0.000000000000000000, 0.000000000000000000, 1.000000000000000000 ) ) ;
#3066 = ORIENTED_EDGE ( 'NONE', *, *, #802, .T. ) ;
#3067 = VECTOR ( 'NONE', #946, 1000.000000000000000 ) ;
#3068 = DIRECTION ( 'NONE',  ( 0.000000000000000000, 0.000000000000000000, 1.000000000000000000 ) ) ;
#3069 = ORIENTED_EDGE ( 'NONE', *, *, #2837, .T. ) ;
#3070 = ORIENTED_EDGE ( 'NONE', *, *, #1186, .T. ) ;
#3071 = EDGE_CURVE ( 'NONE', #3328, #2882, #866, .T. ) ;
#3072 = LINE ( 'NONE', #1277, #565 ) ;
#3073 = FACE_OUTER_BOUND ( 'NONE', #647, .T. ) ;
#3074 = EDGE_LOOP ( 'NONE', ( #3043, #724, #164, #2792 ) ) ;
#3075 = EDGE_CURVE ( 'NONE', #3294, #402, #1214, .T. ) ;
#3076 = DIRECTION ( 'NONE',  ( -1.000000000000000000, 0.000000000000000000, 0.000000000000000000 ) ) ;
#3077 = PLANE ( 'NONE',  #787 ) ;
#3078 = CARTESIAN_POINT ( 'NONE',  ( 2.250000000000000444, -2.499999999999999556, 1.300000000000000044 ) ) ;
#3079 = VERTEX_POINT ( 'NONE', #3006 ) ;
#3080 = ADVANCED_FACE ( 'NONE', ( #1676 ), #658, .F. ) ;
#3081 = PLANE ( 'NONE',  #1637 ) ;
#3082 = ORIENTED_EDGE ( 'NONE', *, *, #462, .F. ) ;
#3083 = AXIS2_PLACEMENT_3D ( 'NONE', #2412, #331, #2380 ) ;
#3084 = ORIENTED_EDGE ( 'NONE', *, *, #572, .T. ) ;
#3085 = CARTESIAN_POINT ( 'NONE',  ( 2.300000000000000266, 1.020200080064068038, 1.300000000000000044 ) ) ;
#3086 = EDGE_CURVE ( 'NONE', #1763, #65, #3245, .T. ) ;
#3087 = FACE_BOUND ( 'NONE', #3278, .T. ) ;
#3088 = VECTOR ( 'NONE', #3118, 1000.000000000000000 ) ;
#3089 = ORIENTED_EDGE ( 'NONE', *, *, #1866, .T. ) ;
#3090 = VECTOR ( 'NONE', #2791, 1000.000000000000000 ) ;
#3091 = DIRECTION ( 'NONE',  ( -0.000000000000000000, 0.000000000000000000, -1.000000000000000000 ) ) ;
#3092 = CARTESIAN_POINT ( 'NONE',  ( 2.300000000000000266, -1.900000000000000355, 1.500000000000000000 ) ) ;
#3093 = EDGE_CURVE ( 'NONE', #213, #2912, #169, .T. ) ;
#3094 = VERTEX_POINT ( 'NONE', #1229 ) ;
#3095 = AXIS2_PLACEMENT_3D ( 'NONE', #1115, #1151, #1349 ) ;
#3096 = CARTESIAN_POINT ( 'NONE',  ( -2.499999999999999556, 0.000000000000000000, 2.205096679918780556 ) ) ;
#3097 = CARTESIAN_POINT ( 'NONE',  ( 2.499999999999988454, -1.589999999999999636, 0.1000000000000000056 ) ) ;
#3098 = FACE_OUTER_BOUND ( 'NONE', #1575, .T. ) ;
#3099 = CARTESIAN_POINT ( 'NONE',  ( -1.329999999999995186, -1.590000000000000302, 0.1000000000000000056 ) ) ;
#3100 = ORIENTED_EDGE ( 'NONE', *, *, #1069, .T. ) ;
#3101 = LOCAL_TIME ( 14, 31, 51.00000000000000000, #2956 ) ;
#3102 = AXIS2_PLACEMENT_3D ( 'NONE', #1717, #437, #1998 ) ;
#3103 = EDGE_CURVE ( 'NONE', #1751, #2210, #3193, .T. ) ;
#3104 = DIRECTION ( 'NONE',  ( -0.000000000000000000, -1.000000000000000000, -0.000000000000000000 ) ) ;
#3105 = VERTEX_POINT ( 'NONE', #2486 ) ;
#3106 = FACE_OUTER_BOUND ( 'NONE', #2125, .T. ) ;
#3107 = AXIS2_PLACEMENT_3D ( 'NONE', #1544, #3114, #1034 ) ;
#3108 = DIRECTION ( 'NONE',  ( -0.000000000000000000, -0.000000000000000000, -1.000000000000000000 ) ) ;
#3109 = VERTEX_POINT ( 'NONE', #3283 ) ;
#3110 = DIRECTION ( 'NONE',  ( -0.000000000000000000, 0.000000000000000000, -1.000000000000000000 ) ) ;
#3111 = DIRECTION ( 'NONE',  ( 1.000000000000000000, 0.000000000000000000, -0.000000000000000000 ) ) ;
#3112 = ORIENTED_EDGE ( 'NONE', *, *, #2252, .F. ) ;
#3113 = CYLINDRICAL_SURFACE ( 'NONE', #2753, 0.3199999999999999512 ) ;
#3114 = DIRECTION ( 'NONE',  ( -0.000000000000000000, -0.000000000000000000, -1.000000000000000000 ) ) ;
#3115 = EDGE_CURVE ( 'NONE', #1465, #1747, #2773, .T. ) ;
#3116 = DIRECTION ( 'NONE',  ( -0.000000000000000000, 0.000000000000000000, -1.000000000000000000 ) ) ;
#3117 = ORIENTED_EDGE ( 'NONE', *, *, #145, .T. ) ;
#3118 = DIRECTION ( 'NONE',  ( -0.000000000000000000, -0.000000000000000000, 1.000000000000000000 ) ) ;
#3119 = ORIENTED_EDGE ( 'NONE', *, *, #2683, .F. ) ;
#3120 = LINE ( 'NONE', #2965, #16 ) ;
#3121 = DIRECTION ( 'NONE',  ( -1.000000000000000000, 0.000000000000000000, 0.000000000000000000 ) ) ;
#3122 = CARTESIAN_POINT ( 'NONE',  ( -2.500000000000000000, 1.590000000000000524, 0.1000000000000000056 ) ) ;
#3123 = EDGE_CURVE ( 'NONE', #2070, #3248, #28, .T. ) ;
#3124 = ORIENTED_EDGE ( 'NONE', *, *, #2223, .F. ) ;
#3125 = VECTOR ( 'NONE', #1331, 1000.000000000000000 ) ;
#3126 = VECTOR ( 'NONE', #1264, 1000.000000000000000 ) ;
#3127 = VERTEX_POINT ( 'NONE', #695 ) ;
#3128 = LINE ( 'NONE', #1049, #2162 ) ;
#3129 = EDGE_LOOP ( 'NONE', ( #3051, #2759 ) ) ;
#3130 = DIRECTION ( 'NONE',  ( -1.000000000000000000, 0.000000000000000000, 0.000000000000000000 ) ) ;
#3131 = CARTESIAN_POINT ( 'NONE',  ( -2.500000000000012434, -1.270000000000000018, 1.300000000000000044 ) ) ;
#3132 = ADVANCED_FACE ( 'NONE', ( #2714 ), #449, .F. ) ;
#3133 = AXIS2_PLACEMENT_3D ( 'NONE', #2808, #509, #2039 ) ;
#3134 = DIRECTION ( 'NONE',  ( 1.000000000000000000, 0.000000000000000000, 0.000000000000000000 ) ) ;
#3135 = EDGE_LOOP ( 'NONE', ( #2175, #393 ) ) ;
#3136 = DIRECTION ( 'NONE',  ( 1.000000000000000000, 0.000000000000000000, 0.000000000000000000 ) ) ;
#3137 = ORIENTED_EDGE ( 'NONE', *, *, #535, .F. ) ;
#3138 = ORIENTED_EDGE ( 'NONE', *, *, #2709, .F. ) ;
#3139 = EDGE_CURVE ( 'NONE', #302, #537, #2228, .T. ) ;
#3140 = VECTOR ( 'NONE', #2398, 1000.000000000000000 ) ;
#3141 = DIRECTION ( 'NONE',  ( 0.000000000000000000, 0.000000000000000000, 1.000000000000000000 ) ) ;
#3142 = CARTESIAN_POINT ( 'NONE',  ( 1.329999999999999627, -1.589999999999999636, 0.1000000000000000056 ) ) ;
#3143 = VERTEX_POINT ( 'NONE', #203 ) ;
#3144 = VECTOR ( 'NONE', #470, 1000.000000000000000 ) ;
#3145 = DIRECTION ( 'NONE',  ( -1.000000000000000000, 0.000000000000000000, 0.000000000000000000 ) ) ;
#3146 = EDGE_CURVE ( 'NONE', #245, #1015, #3023, .T. ) ;
#3147 = AXIS2_PLACEMENT_3D ( 'NONE', #1764, #2250, #3061 ) ;
#3148 = DIRECTION ( 'NONE',  ( 1.000000000000000000, 0.000000000000000000, 0.000000000000000000 ) ) ;
#3149 = DIRECTION ( 'NONE',  ( 0.000000000000000000, 0.000000000000000000, 1.000000000000000000 ) ) ;
#3150 = LINE ( 'NONE', #289, #2074 ) ;
#3151 = VERTEX_POINT ( 'NONE', #2524 ) ;
#3152 = CIRCLE ( 'NONE', #613, 0.3999999999999999667 ) ;
#3153 = DIRECTION ( 'NONE',  ( 1.000000000000000000, 0.000000000000000000, 0.000000000000000000 ) ) ;
#3154 = ORIENTED_EDGE ( 'NONE', *, *, #2194, .F. ) ;
#3155 = ORIENTED_EDGE ( 'NONE', *, *, #1167, .F. ) ;
#3156 = ADVANCED_FACE ( 'NONE', ( #3015 ), #2807, .T. ) ;
#3157 = DIRECTION ( 'NONE',  ( 0.000000000000000000, -0.000000000000000000, 1.000000000000000000 ) ) ;
#3158 = DIRECTION ( 'NONE',  ( 0.000000000000000000, 0.000000000000000000, -1.000000000000000000 ) ) ;
#3159 = ORIENTED_EDGE ( 'NONE', *, *, #3270, .T. ) ;
#3160 = AXIS2_PLACEMENT_3D ( 'NONE', #2031, #1761, #1540 ) ;
#3161 = CARTESIAN_POINT ( 'NONE',  ( 2.500000000000000000, 2.500000000000000444, 1.300000000000000044 ) ) ;
#3162 = EDGE_CURVE ( 'NONE', #763, #2686, #2002, .T. ) ;
#3163 = CARTESIAN_POINT ( 'NONE',  ( 1.041321167657203407E-14, -1.000000000000000000, 1.500000000000000000 ) ) ;
#3164 = CARTESIAN_POINT ( 'NONE',  ( -1.329999999999995186, -0.3200000000000000622, 0.1000000000000000056 ) ) ;
#3165 = ORIENTED_EDGE ( 'NONE', *, *, #294, .T. ) ;
#3166 = EDGE_CURVE ( 'NONE', #3094, #2070, #1517, .T. ) ;
#3167 = CARTESIAN_POINT ( 'NONE',  ( 0.6999999999999966249, 1.000000000000000000, 0.9000000000000001332 ) ) ;
#3168 = DIRECTION ( 'NONE',  ( 0.000000000000000000, 0.000000000000000000, 1.000000000000000000 ) ) ;
#3169 = ORIENTED_EDGE ( 'NONE', *, *, #3162, .F. ) ;
#3170 = LINE ( 'NONE', #599, #2341 ) ;
#3171 = CARTESIAN_POINT ( 'NONE',  ( -1.000000000000003553, 0.9999999999999931166, 0.9000000000000001332 ) ) ;
#3172 = PLANE ( 'NONE',  #2326 ) ;
#3173 = ORIENTED_EDGE ( 'NONE', *, *, #3296, .T. ) ;
#3174 = AXIS2_PLACEMENT_3D ( 'NONE', #1300, #1053, #542 ) ;
#3175 = DIRECTION ( 'NONE',  ( -1.000000000000000000, -1.734723475976807094E-16, 0.000000000000000000 ) ) ;
#3176 = ADVANCED_FACE ( 'NONE', ( #2534 ), #1482, .F. ) ;
#3177 = VECTOR ( 'NONE', #2191, 1000.000000000000000 ) ;
#3178 = DIRECTION ( 'NONE',  ( -0.000000000000000000, 0.000000000000000000, -1.000000000000000000 ) ) ;
#3179 = CARTESIAN_POINT ( 'NONE',  ( -2.300000000000000266, -1.519799919935926225, 1.300000000000000044 ) ) ;
#3180 = LINE ( 'NONE', #1625, #1703 ) ;
#3181 = ORIENTED_EDGE ( 'NONE', *, *, #883, .T. ) ;
#3182 = VECTOR ( 'NONE', #2241, 1000.000000000000000 ) ;
#3183 = DIRECTION ( 'NONE',  ( 1.000000000000000000, 0.000000000000000000, -0.000000000000000000 ) ) ;
#3184 = VERTEX_POINT ( 'NONE', #246 ) ;
#3185 = DIRECTION ( 'NONE',  ( -0.000000000000000000, 0.000000000000000000, -1.000000000000000000 ) ) ;
#3186 = DIRECTION ( 'NONE',  ( 0.000000000000000000, 0.000000000000000000, 1.000000000000000000 ) ) ;
#3187 = ORIENTED_EDGE ( 'NONE', *, *, #1609, .T. ) ;
#3188 = CARTESIAN_POINT ( 'NONE',  ( 0.000000000000000000, 0.000000000000000000, 0.000000000000000000 ) ) ;
#3189 = EDGE_CURVE ( 'NONE', #2272, #1238, #2273, .T. ) ;
#3190 = ORIENTED_EDGE ( 'NONE', *, *, #341, .F. ) ;
#3191 = EDGE_CURVE ( 'NONE', #757, #3151, #1464, .T. ) ;
#3192 = AXIS2_PLACEMENT_3D ( 'NONE', #2224, #3262, #199 ) ;
#3193 = CIRCLE ( 'NONE', #1299, 0.3199999999999999512 ) ;
#3194 = LINE ( 'NONE', #1381, #3027 ) ;
#3195 = DIRECTION ( 'NONE',  ( 1.000000000000000000, 0.000000000000000000, -0.000000000000000000 ) ) ;
#3196 = DIRECTION ( 'NONE',  ( -0.000000000000000000, 0.000000000000000000, -1.000000000000000000 ) ) ;
#3197 = CARTESIAN_POINT ( 'NONE',  ( 0.9999999999999965583, 1.000000000000000000, 1.500000000000000000 ) ) ;
#3198 = ADVANCED_FACE ( 'NONE', ( #1045 ), #807, .T. ) ;
#3199 = VECTOR ( 'NONE', #2771, 1000.000000000000000 ) ;
#3200 = FACE_OUTER_BOUND ( 'NONE', #1498, .T. ) ;
#3201 = ORIENTED_EDGE ( 'NONE', *, *, #2972, .F. ) ;
#3202 = CIRCLE ( 'NONE', #1193, 0.3000000000000000999 ) ;
#3203 = LINE ( 'NONE', #3232, #1690 ) ;
#3204 = ORIENTED_EDGE ( 'NONE', *, *, #1587, .T. ) ;
#3205 = FACE_OUTER_BOUND ( 'NONE', #94, .T. ) ;
#3206 = EDGE_CURVE ( 'NONE', #2912, #375, #1309, .T. ) ;
#3207 = CC_DESIGN_APPROVAL ( #2953, ( #218 ) ) ;
#3208 = CARTESIAN_POINT ( 'NONE',  ( -2.300000000000000266, -2.300000000000000266, 1.300000000000000044 ) ) ;
#3209 = ORIENTED_EDGE ( 'NONE', *, *, #3246, .T. ) ;
#3210 = DATE_AND_TIME ( #2425, #778 ) ;
#3211 = ORIENTED_EDGE ( 'NONE', *, *, #3075, .T. ) ;
#3212 = VECTOR ( 'NONE', #1796, 1000.000000000000000 ) ;
#3213 = DIRECTION ( 'NONE',  ( -0.000000000000000000, 0.000000000000000000, -1.000000000000000000 ) ) ;
#3214 = LINE ( 'NONE', #2449, #2535 ) ;
#3215 = PLANE ( 'NONE',  #934 ) ;
#3216 = ORIENTED_EDGE ( 'NONE', *, *, #2656, .T. ) ;
#3217 = DIRECTION ( 'NONE',  ( 1.303127611160463767E-16, 1.000000000000000000, -0.000000000000000000 ) ) ;
#3218 = EDGE_CURVE ( 'NONE', #3143, #1671, #2874, .T. ) ;
#3219 = DIRECTION ( 'NONE',  ( 1.000000000000000000, 0.000000000000000000, -0.000000000000000000 ) ) ;
#3220 = CARTESIAN_POINT ( 'NONE',  ( -1.899999999999997691, -2.300000000000000266, 1.500000000000000000 ) ) ;
#3221 = VERTEX_POINT ( 'NONE', #1833 ) ;
#3222 = PERSON_AND_ORGANIZATION ( #2789, #881 ) ;
#3223 = EDGE_LOOP ( 'NONE', ( #669, #750, #329, #34 ) ) ;
#3224 = EDGE_CURVE ( 'NONE', #233, #2367, #2359, .T. ) ;
#3225 = EDGE_CURVE ( 'NONE', #1335, #738, #2340, .T. ) ;
#3226 = LINE ( 'NONE', #1954, #1504 ) ;
#3227 = FACE_OUTER_BOUND ( 'NONE', #2067, .T. ) ;
#3228 = CARTESIAN_POINT ( 'NONE',  ( -0.9999999999999895639, -1.000000000000006883, 0.9000000000000001332 ) ) ;
#3229 = CARTESIAN_POINT ( 'NONE',  ( 1.329999999999999627, -0.9499999999999996225, 0.000000000000000000 ) ) ;
#3230 = ORIENTED_EDGE ( 'NONE', *, *, #3224, .T. ) ;
#3231 = VECTOR ( 'NONE', #105, 1000.000000000000000 ) ;
#3232 = CARTESIAN_POINT ( 'NONE',  ( 2.500000000000000000, -2.499999999999999556, 1.300000000000000044 ) ) ;
#3233 = ORIENTED_EDGE ( 'NONE', *, *, #952, .T. ) ;
#3234 = DIRECTION ( 'NONE',  ( -1.000000000000000000, -1.734723475976807094E-16, 0.000000000000000000 ) ) ;
#3235 = VECTOR ( 'NONE', #1862, 1000.000000000000000 ) ;
#3236 = DIRECTION ( 'NONE',  ( -1.000000000000000000, 0.000000000000000000, 0.000000000000000000 ) ) ;
#3237 = VERTEX_POINT ( 'NONE', #2140 ) ;
#3238 = CALENDAR_DATE ( 2026, 17, 2 ) ;
#3239 = VERTEX_POINT ( 'NONE', #3122 ) ;
#3240 = ORIENTED_EDGE ( 'NONE', *, *, #2448, .T. ) ;
#3241 = DIRECTION ( 'NONE',  ( 1.000000000000000000, 0.000000000000000000, 0.000000000000000000 ) ) ;
#3242 = DIRECTION ( 'NONE',  ( 0.000000000000000000, 0.000000000000000000, -1.000000000000000000 ) ) ;
#3243 = AXIS2_PLACEMENT_3D ( 'NONE', #3297, #944, #3241 ) ;
#3244 = CARTESIAN_POINT ( 'NONE',  ( -1.000000000000003553, 0.9999999999999931166, 1.500000000000000000 ) ) ;
#3245 = LINE ( 'NONE', #2731, #1296 ) ;
#3246 = EDGE_CURVE ( 'NONE', #3127, #2882, #2395, .T. ) ;
#3247 = CARTESIAN_POINT ( 'NONE',  ( 2.500000000000000000, 0.3200000000000003397, 0.1000000000000000056 ) ) ;
#3248 = VERTEX_POINT ( 'NONE', #1585 ) ;
#3249 = DIRECTION ( 'NONE',  ( 1.000000000000000000, 0.000000000000000000, 0.000000000000000000 ) ) ;
#3250 = ORIENTED_EDGE ( 'NONE', *, *, #3115, .F. ) ;
#3251 = VECTOR ( 'NONE', #2841, 1000.000000000000000 ) ;
#3252 = CARTESIAN_POINT ( 'NONE',  ( 2.300000000000000266, -2.300000000000000266, 1.500000000000000000 ) ) ;
#3253 = AXIS2_PLACEMENT_3D ( 'NONE', #2287, #193, #212 ) ;
#3254 = DIRECTION ( 'NONE',  ( 0.000000000000000000, -0.000000000000000000, -1.000000000000000000 ) ) ;
#3255 = VERTEX_POINT ( 'NONE', #1076 ) ;
#3256 = APPROVAL_ROLE ( '' ) ;
#3257 = EDGE_LOOP ( 'NONE', ( #2829, #353, #451, #2833 ) ) ;
#3258 = ADVANCED_FACE ( 'NONE', ( #2107 ), #823, .F. ) ;
#3259 = VECTOR ( 'NONE', #3299, 1000.000000000000000 ) ;
#3260 = ORIENTED_EDGE ( 'NONE', *, *, #2760, .F. ) ;
#3261 = EDGE_LOOP ( 'NONE', ( #2917, #1455, #1216, #949, #530 ) ) ;
#3262 = DIRECTION ( 'NONE',  ( -0.000000000000000000, -0.000000000000000000, -1.000000000000000000 ) ) ;
#3263 = VECTOR ( 'NONE', #1811, 1000.000000000000000 ) ;
#3264 = CARTESIAN_POINT ( 'NONE',  ( 1.330000000000000071, 1.590000000000000524, 0.1000000000000000056 ) ) ;
#3265 = CARTESIAN_POINT ( 'NONE',  ( 2.500000000000000000, 4.336808689942017736E-16, 1.300000000000000044 ) ) ;
#3266 = DIRECTION ( 'NONE',  ( -0.000000000000000000, 0.000000000000000000, -1.000000000000000000 ) ) ;
#3267 = CARTESIAN_POINT ( 'NONE',  ( 0.3200000000000000622, -2.500000000000001776, 0.1000000000000000056 ) ) ;
#3268 = EDGE_LOOP ( 'NONE', ( #2803, #2533, #519, #2188 ) ) ;
#3269 = AXIS2_PLACEMENT_3D ( 'NONE', #627, #1661, #1568 ) ;
#3270 = EDGE_CURVE ( 'NONE', #1920, #1526, #2090, .T. ) ;
#3271 = FACE_OUTER_BOUND ( 'NONE', #3309, .T. ) ;
#3272 = DIRECTION ( 'NONE',  ( 1.000000000000000000, 0.000000000000000000, 0.000000000000000000 ) ) ;
#3273 = CARTESIAN_POINT ( 'NONE',  ( -2.500000000000000000, 2.499999999999999556, 1.300000000000000044 ) ) ;
#3274 = CARTESIAN_POINT ( 'NONE',  ( 1.299999999999996492, 1.000000000000000000, 1.500000000000000000 ) ) ;
#3275 = EDGE_LOOP ( 'NONE', ( #3016, #1495, #2939, #964 ) ) ;
#3276 = ORIENTED_EDGE ( 'NONE', *, *, #468, .T. ) ;
#3277 = FACE_OUTER_BOUND ( 'NONE', #1723, .T. ) ;
#3278 = EDGE_LOOP ( 'NONE', ( #2970, #3082 ) ) ;
#3279 = ADVANCED_FACE ( 'NONE', ( #536 ), #2888, .F. ) ;
#3280 = DIRECTION ( 'NONE',  ( 1.000000000000000000, 0.000000000000000000, 0.000000000000000000 ) ) ;
#3281 = DIRECTION ( 'NONE',  ( 1.303127611160463767E-16, 1.000000000000000000, 0.000000000000000000 ) ) ;
#3282 = FACE_OUTER_BOUND ( 'NONE', #2348, .T. ) ;
#3283 = CARTESIAN_POINT ( 'NONE',  ( 2.300000000000000266, -1.900000000000000577, 1.500000000000000000 ) ) ;
#3284 = CARTESIAN_POINT ( 'NONE',  ( -0.2999999999999999889, 3.673940397442058882E-17, 1.500000000000000000 ) ) ;
#3285 = ORIENTED_EDGE ( 'NONE', *, *, #52, .T. ) ;
#3286 = ADVANCED_FACE ( 'NONE', ( #1566 ), #3172, .F. ) ;
#3287 = DIRECTION ( 'NONE',  ( -1.000000000000000000, 0.000000000000000000, 0.000000000000000000 ) ) ;
#3288 = CARTESIAN_POINT ( 'NONE',  ( 1.000000000000000000, 0.000000000000000000, 0.9000000000000001332 ) ) ;
#3289 = VECTOR ( 'NONE', #2581, 1000.000000000000000 ) ;
#3290 = CARTESIAN_POINT ( 'NONE',  ( 0.3000000000000104250, -1.000000000000000000, 1.500000000000000000 ) ) ;
#3291 = CARTESIAN_POINT ( 'NONE',  ( -2.500000000000000000, -2.250000000000000444, 0.000000000000000000 ) ) ;
#3292 = ORIENTED_EDGE ( 'NONE', *, *, #2244, .T. ) ;
#3293 = ORIENTED_EDGE ( 'NONE', *, *, #1430, .T. ) ;
#3294 = VERTEX_POINT ( 'NONE', #2376 ) ;
#3295 = AXIS2_PLACEMENT_3D ( 'NONE', #1537, #3068, #2537 ) ;
#3296 = EDGE_CURVE ( 'NONE', #309, #679, #80, .T. ) ;
#3297 = CARTESIAN_POINT ( 'NONE',  ( -0.9999999999999895639, -1.000000000000006883, 1.500000000000000000 ) ) ;
#3298 = CARTESIAN_POINT ( 'NONE',  ( -2.500000000000003109, 0.3200000000000003397, 0.000000000000000000 ) ) ;
#3299 = DIRECTION ( 'NONE',  ( -1.303127611160463767E-16, -1.000000000000000000, 0.000000000000000000 ) ) ;
#3300 = VERTEX_POINT ( 'NONE', #313 ) ;
#3301 = ADVANCED_FACE ( 'NONE', ( #2626 ), #2859, .T. ) ;
#3302 = VECTOR ( 'NONE', #1491, 1000.000000000000000 ) ;
#3303 = EDGE_CURVE ( 'NONE', #2586, #2590, #1325, .T. ) ;
#3304 = DIRECTION ( 'NONE',  ( -1.000000000000000000, -8.673617379884036705E-17, 0.000000000000000000 ) ) ;
#3305 = ORIENTED_EDGE ( 'NONE', *, *, #1975, .T. ) ;
#3307 = LINE ( 'NONE', #702, #2572 ) ;
#3306 = VECTOR ( 'NONE', #725, 1000.000000000000000 ) ;
#3308 = PLANE ( 'NONE',  #2830 ) ;
#3309 = EDGE_LOOP ( 'NONE', ( #2634, #571 ) ) ;
#3310 = CARTESIAN_POINT ( 'NONE',  ( -2.500000000000000000, -1.590000000000000080, 0.1000000000000000056 ) ) ;
#3311 = PLANE ( 'NONE',  #1730 ) ;
#3312 = ORIENTED_EDGE ( 'NONE', *, *, #1417, .F. ) ;
#3313 = EDGE_LOOP ( 'NONE', ( #285, #1958, #390, #2325 ) ) ;
#3314 = VECTOR ( 'NONE', #236, 1000.000000000000000 ) ;
#3315 = DIRECTION ( 'NONE',  ( 1.000000000000000000, 0.000000000000000000, 0.000000000000000000 ) ) ;
#3316 = DIRECTION ( 'NONE',  ( 1.000000000000000000, 0.000000000000000000, -0.000000000000000000 ) ) ;
#3317 = LINE ( 'NONE', #810, #1188 ) ;
#3318 = ORIENTED_EDGE ( 'NONE', *, *, #1500, .T. ) ;
#3319 = CARTESIAN_POINT ( 'NONE',  ( 0.7000000000000105027, -1.000000000000000000, 0.9000000000000001332 ) ) ;
#3320 = CARTESIAN_POINT ( 'NONE',  ( -2.500000000000000000, -0.9500000000000000666, 2.205096679918780556 ) ) ;
#3321 = AXIS2_PLACEMENT_3D ( 'NONE', #1004, #2997, #684 ) ;
#3322 = DIRECTION ( 'NONE',  ( -0.000000000000000000, -0.000000000000000000, -1.000000000000000000 ) ) ;
#3323 = DIRECTION ( 'NONE',  ( -0.000000000000000000, -0.000000000000000000, -1.000000000000000000 ) ) ;
#3324 = AXIS2_PLACEMENT_3D ( 'NONE', #1555, #36, #254 ) ;
#3325 = FACE_OUTER_BOUND ( 'NONE', #1493, .T. ) ;
#3326 = ORIENTED_EDGE ( 'NONE', *, *, #210, .T. ) ;
#3327 = FACE_BOUND ( 'NONE', #1379, .T. ) ;
#3328 = VERTEX_POINT ( 'NONE', #281 ) ;
#3329 = ADVANCED_FACE ( 'NONE', ( #2655 ), #2609, .F. ) ;
#3330 = ORIENTED_EDGE ( 'NONE', *, *, #2790, .T. ) ;
ENDSEC;
END-ISO-10303-21;
