ISO-10303-21;
HEADER;
FILE_DESCRIPTION (( 'STEP AP203' ),
    '1' );
FILE_NAME ('L-KLS1-603C-10-S.STEP',
    '2026-04-07T09:50:11',
    ( '' ),
    ( '' ),
    'SwSTEP 2.0',
    'SolidWorks 2024',
    '' );
FILE_SCHEMA (( 'CONFIG_CONTROL_DESIGN' ));
ENDSEC;

DATA;
#1 = ORIENTED_EDGE ( 'NONE', *, *, #3808, .F. ) ;
#2 = ORIENTED_EDGE ( 'NONE', *, *, #3930, .T. ) ;
#3 = CARTESIAN_POINT ( 'NONE',  ( 5.380000000000053184, 0.000000000000000000, 19.74999999999999645 ) ) ;
#4 = ADVANCED_FACE ( 'NONE', ( #3936 ), #692, .F. ) ;
#5 = PLANE ( 'NONE',  #2498 ) ;
#6 = VECTOR ( 'NONE', #1860, 1000.000000000000000 ) ;
#7 = LINE ( 'NONE', #4307, #1435 ) ;
#8 = ORIENTED_EDGE ( 'NONE', *, *, #3939, .T. ) ;
#9 = LINE ( 'NONE', #506, #2742 ) ;
#10 = CARTESIAN_POINT ( 'NONE',  ( -1.149999999999999023, 2.243799877109404317, 8.800000000000000711 ) ) ;
#11 = VECTOR ( 'NONE', #973, 1000.000000000000000 ) ;
#12 = ORIENTED_EDGE ( 'NONE', *, *, #6499, .F. ) ;
#13 = DIRECTION ( 'NONE',  ( 0.7071067811865474617, 5.110978055611248113E-16, -0.7071067811865474617 ) ) ;
#14 = LINE ( 'NONE', #1644, #3693 ) ;
#15 = EDGE_CURVE ( 'NONE', #5454, #5238, #1254, .T. ) ;
#16 = LINE ( 'NONE', #2822, #2615 ) ;
#17 = CARTESIAN_POINT ( 'NONE',  ( 5.380000000000054072, -2.439999999999999947, 19.74999999999999645 ) ) ;
#18 = ORIENTED_EDGE ( 'NONE', *, *, #31, .T. ) ;
#19 = AXIS2_PLACEMENT_3D ( 'NONE', #125, #5028, #5595 ) ;
#20 = VERTEX_POINT ( 'NONE', #728 ) ;
#21 = EDGE_LOOP ( 'NONE', ( #6187, #2267, #4357, #3156 ) ) ;
#22 = CARTESIAN_POINT ( 'NONE',  ( 2.840000000000053149, 0.000000000000000000, 14.69999999999999751 ) ) ;
#23 = DIRECTION ( 'NONE',  ( -1.000000000000000000, 0.000000000000000000, 0.000000000000000000 ) ) ;
#24 = LINE ( 'NONE', #1686, #4935 ) ;
#25 = DIRECTION ( 'NONE',  ( -1.000000000000000000, 1.112002228190260952E-16, 0.000000000000000000 ) ) ;
#26 = VERTEX_POINT ( 'NONE', #5627 ) ;
#27 = LINE ( 'NONE', #3911, #4403 ) ;
#28 = AXIS2_PLACEMENT_3D ( 'NONE', #2879, #170, #4509 ) ;
#29 = ORIENTED_EDGE ( 'NONE', *, *, #5274, .F. ) ;
#30 = VECTOR ( 'NONE', #4636, 1000.000000000000000 ) ;
#31 = EDGE_CURVE ( 'NONE', #1633, #1987, #6200, .T. ) ;
#32 = CARTESIAN_POINT ( 'NONE',  ( 0.3000000000000528910, -2.640000000000000568, 19.74999999999999645 ) ) ;
#33 = EDGE_CURVE ( 'NONE', #5316, #1088, #191, .T. ) ;
#34 = CARTESIAN_POINT ( 'NONE',  ( 4.280000000000001137, -0.9500000000000003997, 1.400000000000008793 ) ) ;
#35 = EDGE_LOOP ( 'NONE', ( #3040, #1133, #5110, #2797 ) ) ;
#36 = VERTEX_POINT ( 'NONE', #1217 ) ;
#37 = ORIENTED_EDGE ( 'NONE', *, *, #6157, .F. ) ;
#38 = ADVANCED_FACE ( 'NONE', ( #223 ), #1288, .T. ) ;
#39 = FACE_OUTER_BOUND ( 'NONE', #1867, .T. ) ;
#40 = VECTOR ( 'NONE', #2238, 1000.000000000000000 ) ;
#41 = LINE ( 'NONE', #2208, #5688 ) ;
#42 = ORIENTED_EDGE ( 'NONE', *, *, #4859, .F. ) ;
#43 = CARTESIAN_POINT ( 'NONE',  ( 9.500000000000001776, 2.100000000000000089, 15.69999999999999929 ) ) ;
#44 = DIRECTION ( 'NONE',  ( -0.000000000000000000, -0.000000000000000000, -1.000000000000000000 ) ) ;
#45 = ORIENTED_EDGE ( 'NONE', *, *, #5274, .T. ) ;
#46 = CARTESIAN_POINT ( 'NONE',  ( -5.879999999999999893, -3.650000000000000799, 8.800000000000000711 ) ) ;
#47 = CARTESIAN_POINT ( 'NONE',  ( 7.299999999999998934, -2.450000000000001954, 8.800000000000000711 ) ) ;
#48 = CARTESIAN_POINT ( 'NONE',  ( 7.500000000000000000, 3.749999999999999112, 14.69999999999999751 ) ) ;
#49 = CARTESIAN_POINT ( 'NONE',  ( 9.499999999999998224, -3.849999999999999201, 11.00000000000000178 ) ) ;
#50 = ORIENTED_EDGE ( 'NONE', *, *, #1203, .T. ) ;
#51 = DIRECTION ( 'NONE',  ( -0.000000000000000000, -1.000000000000000000, -0.000000000000000000 ) ) ;
#52 = VECTOR ( 'NONE', #5740, 1000.000000000000000 ) ;
#53 = ORIENTED_EDGE ( 'NONE', *, *, #767, .F. ) ;
#54 = ADVANCED_FACE ( 'NONE', ( #6061 ), #2973, .F. ) ;
#55 = ORIENTED_EDGE ( 'NONE', *, *, #1799, .F. ) ;
#56 = CARTESIAN_POINT ( 'NONE',  ( -3.929999999999999272, 3.849999999999961897, 0.000000000000000000 ) ) ;
#57 = DIRECTION ( 'NONE',  ( 0.000000000000000000, 0.000000000000000000, -1.000000000000000000 ) ) ;
#58 = LINE ( 'NONE', #2192, #1645 ) ;
#59 = ORIENTED_EDGE ( 'NONE', *, *, #4696, .T. ) ;
#60 = VECTOR ( 'NONE', #489, 1000.000000000000000 ) ;
#61 = DIRECTION ( 'NONE',  ( -0.000000000000000000, 0.6156614753256561823, 0.7880107536067235685 ) ) ;
#62 = ORIENTED_EDGE ( 'NONE', *, *, #6168, .T. ) ;
#63 = EDGE_CURVE ( 'NONE', #6586, #2222, #2425, .T. ) ;
#64 = CARTESIAN_POINT ( 'NONE',  ( -4.780000000000000249, 2.639999999999965041, 14.69999999999999751 ) ) ;
#65 = EDGE_LOOP ( 'NONE', ( #4005, #1022, #1752, #2160, #3158 ) ) ;
#66 = FACE_OUTER_BOUND ( 'NONE', #1730, .T. ) ;
#67 = CARTESIAN_POINT ( 'NONE',  ( 9.099999999999997868, -2.450000000000001954, 8.800000000000000711 ) ) ;
#68 = ORIENTED_EDGE ( 'NONE', *, *, #4714, .F. ) ;
#69 = EDGE_CURVE ( 'NONE', #5316, #3515, #5560, .T. ) ;
#70 = EDGE_CURVE ( 'NONE', #535, #3607, #3114, .T. ) ;
#71 = PLANE ( 'NONE',  #2537 ) ;
#72 = ORIENTED_EDGE ( 'NONE', *, *, #5962, .T. ) ;
#73 = ORIENTED_EDGE ( 'NONE', *, *, #6747, .F. ) ;
#74 = CARTESIAN_POINT ( 'NONE',  ( -3.929999999999999272, 2.243799877109404317, 0.000000000000000000 ) ) ;
#75 = ORIENTED_EDGE ( 'NONE', *, *, #1711, .F. ) ;
#76 = PLANE ( 'NONE',  #6246 ) ;
#77 = VECTOR ( 'NONE', #754, 1000.000000000000000 ) ;
#78 = CARTESIAN_POINT ( 'NONE',  ( 1.763635533909756180E-15, -2.440000000000002167, 19.99999999999999645 ) ) ;
#79 = EDGE_CURVE ( 'NONE', #1727, #1648, #3005, .T. ) ;
#80 = APPROVAL_PERSON_ORGANIZATION ( #370, #2942, #4315 ) ;
#81 = ORIENTED_EDGE ( 'NONE', *, *, #1128, .T. ) ;
#82 = FACE_OUTER_BOUND ( 'NONE', #2170, .T. ) ;
#83 = CARTESIAN_POINT ( 'NONE',  ( -7.799999999999998046, -0.9499999999999990674, 1.400000000000008793 ) ) ;
#84 = DIRECTION ( 'NONE',  ( 1.000000000000000000, 0.000000000000000000, 0.000000000000000000 ) ) ;
#85 = DIRECTION ( 'NONE',  ( 0.000000000000000000, 1.000000000000000000, 0.000000000000000000 ) ) ;
#86 = ORIENTED_EDGE ( 'NONE', *, *, #5190, .F. ) ;
#87 = DIRECTION ( 'NONE',  ( 0.000000000000000000, 1.000000000000000000, 0.000000000000000000 ) ) ;
#88 = VECTOR ( 'NONE', #6361, 1000.000000000000000 ) ;
#89 = VECTOR ( 'NONE', #3831, 1000.000000000000000 ) ;
#90 = VERTEX_POINT ( 'NONE', #327 ) ;
#91 = ORIENTED_EDGE ( 'NONE', *, *, #636, .T. ) ;
#92 = CARTESIAN_POINT ( 'NONE',  ( -1.908195823574486226E-15, 2.639999999999996572, 19.99999999999999645 ) ) ;
#93 = AXIS2_PLACEMENT_3D ( 'NONE', #6348, #1010, #3653 ) ;
#94 = CARTESIAN_POINT ( 'NONE',  ( 2.490000000000053504, -2.640000000000000568, 19.99999999999999645 ) ) ;
#95 = CARTESIAN_POINT ( 'NONE',  ( -7.500000000000000000, -3.749999999999999112, 14.69999999999999751 ) ) ;
#96 = EDGE_CURVE ( 'NONE', #2222, #5941, #4182, .T. ) ;
#97 = ORIENTED_EDGE ( 'NONE', *, *, #2690, .T. ) ;
#98 = CARTESIAN_POINT ( 'NONE',  ( -1.739999999999999991, 2.043799877109404584, 0.000000000000000000 ) ) ;
#99 = SECURITY_CLASSIFICATION ( '', '', #2539 ) ;
#100 = ORIENTED_EDGE ( 'NONE', *, *, #3058, .F. ) ;
#101 = CARTESIAN_POINT ( 'NONE',  ( 8.699999999999997513, -2.949999999999999734, 15.69999999999999929 ) ) ;
#102 = ORIENTED_EDGE ( 'NONE', *, *, #5022, .T. ) ;
#103 = CARTESIAN_POINT ( 'NONE',  ( -7.500000000000000000, -2.100000000000000089, 15.69999999999999929 ) ) ;
#104 = EDGE_CURVE ( 'NONE', #1446, #3315, #3075, .T. ) ;
#105 = PLANE ( 'NONE',  #326 ) ;
#106 = ORIENTED_EDGE ( 'NONE', *, *, #4706, .F. ) ;
#107 = PLANE ( 'NONE',  #6511 ) ;
#108 = ORIENTED_EDGE ( 'NONE', *, *, #2533, .T. ) ;
#109 = VERTEX_POINT ( 'NONE', #5232 ) ;
#110 = AXIS2_PLACEMENT_3D ( 'NONE', #5855, #491, #6394 ) ;
#111 = CARTESIAN_POINT ( 'NONE',  ( -4.280000000000000249, -2.250000000000037748, 8.800000000000000711 ) ) ;
#112 = EDGE_CURVE ( 'NONE', #6927, #5757, #366, .T. ) ;
#113 = VECTOR ( 'NONE', #6298, 1000.000000000000000 ) ;
#114 = ORIENTED_EDGE ( 'NONE', *, *, #6076, .F. ) ;
#115 = DIRECTION ( 'NONE',  ( -0.000000000000000000, 0.000000000000000000, -1.000000000000000000 ) ) ;
#116 = CARTESIAN_POINT ( 'NONE',  ( -5.379999999999999893, 2.439999999999964420, 14.69999999999999751 ) ) ;
#117 = ORIENTED_EDGE ( 'NONE', *, *, #865, .F. ) ;
#118 = VECTOR ( 'NONE', #3069, 1000.000000000000000 ) ;
#119 = PLANE ( 'NONE',  #6372 ) ;
#120 = CARTESIAN_POINT ( 'NONE',  ( 6.230000000000001315, 2.243799877109404317, 8.800000000000000711 ) ) ;
#121 = CARTESIAN_POINT ( 'NONE',  ( -6.230000000000063487, -2.250000000000037748, 0.000000000000000000 ) ) ;
#122 = CARTESIAN_POINT ( 'NONE',  ( 7.300000000000000711, 3.750000000000001776, 8.800000000000000711 ) ) ;
#123 = EDGE_CURVE ( 'NONE', #2198, #2775, #403, .T. ) ;
#124 = ORIENTED_EDGE ( 'NONE', *, *, #3994, .T. ) ;
#125 = CARTESIAN_POINT ( 'NONE',  ( -7.799999999999998046, -0.9499999999999990674, 1.400000000000008793 ) ) ;
#126 = AXIS2_PLACEMENT_3D ( 'NONE', #3637, #7038, #3841 ) ;
#127 = ORIENTED_EDGE ( 'NONE', *, *, #691, .T. ) ;
#128 = EDGE_LOOP ( 'NONE', ( #2138, #4401, #2906, #5691 ) ) ;
#129 = AXIS2_PLACEMENT_3D ( 'NONE', #283, #3527, #3633 ) ;
#130 = CARTESIAN_POINT ( 'NONE',  ( 1.740000000000000213, -2.043799877109405472, 0.000000000000000000 ) ) ;
#131 = EDGE_CURVE ( 'NONE', #6848, #3365, #2458, .T. ) ;
#132 = CARTESIAN_POINT ( 'NONE',  ( -9.100000000000001421, 3.750000000000001776, 8.800000000000000711 ) ) ;
#133 = AXIS2_PLACEMENT_3D ( 'NONE', #1041, #2604, #5806 ) ;
#134 = LINE ( 'NONE', #4536, #368 ) ;
#135 = VERTEX_POINT ( 'NONE', #1462 ) ;
#136 = CARTESIAN_POINT ( 'NONE',  ( 2.272710017320640840E-16, 2.043799877109405916, 0.000000000000000000 ) ) ;
#137 = ORIENTED_EDGE ( 'NONE', *, *, #6753, .F. ) ;
#138 = CARTESIAN_POINT ( 'NONE',  ( -1.908195823574465716E-15, 2.639999999999968150, 19.99999999999999645 ) ) ;
#139 = ORIENTED_EDGE ( 'NONE', *, *, #4615, .T. ) ;
#140 = DIRECTION ( 'NONE',  ( 1.000000000000000000, 0.000000000000000000, 0.000000000000000000 ) ) ;
#141 = DIRECTION ( 'NONE',  ( 0.000000000000000000, 0.000000000000000000, 1.000000000000000000 ) ) ;
#142 = ORIENTED_EDGE ( 'NONE', *, *, #6111, .T. ) ;
#143 = DIRECTION ( 'NONE',  ( -0.000000000000000000, -0.000000000000000000, -1.000000000000000000 ) ) ;
#144 = VECTOR ( 'NONE', #1011, 1000.000000000000000 ) ;
#145 = EDGE_CURVE ( 'NONE', #3168, #1594, #292, .T. ) ;
#146 = VERTEX_POINT ( 'NONE', #6309 ) ;
#147 = ORIENTED_EDGE ( 'NONE', *, *, #6660, .F. ) ;
#148 = CARTESIAN_POINT ( 'NONE',  ( -6.230000000000063487, -3.856200122890594884, 0.000000000000000000 ) ) ;
#149 = VERTEX_POINT ( 'NONE', #5303 ) ;
#150 = CARTESIAN_POINT ( 'NONE',  ( -7.500000000000000000, 2.100000000000000089, 15.69999999999999929 ) ) ;
#151 = DIRECTION ( 'NONE',  ( 0.000000000000000000, -1.000000000000000000, 0.000000000000000000 ) ) ;
#152 = EDGE_CURVE ( 'NONE', #2371, #214, #438, .T. ) ;
#153 = ORIENTED_EDGE ( 'NONE', *, *, #1616, .F. ) ;
#154 = LINE ( 'NONE', #858, #1253 ) ;
#155 = CARTESIAN_POINT ( 'NONE',  ( -7.799999999999998046, -0.9499999999999990674, 8.800000000000000711 ) ) ;
#156 = DIRECTION ( 'NONE',  ( 1.000000000000000000, 0.000000000000000000, 0.000000000000000000 ) ) ;
#157 = CARTESIAN_POINT ( 'NONE',  ( 9.500000000000001776, -2.100000000000000089, 14.69999999999999751 ) ) ;
#158 = ORIENTED_EDGE ( 'NONE', *, *, #2309, .F. ) ;
#159 = LINE ( 'NONE', #1753, #3090 ) ;
#160 = ORIENTED_EDGE ( 'NONE', *, *, #1197, .F. ) ;
#161 = EDGE_CURVE ( 'NONE', #6532, #2675, #5159, .T. ) ;
#162 = ORIENTED_EDGE ( 'NONE', *, *, #4358, .T. ) ;
#163 = LINE ( 'NONE', #1257, #2964 ) ;
#164 = DIRECTION ( 'NONE',  ( 0.000000000000000000, 0.000000000000000000, -1.000000000000000000 ) ) ;
#165 = PLANE ( 'NONE',  #5247 ) ;
#166 = VERTEX_POINT ( 'NONE', #4219 ) ;
#167 = CARTESIAN_POINT ( 'NONE',  ( 3.340000000000000302, -2.250000000000037748, 8.800000000000000711 ) ) ;
#168 = VECTOR ( 'NONE', #3289, 1000.000000000000000 ) ;
#169 = VERTEX_POINT ( 'NONE', #3611 ) ;
#170 = DIRECTION ( 'NONE',  ( -8.762697138485634765E-17, -0.7880107536067236795, 0.6156614753256562933 ) ) ;
#171 = EDGE_CURVE ( 'NONE', #2204, #1605, #1887, .T. ) ;
#172 = ORIENTED_EDGE ( 'NONE', *, *, #4571, .F. ) ;
#173 = PLANE ( 'NONE',  #4519 ) ;
#174 = VECTOR ( 'NONE', #3623, 1000.000000000000000 ) ;
#175 = FACE_OUTER_BOUND ( 'NONE', #5490, .T. ) ;
#176 = EDGE_LOOP ( 'NONE', ( #6044, #987, #2756, #5113 ) ) ;
#177 = DIRECTION ( 'NONE',  ( 1.000000000000000000, 0.000000000000000000, -0.000000000000000000 ) ) ;
#178 = ORIENTED_EDGE ( 'NONE', *, *, #1188, .F. ) ;
#179 = PLANE ( 'NONE',  #4156 ) ;
#180 = EDGE_CURVE ( 'NONE', #3335, #6488, #2496, .T. ) ;
#181 = DIRECTION ( 'NONE',  ( 1.000000000000000000, -1.112002228190260952E-16, 0.000000000000000000 ) ) ;
#182 = CARTESIAN_POINT ( 'NONE',  ( 5.130000000000053184, -2.640000000000000568, 19.99999999999999645 ) ) ;
#183 = VERTEX_POINT ( 'NONE', #3681 ) ;
#184 = PLANE ( 'NONE',  #4439 ) ;
#185 = DIRECTION ( 'NONE',  ( -1.000000000000000000, 0.000000000000000000, 0.000000000000000000 ) ) ;
#186 = CARTESIAN_POINT ( 'NONE',  ( 7.499999999999999112, 1.500000000000001332, 11.19999999999999751 ) ) ;
#187 = DIRECTION ( 'NONE',  ( 0.000000000000000000, 0.000000000000000000, -1.000000000000000000 ) ) ;
#188 = EDGE_CURVE ( 'NONE', #109, #1821, #1790, .T. ) ;
#189 = ORIENTED_EDGE ( 'NONE', *, *, #396, .F. ) ;
#190 = CARTESIAN_POINT ( 'NONE',  ( -9.100000000000001421, -2.450000000000001954, 8.800000000000000711 ) ) ;
#191 = LINE ( 'NONE', #1319, #1978 ) ;
#192 = AXIS2_PLACEMENT_3D ( 'NONE', #6542, #3850, #6010 ) ;
#193 = VERTEX_POINT ( 'NONE', #5842 ) ;
#194 = LINE ( 'NONE', #4533, #1135 ) ;
#195 = CARTESIAN_POINT ( 'NONE',  ( -0.8000000000000003775, -2.043799877109405472, 0.000000000000000000 ) ) ;
#196 = DIRECTION ( 'NONE',  ( -1.000000000000000000, 0.000000000000000000, 0.000000000000000000 ) ) ;
#197 = LINE ( 'NONE', #6738, #4461 ) ;
#198 = EDGE_CURVE ( 'NONE', #4613, #2328, #4795, .T. ) ;
#199 = VECTOR ( 'NONE', #5318, 1000.000000000000000 ) ;
#200 = VERTEX_POINT ( 'NONE', #6797 ) ;
#201 = CARTESIAN_POINT ( 'NONE',  ( -1.739999999999999991, -2.250000000000037748, 8.800000000000000711 ) ) ;
#202 = ORIENTED_EDGE ( 'NONE', *, *, #5283, .F. ) ;
#203 = VECTOR ( 'NONE', #6851, 1000.000000000000000 ) ;
#204 = ORIENTED_EDGE ( 'NONE', *, *, #1331, .T. ) ;
#205 = DIRECTION ( 'NONE',  ( -1.000000000000000000, 0.000000000000000000, 0.000000000000000000 ) ) ;
#206 = ADVANCED_FACE ( 'NONE', ( #4668 ), #6237, .F. ) ;
#207 = DIRECTION ( 'NONE',  ( 1.000000000000000000, -0.000000000000000000, -0.000000000000000000 ) ) ;
#208 = ORIENTED_EDGE ( 'NONE', *, *, #267, .F. ) ;
#209 = DIRECTION ( 'NONE',  ( -0.000000000000000000, -0.000000000000000000, -1.000000000000000000 ) ) ;
#210 = ORIENTED_EDGE ( 'NONE', *, *, #6678, .F. ) ;
#211 = LINE ( 'NONE', #6721, #2954 ) ;
#212 = FACE_OUTER_BOUND ( 'NONE', #5491, .T. ) ;
#213 = VECTOR ( 'NONE', #6324, 1000.000000000000000 ) ;
#214 = VERTEX_POINT ( 'NONE', #1966 ) ;
#215 = ADVANCED_FACE ( 'NONE', ( #1926 ), #4113, .F. ) ;
#216 = LINE ( 'NONE', #3460, #2505 ) ;
#217 = FACE_OUTER_BOUND ( 'NONE', #735, .T. ) ;
#218 = DIRECTION ( 'NONE',  ( 0.000000000000000000, 0.000000000000000000, 1.000000000000000000 ) ) ;
#219 = CARTESIAN_POINT ( 'NONE',  ( -4.280000000000000249, -3.650000000000000799, 0.000000000000000000 ) ) ;
#220 = VECTOR ( 'NONE', #5301, 1000.000000000000000 ) ;
#221 = EDGE_LOOP ( 'NONE', ( #990, #6565, #5727, #729 ) ) ;
#222 = CARTESIAN_POINT ( 'NONE',  ( 7.499999999999999112, 1.500000000000001332, 14.69999999999999751 ) ) ;
#223 = FACE_OUTER_BOUND ( 'NONE', #2175, .T. ) ;
#224 = AXIS2_PLACEMENT_3D ( 'NONE', #914, #3091, #5641 ) ;
#225 = EDGE_CURVE ( 'NONE', #1095, #6515, #2645, .T. ) ;
#226 = EDGE_CURVE ( 'NONE', #1987, #4339, #3316, .T. ) ;
#227 = ORIENTED_EDGE ( 'NONE', *, *, #1332, .T. ) ;
#228 = DIRECTION ( 'NONE',  ( 0.000000000000000000, 1.000000000000000000, 0.000000000000000000 ) ) ;
#229 = CARTESIAN_POINT ( 'NONE',  ( 3.339999999999999414, 0.9500000000000001776, 1.400000000000008127 ) ) ;
#230 = VECTOR ( 'NONE', #5259, 1000.000000000000000 ) ;
#231 = LINE ( 'NONE', #2939, #1901 ) ;
#232 = VECTOR ( 'NONE', #1177, 1000.000000000000000 ) ;
#233 = FACE_OUTER_BOUND ( 'NONE', #2809, .T. ) ;
#234 = VERTEX_POINT ( 'NONE', #1736 ) ;
#235 = VECTOR ( 'NONE', #1618, 1000.000000000000000 ) ;
#236 = CARTESIAN_POINT ( 'NONE',  ( 2.490000000000002878, 2.640000000000000124, 19.99999999999999645 ) ) ;
#237 = EDGE_LOOP ( 'NONE', ( #656, #5354, #73, #5222 ) ) ;
#238 = VECTOR ( 'NONE', #7020, 1000.000000000000000 ) ;
#239 = EDGE_CURVE ( 'NONE', #2417, #477, #4449, .T. ) ;
#240 = VERTEX_POINT ( 'NONE', #2072 ) ;
#241 = CARTESIAN_POINT ( 'NONE',  ( -0.2999999999999999889, 2.439999999999999947, 19.74999999999999289 ) ) ;
#242 = CARTESIAN_POINT ( 'NONE',  ( -9.100000000000001421, 2.450000000000001954, 8.800000000000000711 ) ) ;
#243 = CARTESIAN_POINT ( 'NONE',  ( -6.230000000000063487, -2.250000000000037748, 8.800000000000000711 ) ) ;
#244 = ORIENTED_EDGE ( 'NONE', *, *, #246, .F. ) ;
#245 = DIRECTION ( 'NONE',  ( -0.000000000000000000, -0.000000000000000000, -1.000000000000000000 ) ) ;
#246 = EDGE_CURVE ( 'NONE', #2888, #5923, #6110, .T. ) ;
#247 = ORIENTED_EDGE ( 'NONE', *, *, #680, .F. ) ;
#248 = ADVANCED_FACE ( 'NONE', ( #4808 ), #4934, .T. ) ;
#249 = CARTESIAN_POINT ( 'NONE',  ( -3.690000000000062119, -3.856200122890594884, 8.800000000000000711 ) ) ;
#250 = DIRECTION ( 'NONE',  ( 0.000000000000000000, 0.000000000000000000, 1.000000000000000000 ) ) ;
#251 = EDGE_CURVE ( 'NONE', #7027, #5945, #2808, .T. ) ;
#252 = ORIENTED_EDGE ( 'NONE', *, *, #3514, .T. ) ;
#253 = PLANE ( 'NONE',  #2046 ) ;
#254 = FACE_OUTER_BOUND ( 'NONE', #509, .T. ) ;
#255 = CARTESIAN_POINT ( 'NONE',  ( 0.000000000000000000, 0.000000000000000000, 19.99999999999999645 ) ) ;
#256 = DIRECTION ( 'NONE',  ( 1.000000000000000000, -0.000000000000000000, 0.000000000000000000 ) ) ;
#257 = ORIENTED_EDGE ( 'NONE', *, *, #1615, .F. ) ;
#258 = CARTESIAN_POINT ( 'NONE',  ( -1.390000000000062297, -3.856200122890594884, 0.000000000000000000 ) ) ;
#259 = CARTESIAN_POINT ( 'NONE',  ( 9.499999999999998224, 4.650000000000001243, 10.19999999999999929 ) ) ;
#260 = VERTEX_POINT ( 'NONE', #1235 ) ;
#261 = LINE ( 'NONE', #6801, #4445 ) ;
#262 = CARTESIAN_POINT ( 'NONE',  ( -8.700000000000002842, -4.650000000000001243, 0.000000000000000000 ) ) ;
#263 = CARTESIAN_POINT ( 'NONE',  ( -7.799999999999998046, 0.9500000000000009548, 1.400000000000008793 ) ) ;
#264 = DIRECTION ( 'NONE',  ( 1.000000000000000000, -0.000000000000000000, -0.000000000000000000 ) ) ;
#265 = LINE ( 'NONE', #5778, #4683 ) ;
#266 = ORIENTED_EDGE ( 'NONE', *, *, #281, .F. ) ;
#267 = EDGE_CURVE ( 'NONE', #6807, #3203, #1699, .T. ) ;
#268 = ADVANCED_FACE ( 'NONE', ( #2105 ), #71, .F. ) ;
#269 = DIRECTION ( 'NONE',  ( 1.000000000000000000, 0.000000000000000000, 0.000000000000000000 ) ) ;
#270 = ORIENTED_EDGE ( 'NONE', *, *, #5759, .F. ) ;
#271 = EDGE_LOOP ( 'NONE', ( #1847, #2096, #4712, #2983 ) ) ;
#272 = VERTEX_POINT ( 'NONE', #1200 ) ;
#273 = DIRECTION ( 'NONE',  ( -0.000000000000000000, -1.000000000000000000, -0.000000000000000000 ) ) ;
#274 = LINE ( 'NONE', #5785, #1897 ) ;
#275 = EDGE_CURVE ( 'NONE', #5437, #3145, #6613, .T. ) ;
#276 = PLANE ( 'NONE',  #1802 ) ;
#277 = ORIENTED_EDGE ( 'NONE', *, *, #4424, .T. ) ;
#278 = CARTESIAN_POINT ( 'NONE',  ( 7.800000000000001599, 0.9499999999999992895, 8.800000000000000711 ) ) ;
#279 = VERTEX_POINT ( 'NONE', #6575 ) ;
#280 = VECTOR ( 'NONE', #626, 1000.000000000000000 ) ;
#281 = EDGE_CURVE ( 'NONE', #3900, #5544, #4279, .T. ) ;
#282 = CARTESIAN_POINT ( 'NONE',  ( -2.590000000000000746, 2.639999999999982805, 19.99999999999999645 ) ) ;
#283 = CARTESIAN_POINT ( 'NONE',  ( 1.390000000000001013, 2.243799877109404317, 8.800000000000000711 ) ) ;
#284 = ORIENTED_EDGE ( 'NONE', *, *, #1692, .F. ) ;
#285 = CARTESIAN_POINT ( 'NONE',  ( 7.500000000000000000, 2.100000000000000089, 14.69999999999999751 ) ) ;
#286 = DIRECTION ( 'NONE',  ( 0.000000000000000000, -1.000000000000000000, 0.000000000000000000 ) ) ;
#287 = DIRECTION ( 'NONE',  ( 0.000000000000000000, -0.000000000000000000, 1.000000000000000000 ) ) ;
#288 = FACE_BOUND ( 'NONE', #5421, .T. ) ;
#289 = ORIENTED_EDGE ( 'NONE', *, *, #4317, .T. ) ;
#290 = CARTESIAN_POINT ( 'NONE',  ( -3.689999999999998614, 3.849999999999961897, 8.800000000000000711 ) ) ;
#291 = EDGE_CURVE ( 'NONE', #5734, #377, #4973, .T. ) ;
#292 = LINE ( 'NONE', #4734, #1405 ) ;
#293 = ORIENTED_EDGE ( 'NONE', *, *, #5701, .T. ) ;
#294 = LINE ( 'NONE', #2501, #1367 ) ;
#295 = CARTESIAN_POINT ( 'NONE',  ( -5.379999999999947491, -2.440000000000035918, 19.99999999999999645 ) ) ;
#296 = PLANE ( 'NONE',  #5843 ) ;
#297 = CARTESIAN_POINT ( 'NONE',  ( -0.2999999999999999889, 2.640000000000000124, 19.99999999999999645 ) ) ;
#298 = CARTESIAN_POINT ( 'NONE',  ( -1.389999999999998792, 3.849999999999961897, 0.000000000000000000 ) ) ;
#299 = ORIENTED_EDGE ( 'NONE', *, *, #2398, .T. ) ;
#300 = CARTESIAN_POINT ( 'NONE',  ( -0.7999999999999999334, -3.650000000000000799, 8.800000000000000711 ) ) ;
#301 = VECTOR ( 'NONE', #2357, 1000.000000000000000 ) ;
#302 = ORIENTED_EDGE ( 'NONE', *, *, #131, .T. ) ;
#303 = ORIENTED_EDGE ( 'NONE', *, *, #2398, .F. ) ;
#304 = VERTEX_POINT ( 'NONE', #6045 ) ;
#305 = CARTESIAN_POINT ( 'NONE',  ( -0.7999999999999999334, -2.250000000000037748, 0.000000000000000000 ) ) ;
#306 = EDGE_CURVE ( 'NONE', #5514, #5264, #5874, .T. ) ;
#307 = CARTESIAN_POINT ( 'NONE',  ( -1.908195823574487015E-15, 2.639999999999998348, 19.99999999999999645 ) ) ;
#308 = CARTESIAN_POINT ( 'NONE',  ( 0.8000000000000003775, 0.9500000000000000666, 1.400000000000008793 ) ) ;
#309 = CARTESIAN_POINT ( 'NONE',  ( -6.230000000000063487, -2.250000000000037748, 8.800000000000000711 ) ) ;
#310 = EDGE_LOOP ( 'NONE', ( #2618, #323, #3016, #1 ) ) ;
#311 = VECTOR ( 'NONE', #5356, 1000.000000000000000 ) ;
#312 = DIRECTION ( 'NONE',  ( 1.000000000000000000, 0.000000000000000000, 0.000000000000000000 ) ) ;
#313 = ORIENTED_EDGE ( 'NONE', *, *, #2730, .F. ) ;
#314 = ADVANCED_FACE ( 'NONE', ( #5579 ), #107, .F. ) ;
#315 = DIRECTION ( 'NONE',  ( -0.000000000000000000, -1.000000000000000000, -0.000000000000000000 ) ) ;
#316 = CARTESIAN_POINT ( 'NONE',  ( 9.099999999999997868, -2.450000000000001954, 8.800000000000000711 ) ) ;
#317 = EDGE_LOOP ( 'NONE', ( #4464, #4804, #779, #485 ) ) ;
#318 = EDGE_CURVE ( 'NONE', #2062, #6286, #1169, .T. ) ;
#319 = FACE_OUTER_BOUND ( 'NONE', #627, .T. ) ;
#320 = CARTESIAN_POINT ( 'NONE',  ( 0.8000000000000001554, -2.250000000000037748, 8.800000000000000711 ) ) ;
#321 = CARTESIAN_POINT ( 'NONE',  ( 6.229999999999938254, -3.856200122890594884, 0.000000000000000000 ) ) ;
#322 = PLANE ( 'NONE',  #1778 ) ;
#323 = ORIENTED_EDGE ( 'NONE', *, *, #5095, .T. ) ;
#324 = LINE ( 'NONE', #6836, #4894 ) ;
#325 = APPLICATION_CONTEXT ( 'configuration controlled 3d designs of mechanical parts and assemblies' ) ;
#326 = AXIS2_PLACEMENT_3D ( 'NONE', #67, #1661, #141 ) ;
#327 = CARTESIAN_POINT ( 'NONE',  ( 2.589999999999999858, 2.640000000000000124, 19.99999999999999645 ) ) ;
#328 = VERTEX_POINT ( 'NONE', #4774 ) ;
#329 = EDGE_CURVE ( 'NONE', #4960, #6492, #635, .T. ) ;
#330 = DIRECTION ( 'NONE',  ( 1.000000000000000000, -0.000000000000000000, -0.000000000000000000 ) ) ;
#331 = CARTESIAN_POINT ( 'NONE',  ( -5.879999999999999893, -2.250000000000037748, 8.800000000000000711 ) ) ;
#332 = EDGE_CURVE ( 'NONE', #4900, #304, #6949, .T. ) ;
#333 = CARTESIAN_POINT ( 'NONE',  ( 0.3000000000000528910, 0.000000000000000000, 14.69999999999999751 ) ) ;
#334 = DIRECTION ( 'NONE',  ( 1.000000000000000000, -0.000000000000000000, -0.000000000000000000 ) ) ;
#335 = CARTESIAN_POINT ( 'NONE',  ( 5.380000000000053184, -2.640000000000000568, 14.69999999999999751 ) ) ;
#336 = ORIENTED_EDGE ( 'NONE', *, *, #5022, .F. ) ;
#337 = VECTOR ( 'NONE', #4137, 999.9999999999998863 ) ;
#338 = ORIENTED_EDGE ( 'NONE', *, *, #4230, .T. ) ;
#339 = EDGE_CURVE ( 'NONE', #2894, #6958, #3845, .T. ) ;
#340 = VERTEX_POINT ( 'NONE', #3561 ) ;
#341 = ADVANCED_FACE ( 'NONE', ( #3025 ), #4516, .F. ) ;
#342 = ORIENTED_EDGE ( 'NONE', *, *, #1740, .F. ) ;
#343 = CARTESIAN_POINT ( 'NONE',  ( -6.229999999999999538, 2.243799877109404317, 0.000000000000000000 ) ) ;
#344 = DIRECTION ( 'NONE',  ( -1.000000000000000000, 1.112002228190260952E-16, 0.000000000000000000 ) ) ;
#345 = VECTOR ( 'NONE', #5984, 1000.000000000000000 ) ;
#346 = LINE ( 'NONE', #1946, #1988 ) ;
#347 = CARTESIAN_POINT ( 'NONE',  ( -0.04999999999999628353, 2.439999999999999947, 19.99999999999999645 ) ) ;
#348 = VECTOR ( 'NONE', #4669, 1000.000000000000000 ) ;
#349 = VERTEX_POINT ( 'NONE', #6293 ) ;
#350 = CARTESIAN_POINT ( 'NONE',  ( -1.908195823574487804E-15, 2.640000000000000124, 19.99999999999999645 ) ) ;
#351 = ORIENTED_EDGE ( 'NONE', *, *, #2510, .F. ) ;
#352 = VECTOR ( 'NONE', #6235, 1000.000000000000000 ) ;
#353 = DIRECTION ( 'NONE',  ( -1.369518533665900312E-16, 1.000000000000000000, 0.000000000000000000 ) ) ;
#354 = LINE ( 'NONE', #6330, #5919 ) ;
#355 = EDGE_CURVE ( 'NONE', #1496, #2008, #5611, .T. ) ;
#356 = LINE ( 'NONE', #2632, #2874 ) ;
#357 = EDGE_CURVE ( 'NONE', #3203, #6781, #3522, .T. ) ;
#358 = ORIENTED_EDGE ( 'NONE', *, *, #2903, .F. ) ;
#359 = DIRECTION ( 'NONE',  ( 0.000000000000000000, -0.000000000000000000, -1.000000000000000000 ) ) ;
#360 = DIRECTION ( 'NONE',  ( 0.000000000000000000, -1.000000000000000000, 0.000000000000000000 ) ) ;
#361 = CARTESIAN_POINT ( 'NONE',  ( 9.499999999999998224, 3.850000000000001865, 0.000000000000000000 ) ) ;
#362 = CARTESIAN_POINT ( 'NONE',  ( 0.000000000000000000, 0.000000000000000000, 14.69999999999999751 ) ) ;
#363 = EDGE_LOOP ( 'NONE', ( #4286, #3371, #3760, #6654 ) ) ;
#364 = DIRECTION ( 'NONE',  ( -0.7071067811865475727, -0.000000000000000000, -0.7071067811865475727 ) ) ;
#365 = EDGE_CURVE ( 'NONE', #2488, #6534, #6683, .T. ) ;
#366 = LINE ( 'NONE', #4701, #1746 ) ;
#367 = AXIS2_PLACEMENT_3D ( 'NONE', #5998, #1123, #2767 ) ;
#368 = VECTOR ( 'NONE', #1759, 1000.000000000000000 ) ;
#369 = LINE ( 'NONE', #6446, #2962 ) ;
#370 = PERSON_AND_ORGANIZATION ( #6974, #6213 ) ;
#371 = DIRECTION ( 'NONE',  ( -0.000000000000000000, -1.000000000000000000, -0.000000000000000000 ) ) ;
#372 = DIRECTION ( 'NONE',  ( 1.000000000000000000, 0.000000000000000000, -0.000000000000000000 ) ) ;
#373 = DIRECTION ( 'NONE',  ( 0.000000000000000000, 0.000000000000000000, -1.000000000000000000 ) ) ;
#374 = ORIENTED_EDGE ( 'NONE', *, *, #1274, .F. ) ;
#375 = ADVANCED_FACE ( 'NONE', ( #6259 ), #5177, .F. ) ;
#376 = EDGE_CURVE ( 'NONE', #6097, #1713, #522, .T. ) ;
#377 = VERTEX_POINT ( 'NONE', #1305 ) ;
#378 = EDGE_LOOP ( 'NONE', ( #6051, #3608, #6667, #4580, #6016 ) ) ;
#379 = CARTESIAN_POINT ( 'NONE',  ( -8.700000000000002842, -4.650000000000001243, 10.19999999999999929 ) ) ;
#380 = VECTOR ( 'NONE', #2844, 1000.000000000000000 ) ;
#381 = DIRECTION ( 'NONE',  ( 0.000000000000000000, 1.000000000000000000, 0.000000000000000000 ) ) ;
#382 = LINE ( 'NONE', #3163, #3245 ) ;
#383 = CARTESIAN_POINT ( 'NONE',  ( -2.272710017320640347E-16, -2.043799877109405472, 0.000000000000000000 ) ) ;
#384 = EDGE_CURVE ( 'NONE', #1340, #5980, #6718, .T. ) ;
#385 = EDGE_LOOP ( 'NONE', ( #4530, #708, #4573, #6471 ) ) ;
#386 = PLANE ( 'NONE',  #1666 ) ;
#387 = ORIENTED_EDGE ( 'NONE', *, *, #4487, .T. ) ;
#388 = AXIS2_PLACEMENT_3D ( 'NONE', #3081, #5812, #941 ) ;
#389 = LINE ( 'NONE', #460, #5900 ) ;
#390 = LINE ( 'NONE', #1487, #4665 ) ;
#391 = CARTESIAN_POINT ( 'NONE',  ( -3.689999999999998614, 3.849999999999961897, 8.800000000000000711 ) ) ;
#392 = VECTOR ( 'NONE', #1676, 1000.000000000000000 ) ;
#393 = ORIENTED_EDGE ( 'NONE', *, *, #1979, .F. ) ;
#394 = CARTESIAN_POINT ( 'NONE',  ( -5.879999999999999893, 0.9500000000000007327, 8.800000000000000711 ) ) ;
#395 = PLANE ( 'NONE',  #1134 ) ;
#396 = EDGE_CURVE ( 'NONE', #2894, #3012, #4581, .T. ) ;
#397 = CARTESIAN_POINT ( 'NONE',  ( -1.389999999999998792, 3.849999999999961897, 8.800000000000000711 ) ) ;
#398 = CARTESIAN_POINT ( 'NONE',  ( -3.340000000000000302, 2.243799877109404317, 0.000000000000000000 ) ) ;
#399 = VECTOR ( 'NONE', #5319, 1000.000000000000000 ) ;
#400 = ORIENTED_EDGE ( 'NONE', *, *, #3152, .T. ) ;
#401 = EDGE_LOOP ( 'NONE', ( #3247, #3769, #5088, #4492 ) ) ;
#402 = CARTESIAN_POINT ( 'NONE',  ( 7.300000000000000711, 3.750000000000001776, 8.800000000000000711 ) ) ;
#403 = LINE ( 'NONE', #901, #5723 ) ;
#404 = DIRECTION ( 'NONE',  ( 1.000000000000000000, 0.000000000000000000, 0.000000000000000000 ) ) ;
#405 = LINE ( 'NONE', #2574, #4367 ) ;
#406 = EDGE_CURVE ( 'NONE', #5799, #4377, #5112, .T. ) ;
#407 = CARTESIAN_POINT ( 'NONE',  ( 1.389999999999937730, -2.250000000000037748, 8.800000000000000711 ) ) ;
#408 = CARTESIAN_POINT ( 'NONE',  ( 2.240000000000000213, 2.439999999999999947, 19.74999999999999289 ) ) ;
#409 = VERTEX_POINT ( 'NONE', #5647 ) ;
#410 = ORIENTED_EDGE ( 'NONE', *, *, #2859, .F. ) ;
#411 = VERTEX_POINT ( 'NONE', #1378 ) ;
#412 = CARTESIAN_POINT ( 'NONE',  ( -3.340000000000000302, -0.9499999999999994005, 1.400000000000009015 ) ) ;
#413 = FACE_OUTER_BOUND ( 'NONE', #6445, .T. ) ;
#415 = CARTESIAN_POINT ( 'NONE',  ( 8.699999999999997513, -3.750000000000000000, 11.09999999999999964 ) ) ;
#414 = CC_DESIGN_DATE_AND_TIME_ASSIGNMENT ( #4703, #6877, ( #99 ) ) ;
#416 = VECTOR ( 'NONE', #85, 1000.000000000000000 ) ;
#417 = DIRECTION ( 'NONE',  ( 0.000000000000000000, 1.000000000000000000, 0.000000000000000000 ) ) ;
#418 = ORIENTED_EDGE ( 'NONE', *, *, #2771, .F. ) ;
#419 = DIRECTION ( 'NONE',  ( 1.000000000000000000, 0.000000000000000000, 0.000000000000000000 ) ) ;
#420 = ORIENTED_EDGE ( 'NONE', *, *, #2375, .F. ) ;
#421 = EDGE_CURVE ( 'NONE', #1987, #193, #778, .T. ) ;
#422 = VECTOR ( 'NONE', #3056, 1000.000000000000000 ) ;
#423 = AXIS2_PLACEMENT_3D ( 'NONE', #3730, #2048, #2118 ) ;
#424 = DIRECTION ( 'NONE',  ( 0.000000000000000000, 0.000000000000000000, -1.000000000000000000 ) ) ;
#425 = CARTESIAN_POINT ( 'NONE',  ( 3.930000000000001048, 2.243799877109404317, 0.000000000000000000 ) ) ;
#426 = VERTEX_POINT ( 'NONE', #6751 ) ;
#427 = EDGE_LOOP ( 'NONE', ( #2081, #5124, #2740, #602, #2630 ) ) ;
#428 = VECTOR ( 'NONE', #2649, 1000.000000000000000 ) ;
#429 = FACE_OUTER_BOUND ( 'NONE', #2856, .T. ) ;
#430 = DIRECTION ( 'NONE',  ( -1.000000000000000000, -0.000000000000000000, -0.000000000000000000 ) ) ;
#431 = FACE_OUTER_BOUND ( 'NONE', #5718, .T. ) ;
#432 = DIRECTION ( 'NONE',  ( 1.000000000000000000, 0.000000000000000000, 0.000000000000000000 ) ) ;
#433 = ORIENTED_EDGE ( 'NONE', *, *, #3772, .F. ) ;
#434 = ORIENTED_EDGE ( 'NONE', *, *, #1197, .T. ) ;
#435 = LOCAL_TIME ( 13, 50, 11.00000000000000000, #6346 ) ;
#436 = DIRECTION ( 'NONE',  ( 0.5242684176640449722, -0.5242684176640451943, 0.6710329742122042029 ) ) ;
#437 = PLANE ( 'NONE',  #2037 ) ;
#438 = LINE ( 'NONE', #1499, #3573 ) ;
#439 = EDGE_CURVE ( 'NONE', #5980, #3297, #1874, .T. ) ;
#440 = CARTESIAN_POINT ( 'NONE',  ( -3.690000000000062119, -3.856200122890594884, 0.000000000000000000 ) ) ;
#441 = CARTESIAN_POINT ( 'NONE',  ( -1.149999999999999023, 2.243799877109404317, 0.000000000000000000 ) ) ;
#442 = LINE ( 'NONE', #1609, #2471 ) ;
#443 = LINE ( 'NONE', #17, #1158 ) ;
#444 = EDGE_LOOP ( 'NONE', ( #1298, #6649, #6490, #2925 ) ) ;
#445 = VERTEX_POINT ( 'NONE', #3989 ) ;
#446 = ADVANCED_FACE ( 'NONE', ( #1842 ), #5145, .F. ) ;
#447 = VECTOR ( 'NONE', #2469, 1000.000000000000000 ) ;
#448 = ORIENTED_EDGE ( 'NONE', *, *, #4148, .T. ) ;
#449 = PLANE ( 'NONE',  #6935 ) ;
#450 = FACE_OUTER_BOUND ( 'NONE', #1636, .T. ) ;
#451 = LINE ( 'NONE', #4195, #5051 ) ;
#452 = VECTOR ( 'NONE', #4170, 1000.000000000000000 ) ;
#453 = LINE ( 'NONE', #5359, #6352 ) ;
#454 = EDGE_LOOP ( 'NONE', ( #6864, #2369, #6631, #2017, #6260, #2717, #6073, #2449, #3280, #623, #3725, #5903 ) ) ;
#455 = EDGE_CURVE ( 'NONE', #1168, #1727, #745, .T. ) ;
#456 = DIRECTION ( 'NONE',  ( 0.000000000000000000, 0.000000000000000000, 1.000000000000000000 ) ) ;
#457 = VECTOR ( 'NONE', #2860, 1000.000000000000000 ) ;
#458 = ORIENTED_EDGE ( 'NONE', *, *, #3458, .F. ) ;
#459 = AXIS2_PLACEMENT_3D ( 'NONE', #5269, #3650, #404 ) ;
#460 = CARTESIAN_POINT ( 'NONE',  ( 9.499999999999998224, 4.650000000000001243, 10.19999999999999929 ) ) ;
#461 = VECTOR ( 'NONE', #3264, 1000.000000000000114 ) ;
#462 = LINE ( 'NONE', #4724, #1612 ) ;
#463 = EDGE_CURVE ( 'NONE', #1153, #1658, #4057, .T. ) ;
#464 = EDGE_CURVE ( 'NONE', #3348, #3478, #3595, .T. ) ;
#465 = ORIENTED_EDGE ( 'NONE', *, *, #5639, .F. ) ;
#466 = EDGE_LOOP ( 'NONE', ( #6271, #2031, #5044, #2875 ) ) ;
#467 = AXIS2_PLACEMENT_3D ( 'NONE', #2560, #4723, #6896 ) ;
#468 = AXIS2_PLACEMENT_3D ( 'NONE', #3901, #6060, #6167 ) ;
#469 = CARTESIAN_POINT ( 'NONE',  ( 4.780000000000053539, -2.440000000000000391, 19.74999999999999289 ) ) ;
#470 = CARTESIAN_POINT ( 'NONE',  ( 4.280000000000001137, 2.243799877109404317, 0.000000000000000000 ) ) ;
#471 = LINE ( 'NONE', #4212, #2350 ) ;
#472 = VERTEX_POINT ( 'NONE', #1911 ) ;
#473 = ORIENTED_EDGE ( 'NONE', *, *, #5830, .F. ) ;
#474 = CARTESIAN_POINT ( 'NONE',  ( -8.700000000000001066, 3.750000000000000000, 11.09999999999999964 ) ) ;
#475 = DIRECTION ( 'NONE',  ( -1.000000000000000000, 1.112002228190260952E-16, 0.000000000000000000 ) ) ;
#476 = DIRECTION ( 'NONE',  ( 0.000000000000000000, 1.000000000000000000, 0.000000000000000000 ) ) ;
#477 = VERTEX_POINT ( 'NONE', #4095 ) ;
#478 = CARTESIAN_POINT ( 'NONE',  ( -0.04999999999994684391, -2.440000000000000391, 19.99999999999999645 ) ) ;
#479 = PERSON_AND_ORGANIZATION_ROLE ( 'design_supplier' ) ;
#480 = LINE ( 'NONE', #6517, #1295 ) ;
#481 = CARTESIAN_POINT ( 'NONE',  ( -4.780000000000000249, 2.439999999999964420, 19.74999999999999645 ) ) ;
#482 = CARTESIAN_POINT ( 'NONE',  ( 1.389999999999937730, -3.856200122890594884, 0.000000000000000000 ) ) ;
#483 = ORIENTED_EDGE ( 'NONE', *, *, #5085, .T. ) ;
#484 = AXIS2_PLACEMENT_3D ( 'NONE', #4434, #6603, #3906 ) ;
#485 = ORIENTED_EDGE ( 'NONE', *, *, #5939, .T. ) ;
#486 = ORIENTED_EDGE ( 'NONE', *, *, #5628, .T. ) ;
#487 = DIRECTION ( 'NONE',  ( 0.000000000000000000, -1.000000000000000000, 0.000000000000000000 ) ) ;
#488 = PLANE ( 'NONE',  #423 ) ;
#489 = DIRECTION ( 'NONE',  ( -0.000000000000000000, -0.000000000000000000, -1.000000000000000000 ) ) ;
#490 = ADVANCED_FACE ( 'NONE', ( #5756 ), #2885, .F. ) ;
#491 = DIRECTION ( 'NONE',  ( 1.112002228190260952E-16, 1.000000000000000000, -0.000000000000000000 ) ) ;
#492 = ORIENTED_EDGE ( 'NONE', *, *, #2996, .T. ) ;
#493 = CARTESIAN_POINT ( 'NONE',  ( -7.500000000000000000, -3.749999999999999112, 15.69999999999999929 ) ) ;
#494 = ORIENTED_EDGE ( 'NONE', *, *, #5828, .F. ) ;
#495 = ADVANCED_FACE ( 'NONE', ( #4265 ), #989, .F. ) ;
#496 = CARTESIAN_POINT ( 'NONE',  ( 1.390000000000001013, 2.243799877109404317, 0.000000000000000000 ) ) ;
#497 = CARTESIAN_POINT ( 'NONE',  ( -1.150000000000062528, -2.250000000000037748, 8.800000000000000711 ) ) ;
#498 = ORIENTED_EDGE ( 'NONE', *, *, #5639, .T. ) ;
#499 = ORIENTED_EDGE ( 'NONE', *, *, #599, .F. ) ;
#500 = VECTOR ( 'NONE', #2035, 1000.000000000000000 ) ;
#501 = DIRECTION ( 'NONE',  ( 0.000000000000000000, -1.000000000000000000, 0.000000000000000000 ) ) ;
#502 = CARTESIAN_POINT ( 'NONE',  ( 3.929999999999937987, -2.250000000000037748, 0.000000000000000000 ) ) ;
#503 = CARTESIAN_POINT ( 'NONE',  ( -6.230000000000063487, -3.856200122890594884, 8.800000000000000711 ) ) ;
#504 = ADVANCED_FACE ( 'NONE', ( #3736 ), #386, .F. ) ;
#505 = ORIENTED_EDGE ( 'NONE', *, *, #1938, .F. ) ;
#506 = CARTESIAN_POINT ( 'NONE',  ( -7.500000000000000888, -1.500000000000000666, 11.19999999999999751 ) ) ;
#507 = AXIS2_PLACEMENT_3D ( 'NONE', #1009, #974, #6384 ) ;
#508 = FACE_OUTER_BOUND ( 'NONE', #6730, .T. ) ;
#509 = EDGE_LOOP ( 'NONE', ( #713, #3601, #968, #289, #5949, #3788 ) ) ;
#510 = LINE ( 'NONE', #3078, #4887 ) ;
#511 = CARTESIAN_POINT ( 'NONE',  ( 0.000000000000000000, 0.000000000000000000, 0.000000000000000000 ) ) ;
#512 = CARTESIAN_POINT ( 'NONE',  ( 2.839999999999999858, 2.640000000000000568, 14.69999999999999751 ) ) ;
#513 = VECTOR ( 'NONE', #4750, 1000.000000000000000 ) ;
#514 = ADVANCED_FACE ( 'NONE', ( #2555 ), #5361, .T. ) ;
#515 = LINE ( 'NONE', #2541, #1673 ) ;
#516 = LINE ( 'NONE', #482, #5024 ) ;
#517 = EDGE_CURVE ( 'NONE', #477, #3465, #5286, .T. ) ;
#518 = VERTEX_POINT ( 'NONE', #6890 ) ;
#519 = VERTEX_POINT ( 'NONE', #5893 ) ;
#520 = ORIENTED_EDGE ( 'NONE', *, *, #2278, .T. ) ;
#521 = LINE ( 'NONE', #4229, #3310 ) ;
#522 = CIRCLE ( 'NONE', #5401, 0.8000000000000003775 ) ;
#523 = DIRECTION ( 'NONE',  ( 0.000000000000000000, 1.000000000000000000, 0.000000000000000000 ) ) ;
#524 = DIRECTION ( 'NONE',  ( -1.000000000000000000, 0.000000000000000000, 0.000000000000000000 ) ) ;
#525 = DIRECTION ( 'NONE',  ( -1.000000000000000000, 1.112002228190260952E-16, 0.000000000000000000 ) ) ;
#526 = ORIENTED_EDGE ( 'NONE', *, *, #6480, .F. ) ;
#527 = LINE ( 'NONE', #5468, #6160 ) ;
#528 = ADVANCED_FACE ( 'NONE', ( #5790 ), #5824, .F. ) ;
#529 = ORIENTED_EDGE ( 'NONE', *, *, #3625, .T. ) ;
#530 = DIRECTION ( 'NONE',  ( 0.000000000000000000, 1.000000000000000000, 0.000000000000000000 ) ) ;
#531 = VERTEX_POINT ( 'NONE', #6857 ) ;
#532 = VECTOR ( 'NONE', #2745, 1000.000000000000000 ) ;
#533 = EDGE_CURVE ( 'NONE', #2265, #1182, #4166, .T. ) ;
#534 = ORIENTED_EDGE ( 'NONE', *, *, #1434, .F. ) ;
#535 = VERTEX_POINT ( 'NONE', #6396 ) ;
#536 = DIRECTION ( 'NONE',  ( -0.000000000000000000, 0.6156614753256561823, 0.7880107536067235685 ) ) ;
#537 = CARTESIAN_POINT ( 'NONE',  ( 7.299999999999998934, 2.450000000000001066, 0.000000000000000000 ) ) ;
#538 = LINE ( 'NONE', #5908, #3150 ) ;
#539 = ORIENTED_EDGE ( 'NONE', *, *, #6724, .T. ) ;
#540 = CARTESIAN_POINT ( 'NONE',  ( 3.340000000000000302, 2.243799877109404317, 0.000000000000000000 ) ) ;
#541 = CARTESIAN_POINT ( 'NONE',  ( 1.763635533909754208E-15, -2.440000000000000391, 14.69999999999999751 ) ) ;
#542 = VECTOR ( 'NONE', #2489, 1000.000000000000000 ) ;
#543 = ORIENTED_EDGE ( 'NONE', *, *, #291, .F. ) ;
#544 = DIRECTION ( 'NONE',  ( 0.000000000000000000, 0.000000000000000000, 1.000000000000000000 ) ) ;
#545 = CARTESIAN_POINT ( 'NONE',  ( 0.2999999999999989897, 2.640000000000000568, 19.74999999999999645 ) ) ;
#546 = LINE ( 'NONE', #2252, #5677 ) ;
#547 = LINE ( 'NONE', #3825, #4793 ) ;
#548 = ORIENTED_EDGE ( 'NONE', *, *, #5692, .T. ) ;
#549 = ORIENTED_EDGE ( 'NONE', *, *, #3854, .T. ) ;
#550 = EDGE_CURVE ( 'NONE', #5926, #3978, #1516, .T. ) ;
#551 = EDGE_CURVE ( 'NONE', #6151, #3072, #4754, .T. ) ;
#552 = VERTEX_POINT ( 'NONE', #493 ) ;
#553 = CARTESIAN_POINT ( 'NONE',  ( 9.099999999999997868, -3.750000000000001776, 8.800000000000000711 ) ) ;
#554 = CARTESIAN_POINT ( 'NONE',  ( 5.380000000000053184, -2.640000000000000568, 19.99999999999999645 ) ) ;
#555 = LINE ( 'NONE', #3234, #1302 ) ;
#556 = PLANE ( 'NONE',  #5094 ) ;
#557 = VECTOR ( 'NONE', #4684, 1000.000000000000000 ) ;
#558 = ORIENTED_EDGE ( 'NONE', *, *, #5455, .T. ) ;
#559 = ADVANCED_FACE ( 'NONE', ( #6966 ), #1584, .F. ) ;
#560 = LINE ( 'NONE', #4440, #2812 ) ;
#561 = EDGE_LOOP ( 'NONE', ( #4996, #1707, #3211, #1776 ) ) ;
#562 = CARTESIAN_POINT ( 'NONE',  ( 5.379999999999999893, 2.640000000000000568, 19.74999999999999645 ) ) ;
#563 = VECTOR ( 'NONE', #3750, 1000.000000000000000 ) ;
#564 = LINE ( 'NONE', #1628, #1689 ) ;
#565 = VECTOR ( 'NONE', #5760, 1000.000000000000000 ) ;
#566 = ORIENTED_EDGE ( 'NONE', *, *, #3625, .F. ) ;
#567 = VECTOR ( 'NONE', #5675, 1000.000000000000000 ) ;
#568 = ORIENTED_EDGE ( 'NONE', *, *, #3380, .T. ) ;
#569 = VERTEX_POINT ( 'NONE', #2661 ) ;
#570 = VECTOR ( 'NONE', #1313, 1000.000000000000000 ) ;
#571 = CARTESIAN_POINT ( 'NONE',  ( 3.689999999999937774, -3.856200122890594884, 8.800000000000000711 ) ) ;
#572 = AXIS2_PLACEMENT_3D ( 'NONE', #1115, #2828, #1757 ) ;
#573 = CARTESIAN_POINT ( 'NONE',  ( -7.799999999999998046, 0.9500000000000009548, 8.800000000000000711 ) ) ;
#574 = EDGE_CURVE ( 'NONE', #2634, #718, #1927, .T. ) ;
#575 = ORIENTED_EDGE ( 'NONE', *, *, #4010, .F. ) ;
#576 = CARTESIAN_POINT ( 'NONE',  ( -1.739999999999999991, -0.9500000000000016209, 8.800000000000000711 ) ) ;
#577 = LINE ( 'NONE', #3285, #2150 ) ;
#578 = VECTOR ( 'NONE', #939, 1000.000000000000000 ) ;
#579 = VERTEX_POINT ( 'NONE', #4826 ) ;
#580 = DIRECTION ( 'NONE',  ( 0.000000000000000000, 0.000000000000000000, -1.000000000000000000 ) ) ;
#581 = LINE ( 'NONE', #155, #3463 ) ;
#582 = CARTESIAN_POINT ( 'NONE',  ( 0.000000000000000000, 0.000000000000000000, 19.99999999999999645 ) ) ;
#583 = LINE ( 'NONE', #5953, #4345 ) ;
#584 = EDGE_CURVE ( 'NONE', #3395, #827, #4297, .T. ) ;
#585 = ORIENTED_EDGE ( 'NONE', *, *, #4148, .F. ) ;
#586 = LINE ( 'NONE', #4917, #4667 ) ;
#587 = ORIENTED_EDGE ( 'NONE', *, *, #6188, .F. ) ;
#588 = ORIENTED_EDGE ( 'NONE', *, *, #2202, .T. ) ;
#589 = CARTESIAN_POINT ( 'NONE',  ( 0.000000000000000000, 2.439999999999999947, 14.69999999999999751 ) ) ;
#590 = CARTESIAN_POINT ( 'NONE',  ( 3.690000000000000835, 3.849999999999961897, 8.800000000000000711 ) ) ;
#591 = DIRECTION ( 'NONE',  ( 0.000000000000000000, -1.000000000000000000, 0.000000000000000000 ) ) ;
#592 = ORIENTED_EDGE ( 'NONE', *, *, #6015, .F. ) ;
#593 = EDGE_CURVE ( 'NONE', #4089, #1800, #6463, .T. ) ;
#594 = LINE ( 'NONE', #2798, #4201 ) ;
#595 = ORIENTED_EDGE ( 'NONE', *, *, #3848, .F. ) ;
#596 = DIRECTION ( 'NONE',  ( 1.000000000000000000, 0.000000000000000000, 0.000000000000000000 ) ) ;
#597 = ORIENTED_EDGE ( 'NONE', *, *, #1547, .T. ) ;
#598 = DIRECTION ( 'NONE',  ( 0.000000000000000000, -0.000000000000000000, 1.000000000000000000 ) ) ;
#599 = EDGE_CURVE ( 'NONE', #5386, #5941, #5212, .T. ) ;
#600 = EDGE_CURVE ( 'NONE', #1658, #5857, #3628, .T. ) ;
#601 = CARTESIAN_POINT ( 'NONE',  ( -3.929999999999999272, 2.243799877109404317, 0.000000000000000000 ) ) ;
#602 = ORIENTED_EDGE ( 'NONE', *, *, #1285, .F. ) ;
#603 = DIRECTION ( 'NONE',  ( -0.000000000000000000, -0.6156614753256561823, -0.7880107536067235685 ) ) ;
#604 = VERTEX_POINT ( 'NONE', #1482 ) ;
#605 = VERTEX_POINT ( 'NONE', #3665 ) ;
#606 = DIRECTION ( 'NONE',  ( -1.000000000000000000, 1.334402673828312846E-15, 0.000000000000000000 ) ) ;
#607 = VECTOR ( 'NONE', #5342, 1000.000000000000000 ) ;
#608 = DIRECTION ( 'NONE',  ( -0.000000000000000000, -1.000000000000000000, -0.000000000000000000 ) ) ;
#609 = ORIENTED_EDGE ( 'NONE', *, *, #6279, .F. ) ;
#610 = DIRECTION ( 'NONE',  ( 1.000000000000000000, 0.000000000000000000, 0.000000000000000000 ) ) ;
#611 = FACE_OUTER_BOUND ( 'NONE', #5566, .T. ) ;
#612 = EDGE_CURVE ( 'NONE', #4937, #6978, #5397, .T. ) ;
#613 = EDGE_LOOP ( 'NONE', ( #102, #2249, #6083, #3415 ) ) ;
#614 = CARTESIAN_POINT ( 'NONE',  ( 3.930000000000001048, 3.849999999999961897, 0.000000000000000000 ) ) ;
#615 = LINE ( 'NONE', #6019, #5957 ) ;
#616 = DIRECTION ( 'NONE',  ( -1.000000000000000000, 0.000000000000000000, 0.000000000000000000 ) ) ;
#617 = LINE ( 'NONE', #1181, #2693 ) ;
#618 = VERTEX_POINT ( 'NONE', #3270 ) ;
#619 = CARTESIAN_POINT ( 'NONE',  ( 0.000000000000000000, -2.640000000000000568, 19.99999999999999645 ) ) ;
#620 = VECTOR ( 'NONE', #4845, 1000.000000000000000 ) ;
#621 = ORIENTED_EDGE ( 'NONE', *, *, #2166, .F. ) ;
#622 = EDGE_CURVE ( 'NONE', #5082, #1129, #6607, .T. ) ;
#623 = ORIENTED_EDGE ( 'NONE', *, *, #5593, .T. ) ;
#624 = CARTESIAN_POINT ( 'NONE',  ( -7.300000000000000711, 3.750000000000001776, 8.800000000000000711 ) ) ;
#625 = DIRECTION ( 'NONE',  ( 1.000000000000000000, 0.000000000000000000, -0.000000000000000000 ) ) ;
#626 = DIRECTION ( 'NONE',  ( 0.000000000000000000, 1.000000000000000000, 0.000000000000000000 ) ) ;
#627 = EDGE_LOOP ( 'NONE', ( #7000, #3479, #1642, #3353 ) ) ;
#628 = LINE ( 'NONE', #2159, #3292 ) ;
#629 = ORIENTED_EDGE ( 'NONE', *, *, #2700, .T. ) ;
#630 = DIRECTION ( 'NONE',  ( -1.000000000000000000, -7.228014483236698528E-16, 0.000000000000000000 ) ) ;
#631 = VERTEX_POINT ( 'NONE', #4928 ) ;
#632 = CARTESIAN_POINT ( 'NONE',  ( 1.740000000000000213, 0.9500000000000002887, 1.400000000000008349 ) ) ;
#633 = DIRECTION ( 'NONE',  ( 0.000000000000000000, -0.000000000000000000, 1.000000000000000000 ) ) ;
#634 = ORIENTED_EDGE ( 'NONE', *, *, #2115, .T. ) ;
#635 = LINE ( 'NONE', #6650, #6740 ) ;
#636 = EDGE_CURVE ( 'NONE', #5398, #4960, #1731, .T. ) ;
#637 = ORIENTED_EDGE ( 'NONE', *, *, #1760, .T. ) ;
#638 = ORIENTED_EDGE ( 'NONE', *, *, #533, .F. ) ;
#639 = EDGE_CURVE ( 'NONE', #1622, #1693, #6568, .T. ) ;
#640 = PLANE ( 'NONE',  #5963 ) ;
#641 = EDGE_LOOP ( 'NONE', ( #3133, #3990, #2203, #3553, #5321, #6741 ) ) ;
#642 = CARTESIAN_POINT ( 'NONE',  ( -4.280000000000000249, -0.9500000000000016209, 8.800000000000000711 ) ) ;
#643 = VECTOR ( 'NONE', #1495, 1000.000000000000000 ) ;
#644 = DIRECTION ( 'NONE',  ( 0.000000000000000000, 1.000000000000000000, 0.000000000000000000 ) ) ;
#645 =( GEOMETRIC_REPRESENTATION_CONTEXT ( 3 ) GLOBAL_UNCERTAINTY_ASSIGNED_CONTEXT ( ( #6828 ) ) GLOBAL_UNIT_ASSIGNED_CONTEXT ( ( #4598, #2908, #2004 ) ) REPRESENTATION_CONTEXT ( 'NONE', 'WORKASPACE' ) );
#646 = ADVANCED_FACE ( 'NONE', ( #6040 ), #4402, .T. ) ;
#647 = EDGE_LOOP ( 'NONE', ( #5609, #2646, #1040, #4819, #6416, #4930, #4585, #4506 ) ) ;
#648 = CARTESIAN_POINT ( 'NONE',  ( -7.300000000000002487, -2.450000000000001954, 8.800000000000000711 ) ) ;
#649 = PLANE ( 'NONE',  #2898 ) ;
#650 = LINE ( 'NONE', #1249, #5311 ) ;
#651 = DIRECTION ( 'NONE',  ( 0.000000000000000000, 1.000000000000000000, 0.000000000000000000 ) ) ;
#652 = VERTEX_POINT ( 'NONE', #1624 ) ;
#653 = CARTESIAN_POINT ( 'NONE',  ( 1.390000000000001013, 3.849999999999961897, 8.800000000000000711 ) ) ;
#654 = EDGE_CURVE ( 'NONE', #1658, #5324, #560, .T. ) ;
#655 = VECTOR ( 'NONE', #3871, 1000.000000000000000 ) ;
#656 = ORIENTED_EDGE ( 'NONE', *, *, #198, .F. ) ;
#657 = ORIENTED_EDGE ( 'NONE', *, *, #6536, .F. ) ;
#658 = CARTESIAN_POINT ( 'NONE',  ( -7.799999999999998046, 0.9500000000000009548, 1.400000000000008793 ) ) ;
#659 = VECTOR ( 'NONE', #156, 1000.000000000000000 ) ;
#660 = DIRECTION ( 'NONE',  ( -1.000000000000000000, 0.000000000000000000, 0.000000000000000000 ) ) ;
#661 = CARTESIAN_POINT ( 'NONE',  ( 3.930000000000001048, 2.243799877109404317, 8.800000000000000711 ) ) ;
#662 = EDGE_LOOP ( 'NONE', ( #3588, #127, #1904, #5831 ) ) ;
#663 = EDGE_CURVE ( 'NONE', #535, #6994, #4895, .T. ) ;
#664 = LINE ( 'NONE', #4329, #7034 ) ;
#665 = ORIENTED_EDGE ( 'NONE', *, *, #4441, .F. ) ;
#666 = PLANE ( 'NONE',  #367 ) ;
#667 = ORIENTED_EDGE ( 'NONE', *, *, #3870, .T. ) ;
#668 = CARTESIAN_POINT ( 'NONE',  ( -5.379999999999947491, -2.440000000000035918, 14.69999999999999751 ) ) ;
#669 = EDGE_CURVE ( 'NONE', #2695, #3773, #27, .T. ) ;
#670 = DIRECTION ( 'NONE',  ( 0.000000000000000000, 1.000000000000000000, 0.000000000000000000 ) ) ;
#671 = ORIENTED_EDGE ( 'NONE', *, *, #3470, .F. ) ;
#672 = DIRECTION ( 'NONE',  ( 0.000000000000000000, -0.000000000000000000, 1.000000000000000000 ) ) ;
#673 = ORIENTED_EDGE ( 'NONE', *, *, #3854, .F. ) ;
#674 = ORIENTED_EDGE ( 'NONE', *, *, #5549, .F. ) ;
#675 = VECTOR ( 'NONE', #5284, 1000.000000000000000 ) ;
#676 = CARTESIAN_POINT ( 'NONE',  ( 5.129999999999999893, 2.640000000000000568, 19.99999999999999645 ) ) ;
#677 = AXIS2_PLACEMENT_3D ( 'NONE', #6826, #353, #4653 ) ;
#678 = ORIENTED_EDGE ( 'NONE', *, *, #4147, .F. ) ;
#679 = DIRECTION ( 'NONE',  ( 1.000000000000000000, 0.000000000000000000, 0.000000000000000000 ) ) ;
#680 = EDGE_CURVE ( 'NONE', #3478, #4012, #2161, .T. ) ;
#681 = DIRECTION ( 'NONE',  ( 1.000000000000000000, 7.228014483236698528E-16, 0.000000000000000000 ) ) ;
#682 = ORIENTED_EDGE ( 'NONE', *, *, #198, .T. ) ;
#683 = VECTOR ( 'NONE', #6164, 1000.000000000000000 ) ;
#684 = DIRECTION ( 'NONE',  ( 1.000000000000000000, 0.000000000000000000, 0.000000000000000000 ) ) ;
#685 = CARTESIAN_POINT ( 'NONE',  ( -0.7999999999999999334, -2.250000000000037748, 8.800000000000000711 ) ) ;
#686 = CARTESIAN_POINT ( 'NONE',  ( 8.699999999999997513, 3.750000000000000000, 15.69999999999999929 ) ) ;
#687 = PLANE ( 'NONE',  #5758 ) ;
#688 = ORIENTED_EDGE ( 'NONE', *, *, #2710, .T. ) ;
#689 = DIRECTION ( 'NONE',  ( 0.7071067811865425767, 5.110978055611213600E-16, 0.7071067811865525687 ) ) ;
#690 = VECTOR ( 'NONE', #4810, 1000.000000000000000 ) ;
#691 = EDGE_CURVE ( 'NONE', #6453, #3168, #2696, .T. ) ;
#692 = PLANE ( 'NONE',  #3004 ) ;
#693 = ORIENTED_EDGE ( 'NONE', *, *, #2859, .T. ) ;
#694 = VECTOR ( 'NONE', #6788, 1000.000000000000000 ) ;
#695 = FACE_OUTER_BOUND ( 'NONE', #4330, .T. ) ;
#696 = CARTESIAN_POINT ( 'NONE',  ( 0.000000000000000000, 0.000000000000000000, 0.000000000000000000 ) ) ;
#697 = VECTOR ( 'NONE', #87, 1000.000000000000000 ) ;
#698 = FACE_OUTER_BOUND ( 'NONE', #3427, .T. ) ;
#699 = ORIENTED_EDGE ( 'NONE', *, *, #112, .F. ) ;
#700 = DIRECTION ( 'NONE',  ( -0.000000000000000000, -0.000000000000000000, 1.000000000000000000 ) ) ;
#701 = ORIENTED_EDGE ( 'NONE', *, *, #4042, .T. ) ;
#702 = DIRECTION ( 'NONE',  ( 0.000000000000000000, 1.000000000000000000, 0.000000000000000000 ) ) ;
#703 = ADVANCED_BREP_SHAPE_REPRESENTATION ( 'L-KLS1-603C-10-S', ( #1957, #5542 ), #645 ) ;
#704 = VERTEX_POINT ( 'NONE', #5001 ) ;
#705 = EDGE_CURVE ( 'NONE', #411, #2201, #7036, .T. ) ;
#706 = PLANE ( 'NONE',  #1327 ) ;
#707 = CARTESIAN_POINT ( 'NONE',  ( 4.280000000000001137, -2.250000000000037748, 8.800000000000000711 ) ) ;
#708 = ORIENTED_EDGE ( 'NONE', *, *, #384, .T. ) ;
#709 = VECTOR ( 'NONE', #4366, 1000.000000000000000 ) ;
#710 = CARTESIAN_POINT ( 'NONE',  ( 1.245000000000044071, -2.640000000000000568, 18.75499999999997058 ) ) ;
#711 = VECTOR ( 'NONE', #1506, 1000.000000000000000 ) ;
#712 = ORIENTED_EDGE ( 'NONE', *, *, #4077, .T. ) ;
#713 = ORIENTED_EDGE ( 'NONE', *, *, #6332, .F. ) ;
#714 = EDGE_CURVE ( 'NONE', #2944, #3395, #3728, .T. ) ;
#715 = FACE_OUTER_BOUND ( 'NONE', #3797, .T. ) ;
#716 = DIRECTION ( 'NONE',  ( 0.000000000000000000, 1.000000000000000000, 0.000000000000000000 ) ) ;
#717 = CARTESIAN_POINT ( 'NONE',  ( 2.839999999999999858, 2.439999999999999947, 19.74999999999999645 ) ) ;
#718 = VERTEX_POINT ( 'NONE', #2266 ) ;
#719 = VECTOR ( 'NONE', #2920, 1000.000000000000000 ) ;
#720 = EDGE_CURVE ( 'NONE', #3827, #1761, #2230, .T. ) ;
#721 = PLANE ( 'NONE',  #6479 ) ;
#722 = CC_DESIGN_DATE_AND_TIME_ASSIGNMENT ( #3079, #4738, ( #6069 ) ) ;
#723 = DIRECTION ( 'NONE',  ( 1.000000000000000000, -0.000000000000000000, -0.000000000000000000 ) ) ;
#724 = CARTESIAN_POINT ( 'NONE',  ( 4.280000000000001137, -0.9500000000000002887, 8.800000000000000711 ) ) ;
#725 = CARTESIAN_POINT ( 'NONE',  ( 9.499999999999998224, -3.849999999999998757, 10.19999999999999929 ) ) ;
#726 = ORIENTED_EDGE ( 'NONE', *, *, #3491, .T. ) ;
#727 = DIRECTION ( 'NONE',  ( 0.000000000000000000, -0.000000000000000000, -1.000000000000000000 ) ) ;
#728 = CARTESIAN_POINT ( 'NONE',  ( 5.380000000000053184, -2.439999999999999947, 14.69999999999999751 ) ) ;
#729 = ORIENTED_EDGE ( 'NONE', *, *, #6227, .F. ) ;
#730 = CARTESIAN_POINT ( 'NONE',  ( 2.840000000000053149, -2.640000000000000568, 19.99999999999999645 ) ) ;
#731 = LINE ( 'NONE', #6063, #2389 ) ;
#732 = ADVANCED_FACE ( 'NONE', ( #1691 ), #666, .T. ) ;
#733 = FACE_OUTER_BOUND ( 'NONE', #7037, .T. ) ;
#734 = DIRECTION ( 'NONE',  ( -1.000000000000000000, -0.000000000000000000, -0.000000000000000000 ) ) ;
#735 = EDGE_LOOP ( 'NONE', ( #2388, #1330, #2597, #2069 ) ) ;
#736 = DIRECTION ( 'NONE',  ( 0.000000000000000000, 0.000000000000000000, -1.000000000000000000 ) ) ;
#737 = AXIS2_PLACEMENT_3D ( 'NONE', #83, #2858, #2214 ) ;
#738 = EDGE_LOOP ( 'NONE', ( #6003, #4569, #1509, #5780 ) ) ;
#739 = ORIENTED_EDGE ( 'NONE', *, *, #5477, .T. ) ;
#740 = CARTESIAN_POINT ( 'NONE',  ( 0.000000000000000000, 2.439999999999999947, 19.99999999999999645 ) ) ;
#741 = VECTOR ( 'NONE', #6323, 1000.000000000000114 ) ;
#742 = PLANE ( 'NONE',  #1230 ) ;
#743 = EDGE_CURVE ( 'NONE', #1082, #841, #527, .T. ) ;
#744 = ORIENTED_EDGE ( 'NONE', *, *, #4794, .F. ) ;
#745 = LINE ( 'NONE', #278, #2307 ) ;
#746 = ORIENTED_EDGE ( 'NONE', *, *, #2383, .F. ) ;
#747 = LINE ( 'NONE', #2994, #565 ) ;
#748 = CARTESIAN_POINT ( 'NONE',  ( -7.799999999999998046, 0.9500000000000009548, 1.400000000000008793 ) ) ;
#749 = EDGE_CURVE ( 'NONE', #4657, #6847, #5966, .T. ) ;
#750 = ORIENTED_EDGE ( 'NONE', *, *, #1814, .T. ) ;
#751 = CARTESIAN_POINT ( 'NONE',  ( 1.740000000000000213, 0.9499999999999998446, 1.400000000000008793 ) ) ;
#752 = LINE ( 'NONE', #3638, #2960 ) ;
#753 = DIRECTION ( 'NONE',  ( 1.000000000000000000, -1.334402673828313241E-15, 0.000000000000000000 ) ) ;
#754 = DIRECTION ( 'NONE',  ( -1.000000000000000000, 0.000000000000000000, 0.000000000000000000 ) ) ;
#755 = VERTEX_POINT ( 'NONE', #64 ) ;
#756 = PLANE ( 'NONE',  #4331 ) ;
#757 = EDGE_CURVE ( 'NONE', #2990, #4848, #1194, .T. ) ;
#758 = DIRECTION ( 'NONE',  ( 1.000000000000000000, 9.130123557772669567E-17, 0.000000000000000000 ) ) ;
#759 = ORIENTED_EDGE ( 'NONE', *, *, #6067, .F. ) ;
#760 = CARTESIAN_POINT ( 'NONE',  ( 1.740000000000000213, -2.250000000000037748, 8.800000000000000711 ) ) ;
#761 = DIRECTION ( 'NONE',  ( 0.000000000000000000, 0.000000000000000000, 1.000000000000000000 ) ) ;
#762 = DIRECTION ( 'NONE',  ( 0.000000000000000000, 1.000000000000000000, -0.000000000000000000 ) ) ;
#763 = LINE ( 'NONE', #2299, #1272 ) ;
#764 = AXIS2_PLACEMENT_3D ( 'NONE', #1023, #921, #456 ) ;
#765 = VECTOR ( 'NONE', #205, 1000.000000000000000 ) ;
#766 = ORIENTED_EDGE ( 'NONE', *, *, #4882, .F. ) ;
#767 = EDGE_CURVE ( 'NONE', #6882, #6220, #2304, .T. ) ;
#768 = DIRECTION ( 'NONE',  ( -0.000000000000000000, -0.000000000000000000, -1.000000000000000000 ) ) ;
#769 = ADVANCED_FACE ( 'NONE', ( #3409 ), #5038, .F. ) ;
#770 = ORIENTED_EDGE ( 'NONE', *, *, #599, .T. ) ;
#771 = AXIS2_PLACEMENT_3D ( 'NONE', #4567, #2401, #4153 ) ;
#772 = ORIENTED_EDGE ( 'NONE', *, *, #6458, .T. ) ;
#773 = LINE ( 'NONE', #5714, #5792 ) ;
#774 = PLANE ( 'NONE',  #3275 ) ;
#775 = EDGE_CURVE ( 'NONE', #4078, #1950, #2338, .T. ) ;
#776 = FACE_OUTER_BOUND ( 'NONE', #221, .T. ) ;
#777 = ORIENTED_EDGE ( 'NONE', *, *, #5085, .F. ) ;
#778 = LINE ( 'NONE', #2379, #4829 ) ;
#779 = ORIENTED_EDGE ( 'NONE', *, *, #4827, .T. ) ;
#780 = DIRECTION ( 'NONE',  ( 1.000000000000000000, 0.000000000000000000, 0.000000000000000000 ) ) ;
#781 = DIRECTION ( 'NONE',  ( -1.000000000000000000, 0.000000000000000000, 0.000000000000000000 ) ) ;
#782 = VECTOR ( 'NONE', #1582, 1000.000000000000000 ) ;
#783 = VERTEX_POINT ( 'NONE', #5571 ) ;
#784 = CARTESIAN_POINT ( 'NONE',  ( -4.280000000000000249, 0.9499999999999990674, 8.800000000000000711 ) ) ;
#785 = DIRECTION ( 'NONE',  ( 0.000000000000000000, 0.000000000000000000, -1.000000000000000000 ) ) ;
#786 = VECTOR ( 'NONE', #1811, 1000.000000000000000 ) ;
#787 = ADVANCED_FACE ( 'NONE', ( #6675 ), #3945, .F. ) ;
#788 = CARTESIAN_POINT ( 'NONE',  ( 1.763635533909754208E-15, -2.440000000000000391, 19.99999999999999645 ) ) ;
#789 = PLANE ( 'NONE',  #6772 ) ;
#790 = AXIS2_PLACEMENT_3D ( 'NONE', #5979, #6948, #1564 ) ;
#791 = ORIENTED_EDGE ( 'NONE', *, *, #2188, .T. ) ;
#792 = CARTESIAN_POINT ( 'NONE',  ( -0.7999999999999999334, -3.650000000000000799, 0.000000000000000000 ) ) ;
#793 = DIRECTION ( 'NONE',  ( -0.000000000000000000, 0.000000000000000000, -1.000000000000000000 ) ) ;
#794 = VECTOR ( 'NONE', #3707, 1000.000000000000000 ) ;
#795 = ORIENTED_EDGE ( 'NONE', *, *, #5477, .F. ) ;
#796 = CARTESIAN_POINT ( 'NONE',  ( -0.2999999999999999889, 2.439999999999999947, 19.99999999999999645 ) ) ;
#797 = PLANE ( 'NONE',  #2254 ) ;
#798 = DIRECTION ( 'NONE',  ( 0.000000000000000000, 0.7071067811865447972, -0.7071067811865502373 ) ) ;
#799 = VECTOR ( 'NONE', #4867, 1000.000000000000000 ) ;
#800 = EDGE_CURVE ( 'NONE', #5713, #328, #6369, .T. ) ;
#801 = CARTESIAN_POINT ( 'NONE',  ( -7.300000000000001599, -3.750000000000001776, 0.000000000000000000 ) ) ;
#802 = AXIS2_PLACEMENT_3D ( 'NONE', #5258, #4694, #1092 ) ;
#803 = DIRECTION ( 'NONE',  ( 0.000000000000000000, -1.000000000000000000, 0.000000000000000000 ) ) ;
#804 = ORIENTED_EDGE ( 'NONE', *, *, #6015, .T. ) ;
#805 = CIRCLE ( 'NONE', #5683, 0.8000000000000003775 ) ;
#806 = PLANE ( 'NONE',  #6358 ) ;
#807 = ORIENTED_EDGE ( 'NONE', *, *, #2024, .T. ) ;
#808 = VECTOR ( 'NONE', #1276, 1000.000000000000000 ) ;
#809 = AXIS2_PLACEMENT_3D ( 'NONE', #1252, #4529, #5060 ) ;
#810 = ORIENTED_EDGE ( 'NONE', *, *, #2234, .F. ) ;
#811 = FACE_OUTER_BOUND ( 'NONE', #4206, .T. ) ;
#812 = FACE_OUTER_BOUND ( 'NONE', #5078, .T. ) ;
#813 = CARTESIAN_POINT ( 'NONE',  ( 2.490000000000003766, 0.000000000000000000, 19.99999999999999645 ) ) ;
#814 = EDGE_LOOP ( 'NONE', ( #947, #629, #6417, #4762 ) ) ;
#815 = CARTESIAN_POINT ( 'NONE',  ( 5.030000000000057980, -2.440000000000000391, 19.99999999999999645 ) ) ;
#816 = VERTEX_POINT ( 'NONE', #927 ) ;
#817 = EDGE_CURVE ( 'NONE', #2990, #6907, #6431, .T. ) ;
#818 = ADVANCED_FACE ( 'NONE', ( #3740 ), #1488, .F. ) ;
#819 = PLANE ( 'NONE',  #6698 ) ;
#820 = VECTOR ( 'NONE', #3687, 1000.000000000000000 ) ;
#821 = CARTESIAN_POINT ( 'NONE',  ( 7.499999999999999112, -1.499999999999998890, 14.69999999999999751 ) ) ;
#822 = ORIENTED_EDGE ( 'NONE', *, *, #5187, .T. ) ;
#823 = LINE ( 'NONE', #2450, #1590 ) ;
#824 = CARTESIAN_POINT ( 'NONE',  ( -7.799999999999998046, 0.9500000000000009548, 1.400000000000008793 ) ) ;
#825 = LINE ( 'NONE', #4106, #2958 ) ;
#826 = CARTESIAN_POINT ( 'NONE',  ( 0.8000000000000001554, -2.043799877109405472, 0.000000000000000000 ) ) ;
#827 = VERTEX_POINT ( 'NONE', #1521 ) ;
#828 = FACE_OUTER_BOUND ( 'NONE', #6608, .T. ) ;
#829 = DIRECTION ( 'NONE',  ( 1.000000000000000000, 0.000000000000000000, 0.000000000000000000 ) ) ;
#830 = ADVANCED_FACE ( 'NONE', ( #6936 ), #5829, .F. ) ;
#831 = ORIENTED_EDGE ( 'NONE', *, *, #2076, .T. ) ;
#832 = PLANE ( 'NONE',  #5575 ) ;
#833 = LINE ( 'NONE', #6204, #6140 ) ;
#834 = CARTESIAN_POINT ( 'NONE',  ( 1.763635533909757166E-15, -2.440000000000003944, 19.99999999999999645 ) ) ;
#835 = DIRECTION ( 'NONE',  ( 0.000000000000000000, -1.000000000000000000, 0.000000000000000000 ) ) ;
#836 = CARTESIAN_POINT ( 'NONE',  ( 1.390000000000001013, 3.849999999999961897, 8.800000000000000711 ) ) ;
#837 = ORIENTED_EDGE ( 'NONE', *, *, #1392, .T. ) ;
#838 = CARTESIAN_POINT ( 'NONE',  ( -7.799999999999998046, 0.9500000000000009548, 1.400000000000008793 ) ) ;
#839 = VERTEX_POINT ( 'NONE', #2526 ) ;
#840 = ADVANCED_FACE ( 'NONE', ( #1992 ), #3208, .T. ) ;
#841 = VERTEX_POINT ( 'NONE', #2561 ) ;
#842 = ORIENTED_EDGE ( 'NONE', *, *, #2051, .T. ) ;
#843 = DIRECTION ( 'NONE',  ( -0.000000000000000000, -1.000000000000000000, -0.000000000000000000 ) ) ;
#844 = VECTOR ( 'NONE', #6764, 1000.000000000000114 ) ;
#845 = DIRECTION ( 'NONE',  ( 0.000000000000000000, -0.000000000000000000, 1.000000000000000000 ) ) ;
#846 = DIRECTION ( 'NONE',  ( -0.000000000000000000, -0.000000000000000000, 1.000000000000000000 ) ) ;
#847 = DIRECTION ( 'NONE',  ( 1.000000000000000000, -0.000000000000000000, 0.000000000000000000 ) ) ;
#848 = ORIENTED_EDGE ( 'NONE', *, *, #691, .F. ) ;
#849 = CARTESIAN_POINT ( 'NONE',  ( -4.280000000000000249, -3.650000000000000799, 0.000000000000000000 ) ) ;
#850 = VERTEX_POINT ( 'NONE', #1553 ) ;
#851 = AXIS2_PLACEMENT_3D ( 'NONE', #3281, #3383, #4486 ) ;
#852 = CARTESIAN_POINT ( 'NONE',  ( 2.240000000000053060, -2.440000000000000391, 19.99999999999999645 ) ) ;
#853 = LINE ( 'NONE', #2448, #6598 ) ;
#854 = ADVANCED_FACE ( 'NONE', ( #4831 ), #891, .F. ) ;
#855 = EDGE_CURVE ( 'NONE', #4088, #272, #462, .T. ) ;
#856 = ORIENTED_EDGE ( 'NONE', *, *, #4882, .T. ) ;
#857 = VECTOR ( 'NONE', #6821, 1000.000000000000000 ) ;
#858 = CARTESIAN_POINT ( 'NONE',  ( 3.929999999999937987, -2.250000000000037748, 8.800000000000000711 ) ) ;
#859 = CARTESIAN_POINT ( 'NONE',  ( -3.340000000000000302, -0.9500000000000016209, 8.800000000000000711 ) ) ;
#860 = LINE ( 'NONE', #5623, #4654 ) ;
#861 = CARTESIAN_POINT ( 'NONE',  ( 7.500000000000000000, -3.749999999999999112, 14.69999999999999751 ) ) ;
#862 = EDGE_CURVE ( 'NONE', #4927, #5635, #3136, .T. ) ;
#863 = ORIENTED_EDGE ( 'NONE', *, *, #4173, .T. ) ;
#864 = CARTESIAN_POINT ( 'NONE',  ( 0.3000000000000528910, 0.000000000000000000, 19.74999999999999645 ) ) ;
#865 = EDGE_CURVE ( 'NONE', #5945, #1496, #3062, .T. ) ;
#866 = DIRECTION ( 'NONE',  ( 0.000000000000000000, -1.000000000000000000, 0.000000000000000000 ) ) ;
#867 = EDGE_LOOP ( 'NONE', ( #189, #4320, #5239, #4168 ) ) ;
#868 = DIRECTION ( 'NONE',  ( 0.000000000000000000, -0.000000000000000000, -1.000000000000000000 ) ) ;
#869 = LINE ( 'NONE', #229, #3488 ) ;
#870 = CARTESIAN_POINT ( 'NONE',  ( 4.780000000000053539, 0.000000000000000000, 19.99999999999999645 ) ) ;
#871 = CARTESIAN_POINT ( 'NONE',  ( 0.3000000000000528910, -2.439999999999999947, 19.99999999999999645 ) ) ;
#872 = DIRECTION ( 'NONE',  ( 1.000000000000000000, -0.000000000000000000, -0.000000000000000000 ) ) ;
#873 = ORIENTED_EDGE ( 'NONE', *, *, #355, .F. ) ;
#874 = VECTOR ( 'NONE', #1038, 1000.000000000000000 ) ;
#875 = ORIENTED_EDGE ( 'NONE', *, *, #5753, .T. ) ;
#876 = ORIENTED_EDGE ( 'NONE', *, *, #1159, .T. ) ;
#877 = ORIENTED_EDGE ( 'NONE', *, *, #4237, .T. ) ;
#878 = CARTESIAN_POINT ( 'NONE',  ( -9.168629150101526903, -4.650000000000001243, 10.19999999999999218 ) ) ;
#879 = LINE ( 'NONE', #6886, #1789 ) ;
#880 = DIRECTION ( 'NONE',  ( 0.000000000000000000, 1.000000000000000000, 0.000000000000000000 ) ) ;
#881 = ADVANCED_FACE ( 'NONE', ( #2093 ), #7005, .F. ) ;
#882 = EDGE_CURVE ( 'NONE', #6848, #1139, #356, .T. ) ;
#883 = LINE ( 'NONE', #383, #5203 ) ;
#884 = EDGE_LOOP ( 'NONE', ( #4144, #6170, #3111, #2313 ) ) ;
#885 = VECTOR ( 'NONE', #3481, 1000.000000000000000 ) ;
#886 = CARTESIAN_POINT ( 'NONE',  ( 5.880000000000000782, -3.650000000000036326, 0.000000000000000000 ) ) ;
#887 = ORIENTED_EDGE ( 'NONE', *, *, #6723, .T. ) ;
#888 = EDGE_CURVE ( 'NONE', #5457, #36, #1030, .T. ) ;
#889 = FACE_OUTER_BOUND ( 'NONE', #2221, .T. ) ;
#890 = LINE ( 'NONE', #3490, #1940 ) ;
#891 = PLANE ( 'NONE',  #5020 ) ;
#892 = ORIENTED_EDGE ( 'NONE', *, *, #4077, .F. ) ;
#893 = DIRECTION ( 'NONE',  ( 1.000000000000000000, 0.000000000000000000, 0.000000000000000000 ) ) ;
#894 = PLANE ( 'NONE',  #6931 ) ;
#895 = CARTESIAN_POINT ( 'NONE',  ( -4.780000000000000249, 2.439999999999964420, 19.99999999999999645 ) ) ;
#896 = DIRECTION ( 'NONE',  ( 0.000000000000000000, -0.000000000000000000, -1.000000000000000000 ) ) ;
#897 = EDGE_CURVE ( 'NONE', #1629, #3542, #4692, .T. ) ;
#898 = ORIENTED_EDGE ( 'NONE', *, *, #4856, .F. ) ;
#899 = LINE ( 'NONE', #3074, #352 ) ;
#900 = VECTOR ( 'NONE', #3916, 1000.000000000000000 ) ;
#901 = CARTESIAN_POINT ( 'NONE',  ( -6.230000000000063487, -3.856200122890594884, 8.800000000000000711 ) ) ;
#902 = CARTESIAN_POINT ( 'NONE',  ( -9.100000000000001421, -3.750000000000001776, 8.800000000000000711 ) ) ;
#903 = PERSON_AND_ORGANIZATION ( #6974, #6213 ) ;
#904 = VECTOR ( 'NONE', #2247, 1000.000000000000000 ) ;
#905 = PLANE ( 'NONE',  #388 ) ;
#906 = CARTESIAN_POINT ( 'NONE',  ( -5.879999999999999893, -0.9499999999999992895, 1.400000000000008793 ) ) ;
#907 = DIRECTION ( 'NONE',  ( -0.000000000000000000, -0.000000000000000000, -1.000000000000000000 ) ) ;
#908 = EDGE_CURVE ( 'NONE', #1664, #4927, #994, .T. ) ;
#909 = VERTEX_POINT ( 'NONE', #4172 ) ;
#910 = VECTOR ( 'NONE', #1913, 1000.000000000000000 ) ;
#911 = AXIS2_PLACEMENT_3D ( 'NONE', #4244, #6338, #2673 ) ;
#912 = ORIENTED_EDGE ( 'NONE', *, *, #2373, .T. ) ;
#913 = ORIENTED_EDGE ( 'NONE', *, *, #2650, .F. ) ;
#914 = CARTESIAN_POINT ( 'NONE',  ( 9.499999999999998224, -4.649999999999998579, 10.19999999999999929 ) ) ;
#915 = DIRECTION ( 'NONE',  ( -0.000000000000000000, -0.000000000000000000, -1.000000000000000000 ) ) ;
#916 = CIRCLE ( 'NONE', #2049, 0.8000000000000003775 ) ;
#917 = DIRECTION ( 'NONE',  ( 0.000000000000000000, 0.000000000000000000, -1.000000000000000000 ) ) ;
#918 = CARTESIAN_POINT ( 'NONE',  ( -9.100000000000001421, 2.450000000000001954, 0.000000000000000000 ) ) ;
#919 = AXIS2_PLACEMENT_3D ( 'NONE', #5981, #5515, #1107 ) ;
#920 = ORIENTED_EDGE ( 'NONE', *, *, #775, .F. ) ;
#921 = DIRECTION ( 'NONE',  ( -1.000000000000000000, 0.000000000000000000, 0.000000000000000000 ) ) ;
#922 = ADVANCED_FACE ( 'NONE', ( #3171 ), #3599, .F. ) ;
#923 = ORIENTED_EDGE ( 'NONE', *, *, #800, .F. ) ;
#924 = VECTOR ( 'NONE', #3538, 1000.000000000000000 ) ;
#925 = LINE ( 'NONE', #2128, #3185 ) ;
#926 = DIRECTION ( 'NONE',  ( 0.000000000000000000, 1.000000000000000000, 0.000000000000000000 ) ) ;
#927 = CARTESIAN_POINT ( 'NONE',  ( 9.499999999999998224, 2.949999999999999734, 11.90000000000000568 ) ) ;
#928 = ADVANCED_FACE ( 'NONE', ( #4671 ), #2462, .F. ) ;
#929 = ORIENTED_EDGE ( 'NONE', *, *, #593, .T. ) ;
#930 = DIRECTION ( 'NONE',  ( 0.000000000000000000, 0.000000000000000000, -1.000000000000000000 ) ) ;
#931 = FACE_OUTER_BOUND ( 'NONE', #317, .T. ) ;
#932 = CARTESIAN_POINT ( 'NONE',  ( -0.8000000000000003775, 0.9500000000000001776, 1.400000000000008793 ) ) ;
#933 = CARTESIAN_POINT ( 'NONE',  ( 9.500000000000001776, -2.100000000000000089, 14.69999999999999751 ) ) ;
#934 = EDGE_LOOP ( 'NONE', ( #2759, #3379, #6425, #2187 ) ) ;
#935 = DIRECTION ( 'NONE',  ( -0.000000000000000000, -0.000000000000000000, 1.000000000000000000 ) ) ;
#936 = CARTESIAN_POINT ( 'NONE',  ( -7.799999999999998046, -0.9499999999999990674, 8.800000000000000711 ) ) ;
#937 = AXIS2_PLACEMENT_3D ( 'NONE', #497, #3670, #2023 ) ;
#938 = VECTOR ( 'NONE', #6707, 1000.000000000000000 ) ;
#939 = DIRECTION ( 'NONE',  ( 0.000000000000000000, 1.000000000000000000, 0.000000000000000000 ) ) ;
#940 = DIRECTION ( 'NONE',  ( 0.000000000000000000, 0.000000000000000000, 1.000000000000000000 ) ) ;
#941 = DIRECTION ( 'NONE',  ( 0.000000000000000000, -1.000000000000000000, 0.000000000000000000 ) ) ;
#942 = DIRECTION ( 'NONE',  ( 0.000000000000000000, -0.000000000000000000, -1.000000000000000000 ) ) ;
#943 = DIRECTION ( 'NONE',  ( 0.000000000000000000, -0.000000000000000000, -1.000000000000000000 ) ) ;
#944 = EDGE_LOOP ( 'NONE', ( #1012, #3658, #4744, #3283, #6702, #3813 ) ) ;
#945 = VERTEX_POINT ( 'NONE', #4599 ) ;
#946 = ADVANCED_FACE ( 'NONE', ( #2429 ), #3118, .T. ) ;
#947 = ORIENTED_EDGE ( 'NONE', *, *, #180, .F. ) ;
#948 = CARTESIAN_POINT ( 'NONE',  ( -3.929999999999999272, 2.243799877109404317, 8.800000000000000711 ) ) ;
#949 = VECTOR ( 'NONE', #3714, 1000.000000000000000 ) ;
#950 = CARTESIAN_POINT ( 'NONE',  ( -6.229999999999999538, 2.243799877109404317, 8.800000000000000711 ) ) ;
#951 = LINE ( 'NONE', #3053, #5617 ) ;
#952 = DIRECTION ( 'NONE',  ( 0.000000000000000000, 1.000000000000000000, 0.000000000000000000 ) ) ;
#953 = ORIENTED_EDGE ( 'NONE', *, *, #3174, .F. ) ;
#954 = DIRECTION ( 'NONE',  ( -1.112002228190260952E-16, -1.000000000000000000, 0.000000000000000000 ) ) ;
#955 = ORIENTED_EDGE ( 'NONE', *, *, #5095, .F. ) ;
#956 = EDGE_CURVE ( 'NONE', #3499, #3700, #4152, .T. ) ;
#957 = VECTOR ( 'NONE', #1608, 1000.000000000000000 ) ;
#958 = CARTESIAN_POINT ( 'NONE',  ( -1.149999999999999023, 2.243799877109404317, 8.800000000000000711 ) ) ;
#959 = DIRECTION ( 'NONE',  ( 0.000000000000000000, -1.000000000000000000, 0.000000000000000000 ) ) ;
#960 = ORIENTED_EDGE ( 'NONE', *, *, #2114, .F. ) ;
#961 = VERTEX_POINT ( 'NONE', #5163 ) ;
#962 = LINE ( 'NONE', #1125, #1704 ) ;
#963 = CARTESIAN_POINT ( 'NONE',  ( 3.930000000000001048, 2.243799877109404317, 8.800000000000000711 ) ) ;
#964 = LINE ( 'NONE', #4766, #794 ) ;
#965 = CARTESIAN_POINT ( 'NONE',  ( 9.099999999999997868, -2.450000000000001954, 8.800000000000000711 ) ) ;
#966 = VECTOR ( 'NONE', #3140, 1000.000000000000000 ) ;
#967 = EDGE_CURVE ( 'NONE', #3105, #3012, #1969, .T. ) ;
#968 = ORIENTED_EDGE ( 'NONE', *, *, #5897, .T. ) ;
#969 = ORIENTED_EDGE ( 'NONE', *, *, #3473, .F. ) ;
#970 = LINE ( 'NONE', #2677, #3885 ) ;
#971 = PLANE ( 'NONE',  #5444 ) ;
#972 = CARTESIAN_POINT ( 'NONE',  ( 9.168629150101523351, -4.649999999999998579, 10.19999999999999929 ) ) ;
#973 = DIRECTION ( 'NONE',  ( -0.000000000000000000, -0.000000000000000000, 1.000000000000000000 ) ) ;
#974 = DIRECTION ( 'NONE',  ( -1.000000000000000000, 0.000000000000000000, 0.000000000000000000 ) ) ;
#975 = LINE ( 'NONE', #2684, #2589 ) ;
#976 = DIRECTION ( 'NONE',  ( 1.000000000000000000, 0.000000000000000000, 0.000000000000000000 ) ) ;
#977 = EDGE_CURVE ( 'NONE', #4542, #1124, #4705, .T. ) ;
#978 = ORIENTED_EDGE ( 'NONE', *, *, #888, .T. ) ;
#979 = VERTEX_POINT ( 'NONE', #3614 ) ;
#980 = ORIENTED_EDGE ( 'NONE', *, *, #3643, .T. ) ;
#981 = CARTESIAN_POINT ( 'NONE',  ( -0.000000000000000000, -2.640000000000000568, 14.69999999999999751 ) ) ;
#982 = DIRECTION ( 'NONE',  ( -1.000000000000000000, 0.000000000000000000, 0.000000000000000000 ) ) ;
#983 = CARTESIAN_POINT ( 'NONE',  ( 0.8000000000000001554, 2.243799877109404317, 8.800000000000000711 ) ) ;
#984 = VECTOR ( 'NONE', #3394, 1000.000000000000000 ) ;
#985 = ADVANCED_FACE ( 'NONE', ( #3652 ), #2005, .F. ) ;
#986 = LINE ( 'NONE', #2659, #213 ) ;
#987 = ORIENTED_EDGE ( 'NONE', *, *, #2893, .F. ) ;
#988 = AXIS2_PLACEMENT_3D ( 'NONE', #3613, #2428, #5093 ) ;
#989 = PLANE ( 'NONE',  #6620 ) ;
#990 = ORIENTED_EDGE ( 'NONE', *, *, #4898, .F. ) ;
#991 = VECTOR ( 'NONE', #6072, 1000.000000000000000 ) ;
#992 = VECTOR ( 'NONE', #6253, 1000.000000000000000 ) ;
#993 = CARTESIAN_POINT ( 'NONE',  ( 0.000000000000000000, 2.439999999999964420, 19.99999999999999645 ) ) ;
#994 = LINE ( 'NONE', #4300, #3782 ) ;
#995 = ORIENTED_EDGE ( 'NONE', *, *, #4336, .F. ) ;
#996 = ORIENTED_EDGE ( 'NONE', *, *, #6933, .F. ) ;
#997 = VECTOR ( 'NONE', #3337, 1000.000000000000000 ) ;
#998 = DIRECTION ( 'NONE',  ( -0.000000000000000000, -1.000000000000000000, -0.000000000000000000 ) ) ;
#999 = FACE_OUTER_BOUND ( 'NONE', #2116, .T. ) ;
#1000 = CARTESIAN_POINT ( 'NONE',  ( -1.150000000000062528, -2.250000000000037748, 0.000000000000000000 ) ) ;
#1001 = ORIENTED_EDGE ( 'NONE', *, *, #3656, .F. ) ;
#1002 = DIRECTION ( 'NONE',  ( 0.7071067811865425767, 5.110978055611213600E-16, 0.7071067811865525687 ) ) ;
#1003 = CARTESIAN_POINT ( 'NONE',  ( 2.240000000000053060, -2.640000000000000568, 19.99999999999999645 ) ) ;
#1004 = CARTESIAN_POINT ( 'NONE',  ( 7.499999999999999112, -1.499999999999998890, 11.19999999999999751 ) ) ;
#1005 = EDGE_CURVE ( 'NONE', #5789, #1088, #3009, .T. ) ;
#1006 = EDGE_LOOP ( 'NONE', ( #2411, #2163, #5143, #1854, #5884, #6470 ) ) ;
#1007 = PLANE ( 'NONE',  #459 ) ;
#1008 = DATE_AND_TIME ( #6911, #3723 ) ;
#1009 = CARTESIAN_POINT ( 'NONE',  ( 4.280000000000001137, -3.650000000000036326, 8.800000000000000711 ) ) ;
#1010 = DIRECTION ( 'NONE',  ( 1.000000000000000000, 0.000000000000000000, -0.000000000000000000 ) ) ;
#1011 = DIRECTION ( 'NONE',  ( -0.000000000000000000, -1.000000000000000000, -0.000000000000000000 ) ) ;
#1012 = ORIENTED_EDGE ( 'NONE', *, *, #4685, .F. ) ;
#1013 = EDGE_LOOP ( 'NONE', ( #6250, #3398, #6938, #3678 ) ) ;
#1014 = VECTOR ( 'NONE', #700, 1000.000000000000000 ) ;
#1015 = ADVANCED_FACE ( 'NONE', ( #1359 ), #5132, .F. ) ;
#1016 = EDGE_LOOP ( 'NONE', ( #266, #3240, #2878, #4828, #996, #2701 ) ) ;
#1017 = FACE_OUTER_BOUND ( 'NONE', #6139, .T. ) ;
#1018 = CARTESIAN_POINT ( 'NONE',  ( -1.739999999999999991, -3.650000000000000799, 0.000000000000000000 ) ) ;
#1019 = CARTESIAN_POINT ( 'NONE',  ( -7.300000000000002487, 2.450000000000001510, 0.000000000000000000 ) ) ;
#1020 = AXIS2_PLACEMENT_3D ( 'NONE', #5443, #2747, #4908 ) ;
#1021 = PLANE ( 'NONE',  #3630 ) ;
#1022 = ORIENTED_EDGE ( 'NONE', *, *, #3405, .T. ) ;
#1023 = CARTESIAN_POINT ( 'NONE',  ( -3.689999999999998614, 2.243799877109404317, 8.800000000000000711 ) ) ;
#1024 = ADVANCED_FACE ( 'NONE', ( #4634 ), #296, .F. ) ;
#1025 = VECTOR ( 'NONE', #1600, 1000.000000000000000 ) ;
#1026 = ORIENTED_EDGE ( 'NONE', *, *, #2861, .T. ) ;
#1027 = EDGE_CURVE ( 'NONE', #5390, #349, #4117, .T. ) ;
#1028 = VECTOR ( 'NONE', #2998, 1000.000000000000000 ) ;
#1029 = CARTESIAN_POINT ( 'NONE',  ( 0.05000000000005266204, -2.640000000000000568, 19.99999999999999645 ) ) ;
#1030 = LINE ( 'NONE', #425, #3441 ) ;
#1031 = EDGE_LOOP ( 'NONE', ( #2669, #912, #252, #1311, #2837, #2189 ) ) ;
#1032 = VERTEX_POINT ( 'NONE', #4081 ) ;
#1033 = VECTOR ( 'NONE', #228, 1000.000000000000000 ) ;
#1034 = EDGE_CURVE ( 'NONE', #5530, #3246, #1430, .T. ) ;
#1035 = VECTOR ( 'NONE', #3180, 1000.000000000000000 ) ;
#1036 = CARTESIAN_POINT ( 'NONE',  ( 3.929999999999937987, -2.250000000000037748, 8.800000000000000711 ) ) ;
#1037 = DIRECTION ( 'NONE',  ( 1.000000000000000000, 0.000000000000000000, 0.000000000000000000 ) ) ;
#1038 = DIRECTION ( 'NONE',  ( 0.000000000000000000, 1.000000000000000000, 0.000000000000000000 ) ) ;
#1039 = ORIENTED_EDGE ( 'NONE', *, *, #5364, .T. ) ;
#1040 = ORIENTED_EDGE ( 'NONE', *, *, #6723, .F. ) ;
#1041 = CARTESIAN_POINT ( 'NONE',  ( 1.389999999999937730, -2.250000000000037748, 8.800000000000000711 ) ) ;
#1042 = CARTESIAN_POINT ( 'NONE',  ( 4.280000000000001137, -3.650000000000036326, 8.800000000000000711 ) ) ;
#1043 = ORIENTED_EDGE ( 'NONE', *, *, #3089, .T. ) ;
#1044 = FACE_OUTER_BOUND ( 'NONE', #4833, .T. ) ;
#1045 = DIRECTION ( 'NONE',  ( -0.7071067811865474617, -0.000000000000000000, 0.7071067811865474617 ) ) ;
#1046 = LINE ( 'NONE', #6879, #6902 ) ;
#1047 = CARTESIAN_POINT ( 'NONE',  ( 1.389999999999937730, -2.250000000000037748, 8.800000000000000711 ) ) ;
#1048 = EDGE_LOOP ( 'NONE', ( #5403, #6389, #3549, #6992, #3410 ) ) ;
#1049 = ADVANCED_FACE ( 'NONE', ( #3545 ), #3042, .F. ) ;
#1050 = VECTOR ( 'NONE', #2111, 1000.000000000000000 ) ;
#1051 = ORIENTED_EDGE ( 'NONE', *, *, #6955, .F. ) ;
#1052 = ORIENTED_EDGE ( 'NONE', *, *, #1491, .T. ) ;
#1053 = DIRECTION ( 'NONE',  ( 1.000000000000000000, 0.000000000000000000, 0.000000000000000000 ) ) ;
#1054 = DIRECTION ( 'NONE',  ( 0.000000000000000000, -0.000000000000000000, -1.000000000000000000 ) ) ;
#1055 = CARTESIAN_POINT ( 'NONE',  ( 3.339999999999999414, 0.9499999999999997335, 1.400000000000008793 ) ) ;
#1056 = ADVANCED_FACE ( 'NONE', ( #5197 ), #905, .F. ) ;
#1057 = FACE_OUTER_BOUND ( 'NONE', #5277, .T. ) ;
#1058 = ORIENTED_EDGE ( 'NONE', *, *, #3141, .T. ) ;
#1059 = DIRECTION ( 'NONE',  ( -0.000000000000000000, 0.000000000000000000, 1.000000000000000000 ) ) ;
#1060 = VERTEX_POINT ( 'NONE', #5271 ) ;
#1061 = PLANE ( 'NONE',  #4990 ) ;
#1062 = ORIENTED_EDGE ( 'NONE', *, *, #1615, .T. ) ;
#1063 = ORIENTED_EDGE ( 'NONE', *, *, #5107, .F. ) ;
#1064 = EDGE_LOOP ( 'NONE', ( #3381, #5091, #37, #913, #4592 ) ) ;
#1065 = CLOSED_SHELL ( 'NONE', ( #4036, #2446, #5053, #3909, #1653, #787, #6521, #559, #4666, #7026, #1015, #3322, #5115, #4477, #854, #1306, #769, #5574, #4980, #1660, #2639, #2751, #2831, #3988, #3886, #1161, #1623, #3454, #6630, #4, #5728, #5895, #5485, #5413, #5509, #2643, #2665, #6987, #6739, #2253, #2441, #2158, #3738, #6310, #3857, #922, #4630, #1970, #6357, #3563, #38, #6506, #2624, #4801, #5619, #3512, #6318, #4131, #881, #5856, #2178, #4642, #5377, #1909, #5841, #6120, #1351, #6845, #5969, #946, #1721, #4961, #375, #5726, #4374, #4252, #6122, #4608, #2580, #3104, #3955, #3286, #1441, #3321, #4167, #4098, #646, #4384, #490, #5983, #6029, #840, #446, #985, #2931, #6429, #4815, #1587, #732, #1380, #248, #2984, #5400, #1056, #3631, #3840, #1870, #4287, #2595, #5200, #3824, #4213, #5711, #3600, #54, #215, #2974, #495, #3575, #6397, #4619, #3555, #1166, #5446, #2887, #5722, #3986, #5372, #4475, #5262, #3051, #5019, #5880, #4788, #928, #1179, #4216, #4175, #3295, #1588, #5746, #5932, #206, #4467, #2342, #4242, #2121, #4656, #4196, #5986, #4505, #2598, #1024, #1485, #3364, #4513, #3666, #5638, #6712, #1267, #5678, #1282, #2949, #830, #2432, #528, #4365, #3624, #5003, #4541, #6202, #1449, #3346, #5975, #2558, #5263, #3130, #6255, #1722, #2136, #5522, #5650, #3826, #6611, #2382, #504, #2863, #4675, #5376, #6248, #4407, #1226, #818, #5252, #6387, #2197, #2220, #5282, #514, #3278, #3722, #5745, #4190, #2915, #5174, #5385, #1631, #6680, #5539, #2671, #3546, #6236, #268, #314, #2156, #1049, #3779, #341, #6875, #3895, #3671, #4969, #2614, #1503 ) ) ;
#1066 = LINE ( 'NONE', #6404, #799 ) ;
#1067 = LINE ( 'NONE', #3781, #4877 ) ;
#1068 = DIRECTION ( 'NONE',  ( 0.000000000000000000, -0.000000000000000000, 1.000000000000000000 ) ) ;
#1069 = ORIENTED_EDGE ( 'NONE', *, *, #3413, .T. ) ;
#1070 = PLANE ( 'NONE',  #133 ) ;
#1071 = VECTOR ( 'NONE', #1178, 1000.000000000000000 ) ;
#1072 = EDGE_CURVE ( 'NONE', #90, #340, #405, .T. ) ;
#1073 = CARTESIAN_POINT ( 'NONE',  ( 1.150000000000000799, 2.243799877109404317, 0.000000000000000000 ) ) ;
#1074 = ORIENTED_EDGE ( 'NONE', *, *, #2318, .F. ) ;
#1075 = CARTESIAN_POINT ( 'NONE',  ( 7.499999999999999112, 1.500000000000001332, 11.19999999999999751 ) ) ;
#1076 = CARTESIAN_POINT ( 'NONE',  ( 3.340000000000000302, 2.243799877109404317, 8.800000000000000711 ) ) ;
#1077 = VECTOR ( 'NONE', #1099, 1000.000000000000000 ) ;
#1078 = PLANE ( 'NONE',  #4742 ) ;
#1079 = CARTESIAN_POINT ( 'NONE',  ( 3.689999999999937774, -3.856200122890594884, 0.000000000000000000 ) ) ;
#1080 = EDGE_CURVE ( 'NONE', #3700, #6340, #4045, .T. ) ;
#1081 = EDGE_LOOP ( 'NONE', ( #5995, #960, #5648, #153 ) ) ;
#1082 = VERTEX_POINT ( 'NONE', #512 ) ;
#1083 = ORIENTED_EDGE ( 'NONE', *, *, #1700, .F. ) ;
#1084 = CARTESIAN_POINT ( 'NONE',  ( 0.000000000000000000, -2.640000000000017888, 19.99999999999999645 ) ) ;
#1085 = LINE ( 'NONE', #5889, #311 ) ;
#1086 = PLANE ( 'NONE',  #4375 ) ;
#1087 = CARTESIAN_POINT ( 'NONE',  ( -2.239999999999947367, -2.440000000000017266, 19.99999999999999645 ) ) ;
#1088 = VERTEX_POINT ( 'NONE', #5418 ) ;
#1089 = CARTESIAN_POINT ( 'NONE',  ( 1.740000000000000213, -3.650000000000018563, 0.000000000000000000 ) ) ;
#1090 = ORIENTED_EDGE ( 'NONE', *, *, #6365, .F. ) ;
#1091 = EDGE_CURVE ( 'NONE', #569, #2265, #480, .T. ) ;
#1093 = EDGE_CURVE ( 'NONE', #5396, #3246, #2075, .T. ) ;
#1092 = DIRECTION ( 'NONE',  ( 0.000000000000000000, 0.000000000000000000, 1.000000000000000000 ) ) ;
#1094 = CARTESIAN_POINT ( 'NONE',  ( -1.739999999999999991, -3.650000000000000799, 8.800000000000000711 ) ) ;
#1095 = VERTEX_POINT ( 'NONE', #4811 ) ;
#1096 = EDGE_LOOP ( 'NONE', ( #6773, #4886, #673, #4637 ) ) ;
#1097 = EDGE_LOOP ( 'NONE', ( #3363, #2310, #5971, #6325 ) ) ;
#1098 = EDGE_CURVE ( 'NONE', #5386, #445, #2143, .T. ) ;
#1099 = DIRECTION ( 'NONE',  ( 0.000000000000000000, 1.000000000000000000, 0.000000000000000000 ) ) ;
#1100 = AXIS2_PLACEMENT_3D ( 'NONE', #2374, #6147, #5040 ) ;
#1101 = LINE ( 'NONE', #4274, #5416 ) ;
#1102 = ORIENTED_EDGE ( 'NONE', *, *, #5867, .T. ) ;
#1103 = FACE_OUTER_BOUND ( 'NONE', #310, .T. ) ;
#1104 = DIRECTION ( 'NONE',  ( -0.000000000000000000, -1.000000000000000000, -0.000000000000000000 ) ) ;
#1105 = AXIS2_PLACEMENT_3D ( 'NONE', #1147, #3329, #1646 ) ;
#1106 = EDGE_LOOP ( 'NONE', ( #12, #6972, #5524, #4256, #1262 ) ) ;
#1107 = DIRECTION ( 'NONE',  ( -1.000000000000000000, 1.112002228190260952E-16, 0.000000000000000000 ) ) ;
#1108 = EDGE_CURVE ( 'NONE', #704, #5721, #3685, .T. ) ;
#1109 = CARTESIAN_POINT ( 'NONE',  ( -2.240000000000000213, 0.000000000000000000, 19.74999999999999645 ) ) ;
#1110 = CARTESIAN_POINT ( 'NONE',  ( -9.100000000000001421, -3.750000000000001776, 0.000000000000000000 ) ) ;
#1111 = FACE_OUTER_BOUND ( 'NONE', #6596, .T. ) ;
#1112 = ORIENTED_EDGE ( 'NONE', *, *, #239, .T. ) ;
#1113 = ORIENTED_EDGE ( 'NONE', *, *, #3424, .T. ) ;
#1114 = EDGE_LOOP ( 'NONE', ( #6439, #6569, #1522, #3262, #4769 ) ) ;
#1115 = CARTESIAN_POINT ( 'NONE',  ( 0.000000000000000000, 0.000000000000000000, 8.800000000000000711 ) ) ;
#1116 = EDGE_CURVE ( 'NONE', #5102, #1900, #2648, .T. ) ;
#1117 = DIRECTION ( 'NONE',  ( -0.000000000000000000, 0.000000000000000000, -1.000000000000000000 ) ) ;
#1118 = DIRECTION ( 'NONE',  ( 0.000000000000000000, 1.000000000000000000, 0.000000000000000000 ) ) ;
#1119 = ORIENTED_EDGE ( 'NONE', *, *, #5613, .T. ) ;
#1120 = DIRECTION ( 'NONE',  ( 7.228014483236696555E-16, -1.000000000000000000, 0.000000000000000000 ) ) ;
#1121 = VECTOR ( 'NONE', #4437, 1000.000000000000000 ) ;
#1122 = EDGE_LOOP ( 'NONE', ( #1195, #4649, #5885, #3805 ) ) ;
#1123 = DIRECTION ( 'NONE',  ( -0.7071067811865475727, 0.000000000000000000, 0.7071067811865475727 ) ) ;
#1124 = VERTEX_POINT ( 'NONE', #4253 ) ;
#1125 = CARTESIAN_POINT ( 'NONE',  ( 3.690000000000000835, 3.849999999999961897, 8.800000000000000711 ) ) ;
#1126 = AXIS2_PLACEMENT_3D ( 'NONE', #5167, #1899, #1763 ) ;
#1127 = DIRECTION ( 'NONE',  ( 0.000000000000000000, -0.000000000000000000, -1.000000000000000000 ) ) ;
#1128 = EDGE_CURVE ( 'NONE', #4834, #3594, #5879, .T. ) ;
#1129 = VERTEX_POINT ( 'NONE', #4879 ) ;
#1130 = VECTOR ( 'NONE', #5852, 1000.000000000000000 ) ;
#1131 = DIRECTION ( 'NONE',  ( -0.000000000000000000, -0.000000000000000000, -1.000000000000000000 ) ) ;
#1132 = ORIENTED_EDGE ( 'NONE', *, *, #1244, .F. ) ;
#1133 = ORIENTED_EDGE ( 'NONE', *, *, #2550, .F. ) ;
#1134 = AXIS2_PLACEMENT_3D ( 'NONE', #1557, #2063, #6472 ) ;
#1135 = VECTOR ( 'NONE', #3224, 1000.000000000000000 ) ;
#1136 = LINE ( 'NONE', #5476, #3811 ) ;
#1137 = VECTOR ( 'NONE', #4502, 1000.000000000000000 ) ;
#1138 = DIRECTION ( 'NONE',  ( -0.000000000000000000, -1.000000000000000000, -0.000000000000000000 ) ) ;
#1139 = VERTEX_POINT ( 'NONE', #2038 ) ;
#1140 = FACE_OUTER_BOUND ( 'NONE', #6027, .T. ) ;
#1141 = PLANE ( 'NONE',  #4873 ) ;
#1142 = EDGE_CURVE ( 'NONE', #1202, #2802, #14, .T. ) ;
#1143 = AXIS2_PLACEMENT_3D ( 'NONE', #5161, #1890, #6734 ) ;
#1144 = ORIENTED_EDGE ( 'NONE', *, *, #5540, .T. ) ;
#1145 = DIRECTION ( 'NONE',  ( -0.7071067811865474617, -0.000000000000000000, 0.7071067811865474617 ) ) ;
#1146 = CARTESIAN_POINT ( 'NONE',  ( 1.740000000000000213, -3.650000000000018563, 8.800000000000000711 ) ) ;
#1147 = CARTESIAN_POINT ( 'NONE',  ( 2.839999999999999858, 0.000000000000000000, 19.99999999999999645 ) ) ;
#1148 = LINE ( 'NONE', #157, #1545 ) ;
#1149 = ORIENTED_EDGE ( 'NONE', *, *, #4591, .T. ) ;
#1150 = CARTESIAN_POINT ( 'NONE',  ( 2.490000000000054392, -2.440000000000000391, 19.99999999999999645 ) ) ;
#1151 = EDGE_CURVE ( 'NONE', #4270, #1410, #2610, .T. ) ;
#1152 = ORIENTED_EDGE ( 'NONE', *, *, #2202, .F. ) ;
#1153 = VERTEX_POINT ( 'NONE', #1568 ) ;
#1154 = CARTESIAN_POINT ( 'NONE',  ( 1.389999999999937730, -3.856200122890594884, 8.800000000000000711 ) ) ;
#1155 = CARTESIAN_POINT ( 'NONE',  ( 9.099999999999997868, -3.750000000000001776, 0.000000000000000000 ) ) ;
#1156 = DIRECTION ( 'NONE',  ( -1.000000000000000000, 1.112002228190260952E-16, 0.000000000000000000 ) ) ;
#1157 = EDGE_LOOP ( 'NONE', ( #5825, #5313, #2641, #3123, #3847 ) ) ;
#1158 = VECTOR ( 'NONE', #3721, 1000.000000000000114 ) ;
#1159 = EDGE_CURVE ( 'NONE', #5805, #3516, #5846, .T. ) ;
#1160 = DIRECTION ( 'NONE',  ( -0.000000000000000000, 0.000000000000000000, -1.000000000000000000 ) ) ;
#1161 = ADVANCED_FACE ( 'NONE', ( #5346 ), #3257, .T. ) ;
#1162 = ORIENTED_EDGE ( 'NONE', *, *, #1475, .F. ) ;
#1163 = DIRECTION ( 'NONE',  ( 0.000000000000000000, -0.000000000000000000, 1.000000000000000000 ) ) ;
#1164 = ORIENTED_EDGE ( 'NONE', *, *, #5144, .T. ) ;
#1165 = CARTESIAN_POINT ( 'NONE',  ( 7.800000000000001599, -0.9500000000000007327, 1.400000000000008793 ) ) ;
#1166 = ADVANCED_FACE ( 'NONE', ( #2181 ), #7022, .F. ) ;
#1167 = DIRECTION ( 'NONE',  ( -0.000000000000000000, -0.000000000000000000, -1.000000000000000000 ) ) ;
#1168 = VERTEX_POINT ( 'NONE', #5382 ) ;
#1169 = LINE ( 'NONE', #4482, #5253 ) ;
#1170 = ORIENTED_EDGE ( 'NONE', *, *, #4910, .F. ) ;
#1171 = ORIENTED_EDGE ( 'NONE', *, *, #1782, .T. ) ;
#1172 = DIRECTION ( 'NONE',  ( -0.000000000000000000, -1.000000000000000000, -0.000000000000000000 ) ) ;
#1173 = EDGE_CURVE ( 'NONE', #6488, #3194, #4777, .T. ) ;
#1174 = VERTEX_POINT ( 'NONE', #3791 ) ;
#1175 = CARTESIAN_POINT ( 'NONE',  ( -8.700000000000001066, 2.949999999999999289, 10.19999999999999929 ) ) ;
#1176 = CARTESIAN_POINT ( 'NONE',  ( -1.908195823574487804E-15, 2.640000000000000124, 14.69999999999999751 ) ) ;
#1177 = DIRECTION ( 'NONE',  ( 1.000000000000000000, 0.000000000000000000, 0.000000000000000000 ) ) ;
#1178 = DIRECTION ( 'NONE',  ( 0.000000000000000000, 1.000000000000000000, 0.000000000000000000 ) ) ;
#1179 = ADVANCED_FACE ( 'NONE', ( #5951 ), #5308, .F. ) ;
#1180 = LINE ( 'NONE', #3359, #6587 ) ;
#1181 = CARTESIAN_POINT ( 'NONE',  ( 9.499999999999998224, -4.649999999999998579, 0.000000000000000000 ) ) ;
#1182 = VERTEX_POINT ( 'NONE', #4351 ) ;
#1183 = DIRECTION ( 'NONE',  ( 6.672013369141568175E-16, -1.000000000000000000, -0.000000000000000000 ) ) ;
#1184 = CARTESIAN_POINT ( 'NONE',  ( 0.02500000000002633102, -2.640000000000000568, 20.02500000000002345 ) ) ;
#1185 = VECTOR ( 'NONE', #3266, 1000.000000000000000 ) ;
#1186 = ORIENTED_EDGE ( 'NONE', *, *, #517, .T. ) ;
#1187 = DIRECTION ( 'NONE',  ( -0.000000000000000000, -0.000000000000000000, -1.000000000000000000 ) ) ;
#1188 = EDGE_CURVE ( 'NONE', #3203, #3726, #1535, .T. ) ;
#1189 = CARTESIAN_POINT ( 'NONE',  ( -3.689999999999998614, 2.243799877109404317, 8.800000000000000711 ) ) ;
#1190 = LINE ( 'NONE', #836, #2638 ) ;
#1191 = ORIENTED_EDGE ( 'NONE', *, *, #5701, .F. ) ;
#1192 = CARTESIAN_POINT ( 'NONE',  ( -8.700000000000002842, -4.650000000000001243, 10.19999999999999929 ) ) ;
#1193 = ORIENTED_EDGE ( 'NONE', *, *, #775, .T. ) ;
#1194 = LINE ( 'NONE', #3372, #1270 ) ;
#1195 = ORIENTED_EDGE ( 'NONE', *, *, #6375, .F. ) ;
#1196 = DIRECTION ( 'NONE',  ( 0.000000000000000000, 0.000000000000000000, -1.000000000000000000 ) ) ;
#1197 = EDGE_CURVE ( 'NONE', #193, #5362, #3719, .T. ) ;
#1198 = FACE_OUTER_BOUND ( 'NONE', #5849, .T. ) ;
#1199 = ORIENTED_EDGE ( 'NONE', *, *, #4952, .T. ) ;
#1200 = CARTESIAN_POINT ( 'NONE',  ( -5.879999999999999893, 0.9499999999999990674, 8.800000000000000711 ) ) ;
#1201 = EDGE_LOOP ( 'NONE', ( #6979, #4266, #2362, #5338 ) ) ;
#1202 = VERTEX_POINT ( 'NONE', #5450 ) ;
#1203 = EDGE_CURVE ( 'NONE', #1737, #1632, #581, .T. ) ;
#1204 = CARTESIAN_POINT ( 'NONE',  ( -3.690000000000062119, -2.250000000000037748, 0.000000000000000000 ) ) ;
#1205 = ORIENTED_EDGE ( 'NONE', *, *, #5323, .T. ) ;
#1206 = CARTESIAN_POINT ( 'NONE',  ( -0.2999999999999470868, -2.640000000000000568, 14.69999999999999751 ) ) ;
#1207 = VECTOR ( 'NONE', #2602, 1000.000000000000000 ) ;
#1208 = DIRECTION ( 'NONE',  ( 0.000000000000000000, -0.000000000000000000, -1.000000000000000000 ) ) ;
#1209 = ORIENTED_EDGE ( 'NONE', *, *, #720, .F. ) ;
#1210 = CARTESIAN_POINT ( 'NONE',  ( 0.04999999999999975298, 0.000000000000000000, 19.99999999999999645 ) ) ;
#1211 = CARTESIAN_POINT ( 'NONE',  ( 7.500000000000000000, 3.749999999999999112, 14.69999999999999751 ) ) ;
#1212 = FACE_OUTER_BOUND ( 'NONE', #1273, .T. ) ;
#1213 = LINE ( 'NONE', #725, #2454 ) ;
#1214 = ORIENTED_EDGE ( 'NONE', *, *, #2886, .F. ) ;
#1215 = DIRECTION ( 'NONE',  ( -1.000000000000000000, -0.000000000000000000, -0.000000000000000000 ) ) ;
#1216 = VECTOR ( 'NONE', #2803, 1000.000000000000000 ) ;
#1217 = CARTESIAN_POINT ( 'NONE',  ( 3.930000000000001048, 3.849999999999961897, 0.000000000000000000 ) ) ;
#1218 = EDGE_CURVE ( 'NONE', #3587, #4214, #3858, .T. ) ;
#1219 = ORIENTED_EDGE ( 'NONE', *, *, #6459, .T. ) ;
#1220 = DIRECTION ( 'NONE',  ( -0.000000000000000000, 0.000000000000000000, -1.000000000000000000 ) ) ;
#1221 = PLANE ( 'NONE',  #2584 ) ;
#1222 = DIRECTION ( 'NONE',  ( -1.000000000000000000, 0.000000000000000000, 0.000000000000000000 ) ) ;
#1223 = ORIENTED_EDGE ( 'NONE', *, *, #5288, .T. ) ;
#1224 = FACE_OUTER_BOUND ( 'NONE', #4652, .T. ) ;
#1225 = VERTEX_POINT ( 'NONE', #1784 ) ;
#1226 = ADVANCED_FACE ( 'NONE', ( #3429 ), #4525, .F. ) ;
#1227 = CARTESIAN_POINT ( 'NONE',  ( -7.799999999999998046, -0.9499999999999990674, 8.800000000000000711 ) ) ;
#1228 = ORIENTED_EDGE ( 'NONE', *, *, #3801, .F. ) ;
#1229 = CARTESIAN_POINT ( 'NONE',  ( -3.340000000000000302, -2.250000000000037748, 8.800000000000000711 ) ) ;
#1230 = AXIS2_PLACEMENT_3D ( 'NONE', #5074, #2377, #4546 ) ;
#1231 = DIRECTION ( 'NONE',  ( -1.000000000000000000, 0.000000000000000000, 0.000000000000000000 ) ) ;
#1232 = VERTEX_POINT ( 'NONE', #685 ) ;
#1233 = EDGE_CURVE ( 'NONE', #3445, #2258, #6125, .T. ) ;
#1234 = EDGE_CURVE ( 'NONE', #2422, #2062, #615, .T. ) ;
#1235 = CARTESIAN_POINT ( 'NONE',  ( -1.739999999999999991, -2.250000000000037748, 8.800000000000000711 ) ) ;
#1236 = ORIENTED_EDGE ( 'NONE', *, *, #2064, .T. ) ;
#1237 = ORIENTED_EDGE ( 'NONE', *, *, #2090, .F. ) ;
#1238 = VECTOR ( 'NONE', #5548, 1000.000000000000000 ) ;
#1239 = DIRECTION ( 'NONE',  ( -8.762697138485634765E-17, -0.7880107536067236795, 0.6156614753256562933 ) ) ;
#1240 = VECTOR ( 'NONE', #5080, 1000.000000000000000 ) ;
#1241 = ORIENTED_EDGE ( 'NONE', *, *, #4761, .F. ) ;
#1242 = CARTESIAN_POINT ( 'NONE',  ( -3.690000000000062119, -2.250000000000037748, 8.800000000000000711 ) ) ;
#1243 = DIRECTION ( 'NONE',  ( -1.000000000000000000, 0.000000000000000000, 0.000000000000000000 ) ) ;
#1244 = EDGE_CURVE ( 'NONE', #426, #2097, #6162, .T. ) ;
#1245 = ORIENTED_EDGE ( 'NONE', *, *, #2993, .T. ) ;
#1246 = VECTOR ( 'NONE', #5486, 1000.000000000000000 ) ;
#1247 = DIRECTION ( 'NONE',  ( -1.000000000000000000, 1.112002228190260952E-16, -0.000000000000000000 ) ) ;
#1248 = CARTESIAN_POINT ( 'NONE',  ( -1.150000000000062528, -2.250000000000037748, 8.800000000000000711 ) ) ;
#1249 = CARTESIAN_POINT ( 'NONE',  ( -7.799999999999998046, 0.9500000000000009548, 8.800000000000000711 ) ) ;
#1250 = DIRECTION ( 'NONE',  ( 0.000000000000000000, 1.000000000000000000, 0.000000000000000000 ) ) ;
#1251 = ORIENTED_EDGE ( 'NONE', *, *, #306, .F. ) ;
#1252 = CARTESIAN_POINT ( 'NONE',  ( -3.689999999999998614, 2.243799877109404317, 8.800000000000000711 ) ) ;
#1253 = VECTOR ( 'NONE', #1783, 1000.000000000000000 ) ;
#1254 = LINE ( 'NONE', #5596, #5042 ) ;
#1255 = ORIENTED_EDGE ( 'NONE', *, *, #4577, .F. ) ;
#1256 = DIRECTION ( 'NONE',  ( -1.000000000000000000, 0.000000000000000000, 0.000000000000000000 ) ) ;
#1257 = CARTESIAN_POINT ( 'NONE',  ( -1.908195823574465716E-15, 2.639999999999968150, 14.69999999999999751 ) ) ;
#1258 = LINE ( 'NONE', #2762, #89 ) ;
#1259 = VECTOR ( 'NONE', #4310, 1000.000000000000000 ) ;
#1260 = FACE_OUTER_BOUND ( 'NONE', #1532, .T. ) ;
#1261 = EDGE_CURVE ( 'NONE', #6534, #6937, #6692, .T. ) ;
#1262 = ORIENTED_EDGE ( 'NONE', *, *, #2718, .F. ) ;
#1263 = CARTESIAN_POINT ( 'NONE',  ( 3.690000000000000835, 2.243799877109404317, 0.000000000000000000 ) ) ;
#1264 = EDGE_LOOP ( 'NONE', ( #4159, #1858, #5659, #3704, #3036, #5075, #3659, #5202 ) ) ;
#1265 = ORIENTED_EDGE ( 'NONE', *, *, #1233, .T. ) ;
#1266 = CARTESIAN_POINT ( 'NONE',  ( -1.908195823574487015E-15, 2.639999999999998348, 19.99999999999999645 ) ) ;
#1267 = ADVANCED_FACE ( 'NONE', ( #1818 ), #5589, .F. ) ;
#1268 = FACE_OUTER_BOUND ( 'NONE', #3435, .T. ) ;
#1269 = VERTEX_POINT ( 'NONE', #120 ) ;
#1270 = VECTOR ( 'NONE', #2836, 1000.000000000000000 ) ;
#1271 = DIRECTION ( 'NONE',  ( 7.228014483236698528E-16, -1.000000000000000000, 0.000000000000000000 ) ) ;
#1272 = VECTOR ( 'NONE', #5097, 1000.000000000000114 ) ;
#1273 = EDGE_LOOP ( 'NONE', ( #4602, #3785, #6146, #4448 ) ) ;
#1274 = EDGE_CURVE ( 'NONE', #4416, #2613, #4947, .T. ) ;
#1275 = CARTESIAN_POINT ( 'NONE',  ( 3.930000000000001048, 2.243799877109404317, 8.800000000000000711 ) ) ;
#1276 = DIRECTION ( 'NONE',  ( -1.000000000000000000, 1.112002228190260952E-16, -0.000000000000000000 ) ) ;
#1277 = DESIGN_CONTEXT ( 'detailed design', #325, 'design' ) ;
#1278 = VERTEX_POINT ( 'NONE', #6659 ) ;
#1279 = VECTOR ( 'NONE', #143, 1000.000000000000000 ) ;
#1280 = DIRECTION ( 'NONE',  ( -0.7071067811865475727, -0.000000000000000000, -0.7071067811865475727 ) ) ;
#1281 = DIRECTION ( 'NONE',  ( 0.000000000000000000, 1.000000000000000000, 0.000000000000000000 ) ) ;
#1282 = ADVANCED_FACE ( 'NONE', ( #2821 ), #649, .F. ) ;
#1283 = CARTESIAN_POINT ( 'NONE',  ( 0.2999999999999999889, 2.439999999999999947, 19.99999999999999645 ) ) ;
#1284 = CARTESIAN_POINT ( 'NONE',  ( -2.839999999999947011, 0.000000000000000000, 19.99999999999999645 ) ) ;
#1285 = EDGE_CURVE ( 'NONE', #2258, #827, #4984, .T. ) ;
#1286 = ORIENTED_EDGE ( 'NONE', *, *, #6622, .T. ) ;
#1287 = LINE ( 'NONE', #1150, #4447 ) ;
#1288 = PLANE ( 'NONE',  #5955 ) ;
#1289 = ORIENTED_EDGE ( 'NONE', *, *, #6111, .F. ) ;
#1290 = LINE ( 'NONE', #796, #2854 ) ;
#1291 = FACE_OUTER_BOUND ( 'NONE', #4051, .T. ) ;
#1292 = EDGE_CURVE ( 'NONE', #6184, #1340, #4421, .T. ) ;
#1293 = DIRECTION ( 'NONE',  ( -1.000000000000000000, 0.000000000000000000, 0.000000000000000000 ) ) ;
#1294 = CARTESIAN_POINT ( 'NONE',  ( 6.229999999999938254, -2.250000000000037748, 0.000000000000000000 ) ) ;
#1295 = VECTOR ( 'NONE', #2109, 1000.000000000000000 ) ;
#1296 = ORIENTED_EDGE ( 'NONE', *, *, #2499, .F. ) ;
#1297 = CARTESIAN_POINT ( 'NONE',  ( -1.150000000000062528, -2.250000000000037748, 8.800000000000000711 ) ) ;
#1298 = ORIENTED_EDGE ( 'NONE', *, *, #1961, .F. ) ;
#1299 = ORIENTED_EDGE ( 'NONE', *, *, #3447, .T. ) ;
#1300 = DIRECTION ( 'NONE',  ( 0.7071067811865474617, 5.110978055611248113E-16, -0.7071067811865474617 ) ) ;
#1301 = CARTESIAN_POINT ( 'NONE',  ( -4.779999999999947846, -2.640000000000036096, 19.99999999999999645 ) ) ;
#1302 = VECTOR ( 'NONE', #524, 1000.000000000000000 ) ;
#1303 = CARTESIAN_POINT ( 'NONE',  ( -9.500000000000001776, -3.418629150101524239, 11.43137084989847807 ) ) ;
#1304 = VERTEX_POINT ( 'NONE', #47 ) ;
#1305 = CARTESIAN_POINT ( 'NONE',  ( 2.240000000000053060, -2.640000000000000568, 19.74999999999999289 ) ) ;
#1306 = ADVANCED_FACE ( 'NONE', ( #1715 ), #3461, .F. ) ;
#1307 = ORIENTED_EDGE ( 'NONE', *, *, #6295, .F. ) ;
#1308 = DIRECTION ( 'NONE',  ( -1.000000000000000000, -0.000000000000000000, -0.000000000000000000 ) ) ;
#1309 = DIRECTION ( 'NONE',  ( 0.000000000000000000, -0.000000000000000000, -1.000000000000000000 ) ) ;
#1310 = EDGE_CURVE ( 'NONE', #2764, #6286, #6055, .T. ) ;
#1311 = ORIENTED_EDGE ( 'NONE', *, *, #1989, .T. ) ;
#1312 = FACE_OUTER_BOUND ( 'NONE', #3332, .T. ) ;
#1313 = DIRECTION ( 'NONE',  ( 0.000000000000000000, 1.000000000000000000, 0.000000000000000000 ) ) ;
#1314 = CARTESIAN_POINT ( 'NONE',  ( 1.763635533909765646E-15, -2.440000000000015490, 14.69999999999999751 ) ) ;
#1315 = CARTESIAN_POINT ( 'NONE',  ( -3.340000000000000302, -0.9499999999999995115, 1.400000000000008793 ) ) ;
#1316 = VECTOR ( 'NONE', #1138, 1000.000000000000000 ) ;
#1317 = ORIENTED_EDGE ( 'NONE', *, *, #2375, .T. ) ;
#1318 = DIRECTION ( 'NONE',  ( 0.000000000000000000, -1.000000000000000000, 0.000000000000000000 ) ) ;
#1319 = CARTESIAN_POINT ( 'NONE',  ( 0.3000000000000528910, -2.640000000000000568, 19.99999999999999645 ) ) ;
#1320 = ORIENTED_EDGE ( 'NONE', *, *, #2710, .F. ) ;
#1321 = LINE ( 'NONE', #730, #5006 ) ;
#1322 = DIRECTION ( 'NONE',  ( -0.000000000000000000, -0.000000000000000000, -1.000000000000000000 ) ) ;
#1323 = DIRECTION ( 'NONE',  ( 1.000000000000000000, 0.000000000000000000, 0.000000000000000000 ) ) ;
#1324 = LINE ( 'NONE', #6243, #6786 ) ;
#1325 = CARTESIAN_POINT ( 'NONE',  ( 1.389999999999937730, -3.856200122890594884, 8.800000000000000711 ) ) ;
#1326 = VECTOR ( 'NONE', #3699, 1000.000000000000000 ) ;
#1327 = AXIS2_PLACEMENT_3D ( 'NONE', #3312, #140, #1695 ) ;
#1328 = ORIENTED_EDGE ( 'NONE', *, *, #550, .F. ) ;
#1329 = DIRECTION ( 'NONE',  ( 0.000000000000000000, 0.000000000000000000, -1.000000000000000000 ) ) ;
#1330 = ORIENTED_EDGE ( 'NONE', *, *, #2700, .F. ) ;
#1331 = EDGE_CURVE ( 'NONE', #6249, #518, #6625, .T. ) ;
#1332 = EDGE_CURVE ( 'NONE', #1496, #409, #4387, .T. ) ;
#1333 = VECTOR ( 'NONE', #2077, 1000.000000000000000 ) ;
#1334 = ORIENTED_EDGE ( 'NONE', *, *, #2051, .F. ) ;
#1335 = DIRECTION ( 'NONE',  ( -1.000000000000000000, -7.228014483236698528E-16, 0.000000000000000000 ) ) ;
#1336 = DIRECTION ( 'NONE',  ( -1.000000000000000000, 2.409338161078899674E-16, -0.000000000000000000 ) ) ;
#1337 = CARTESIAN_POINT ( 'NONE',  ( -8.700000000000001066, -3.750000000000000000, 11.09999999999999964 ) ) ;
#1338 = ORIENTED_EDGE ( 'NONE', *, *, #4268, .F. ) ;
#1339 = CARTESIAN_POINT ( 'NONE',  ( -2.839999999999947011, -2.640000000000017888, 19.99999999999999645 ) ) ;
#1340 = VERTEX_POINT ( 'NONE', #5553 ) ;
#1341 = EDGE_CURVE ( 'NONE', #2305, #166, #2896, .T. ) ;
#1342 = LINE ( 'NONE', #5689, #5327 ) ;
#1343 = PLANE ( 'NONE',  #129 ) ;
#1344 = VECTOR ( 'NONE', #3513, 1000.000000000000000 ) ;
#1345 = ORIENTED_EDGE ( 'NONE', *, *, #1520, .T. ) ;
#1346 = LINE ( 'NONE', #3998, #3878 ) ;
#1347 = DIRECTION ( 'NONE',  ( -0.000000000000000000, -0.000000000000000000, -1.000000000000000000 ) ) ;
#1348 = VECTOR ( 'NONE', #5978, 1000.000000000000000 ) ;
#1349 = DIRECTION ( 'NONE',  ( 1.334402673828313241E-15, 1.000000000000000000, 0.000000000000000000 ) ) ;
#1350 = DIRECTION ( 'NONE',  ( -0.7071067811865475727, 0.000000000000000000, 0.7071067811865475727 ) ) ;
#1351 = ADVANCED_FACE ( 'NONE', ( #3496 ), #3568, .T. ) ;
#1352 = ORIENTED_EDGE ( 'NONE', *, *, #2424, .T. ) ;
#1353 = CARTESIAN_POINT ( 'NONE',  ( -9.100000000000001421, 3.750000000000001776, 0.000000000000000000 ) ) ;
#1354 = DIRECTION ( 'NONE',  ( 1.000000000000000000, 0.000000000000000000, 0.000000000000000000 ) ) ;
#1355 = VECTOR ( 'NONE', #3290, 1000.000000000000000 ) ;
#1356 = ORIENTED_EDGE ( 'NONE', *, *, #865, .T. ) ;
#1357 = CARTESIAN_POINT ( 'NONE',  ( 1.740000000000000213, -2.250000000000037748, 0.000000000000000000 ) ) ;
#1358 = CARTESIAN_POINT ( 'NONE',  ( -7.500000000000000000, -3.749999999999999112, 14.69999999999999751 ) ) ;
#1359 = FACE_OUTER_BOUND ( 'NONE', #5580, .T. ) ;
#1360 = CARTESIAN_POINT ( 'NONE',  ( 4.780000000000000249, 2.439999999999999947, 14.69999999999999751 ) ) ;
#1361 = AXIS2_PLACEMENT_3D ( 'NONE', #4727, #893, #3139 ) ;
#1362 = PLANE ( 'NONE',  #1613 ) ;
#1363 = ORIENTED_EDGE ( 'NONE', *, *, #6853, .F. ) ;
#1364 = VECTOR ( 'NONE', #1187, 1000.000000000000000 ) ;
#1365 = LINE ( 'NONE', #838, #447 ) ;
#1366 = ORIENTED_EDGE ( 'NONE', *, *, #5305, .T. ) ;
#1367 = VECTOR ( 'NONE', #3543, 1000.000000000000000 ) ;
#1368 = EDGE_LOOP ( 'NONE', ( #5697, #595, #1865, #124, #693, #4309, #638, #1586, #3223, #336, #5508, #2981, #5782, #3923, #3279, #671, #2592, #969, #1237, #3627, #6454, #5892, #2020, #2916, #766, #4227, #1170, #1214, #1943, #1436, #2130, #4861, #6555, #1857, #100, #609, #374, #5150, #6292, #4257, #284, #2399, #4528, #566, #68, #1352, #5749, #5166, #2941, #3667, #3747, #75, #674, #1289, #5747, #3326, #3277, #5119, #3442, #5977, #3172, #2732, #2567, #1286, #2711, #2810, #3408, #2361, #5475, #1320, #4484, #5204, #6891, #137, #4950, #4916, #3980, #3018, #4784, #3086, #6390, #2043, #575, #6889 ) ) ;
#1369 = VECTOR ( 'NONE', #6763, 1000.000000000000000 ) ;
#1370 = EDGE_LOOP ( 'NONE', ( #1043, #3657, #172, #2106 ) ) ;
#1371 = DIRECTION ( 'NONE',  ( 0.000000000000000000, 1.000000000000000000, 0.000000000000000000 ) ) ;
#1372 = LINE ( 'NONE', #3020, #4620 ) ;
#1373 = DIRECTION ( 'NONE',  ( 1.000000000000000000, -1.112002228190260952E-16, 0.000000000000000000 ) ) ;
#1374 = EDGE_CURVE ( 'NONE', #4876, #1153, #1421, .T. ) ;
#1375 = EDGE_CURVE ( 'NONE', #3194, #5388, #1881, .T. ) ;
#1376 = DIRECTION ( 'NONE',  ( -0.7071067811865474617, -0.000000000000000000, 0.7071067811865474617 ) ) ;
#1377 = ORIENTED_EDGE ( 'NONE', *, *, #6142, .T. ) ;
#1378 = CARTESIAN_POINT ( 'NONE',  ( -9.100000000000001421, -2.450000000000001954, 0.000000000000000000 ) ) ;
#1379 = ORIENTED_EDGE ( 'NONE', *, *, #2135, .T. ) ;
#1380 = ADVANCED_FACE ( 'NONE', ( #4660 ), #5766, .F. ) ;
#1381 = CARTESIAN_POINT ( 'NONE',  ( 7.500000000000000000, -2.100000000000000089, 14.69999999999999751 ) ) ;
#1382 = VECTOR ( 'NONE', #3402, 1000.000000000000000 ) ;
#1383 = CARTESIAN_POINT ( 'NONE',  ( -1.149999999999999023, 3.849999999999961897, 8.800000000000000711 ) ) ;
#1384 = ORIENTED_EDGE ( 'NONE', *, *, #112, .T. ) ;
#1385 = DIRECTION ( 'NONE',  ( 0.000000000000000000, -0.000000000000000000, -1.000000000000000000 ) ) ;
#1386 = LINE ( 'NONE', #4070, #4771 ) ;
#1387 = CARTESIAN_POINT ( 'NONE',  ( 3.929999999999937987, -3.856200122890594884, 0.000000000000000000 ) ) ;
#1388 = DIRECTION ( 'NONE',  ( -0.000000000000000000, -1.000000000000000000, -0.000000000000000000 ) ) ;
#1389 = ORIENTED_EDGE ( 'NONE', *, *, #3501, .F. ) ;
#1390 = DIRECTION ( 'NONE',  ( -0.7071067811865524577, 0.000000000000000000, 0.7071067811865425767 ) ) ;
#1391 = DIRECTION ( 'NONE',  ( -0.000000000000000000, -0.6156614753256562933, 0.7880107536067235685 ) ) ;
#1392 = EDGE_CURVE ( 'NONE', #3954, #4377, #2966, .T. ) ;
#1393 = ORIENTED_EDGE ( 'NONE', *, *, #6874, .T. ) ;
#1394 = LINE ( 'NONE', #6203, #6486 ) ;
#1395 = CARTESIAN_POINT ( 'NONE',  ( -2.589999999999947011, -2.440000000000017266, 19.99999999999999645 ) ) ;
#1396 = CARTESIAN_POINT ( 'NONE',  ( -5.379999999999947491, -2.640000000000036096, 19.99999999999999645 ) ) ;
#1397 = PLANE ( 'NONE',  #1556 ) ;
#1398 = CARTESIAN_POINT ( 'NONE',  ( 9.099999999999997868, -2.450000000000001954, 0.000000000000000000 ) ) ;
#1399 = ORIENTED_EDGE ( 'NONE', *, *, #3533, .T. ) ;
#1400 = ORIENTED_EDGE ( 'NONE', *, *, #6874, .F. ) ;
#1401 = EDGE_CURVE ( 'NONE', #4412, #841, #1386, .T. ) ;
#1402 = ORIENTED_EDGE ( 'NONE', *, *, #3260, .F. ) ;
#1403 = ORIENTED_EDGE ( 'NONE', *, *, #1700, .T. ) ;
#1404 = DIRECTION ( 'NONE',  ( -0.000000000000000000, 0.000000000000000000, 1.000000000000000000 ) ) ;
#1405 = VECTOR ( 'NONE', #3648, 1000.000000000000000 ) ;
#1406 = DIRECTION ( 'NONE',  ( -8.762697138485634765E-17, -0.7880107536067236795, 0.6156614753256562933 ) ) ;
#1407 = PLANE ( 'NONE',  #4710 ) ;
#1408 = VECTOR ( 'NONE', #3603, 1000.000000000000114 ) ;
#1409 = PLANE ( 'NONE',  #2950 ) ;
#1410 = VERTEX_POINT ( 'NONE', #5186 ) ;
#1411 = DIRECTION ( 'NONE',  ( 0.000000000000000000, 1.000000000000000000, 0.000000000000000000 ) ) ;
#1412 = ORIENTED_EDGE ( 'NONE', *, *, #4910, .T. ) ;
#1413 = EDGE_CURVE ( 'NONE', #5544, #349, #5730, .T. ) ;
#1414 = VECTOR ( 'NONE', #917, 1000.000000000000000 ) ;
#1415 = DIRECTION ( 'NONE',  ( 0.000000000000000000, -0.000000000000000000, 1.000000000000000000 ) ) ;
#1416 = CARTESIAN_POINT ( 'NONE',  ( 3.689999999999937774, -2.250000000000037748, 0.000000000000000000 ) ) ;
#1417 = ORIENTED_EDGE ( 'NONE', *, *, #5417, .F. ) ;
#1418 = EDGE_CURVE ( 'NONE', #4174, #6350, #5655, .T. ) ;
#1419 = VECTOR ( 'NONE', #6186, 1000.000000000000000 ) ;
#1420 = DIRECTION ( 'NONE',  ( -1.000000000000000000, -7.228014483236698528E-16, 0.000000000000000000 ) ) ;
#1421 = LINE ( 'NONE', #4177, #1408 ) ;
#1422 = CARTESIAN_POINT ( 'NONE',  ( 4.780000000000000249, 0.000000000000000000, 14.69999999999999751 ) ) ;
#1423 = FACE_BOUND ( 'NONE', #1654, .T. ) ;
#1424 = EDGE_LOOP ( 'NONE', ( #2992, #1767, #53, #1723 ) ) ;
#1425 = VERTEX_POINT ( 'NONE', #320 ) ;
#1426 = LINE ( 'NONE', #5192, #1829 ) ;
#1427 = CARTESIAN_POINT ( 'NONE',  ( 5.379999999999999893, 0.000000000000000000, 14.69999999999999751 ) ) ;
#1428 = LINE ( 'NONE', #6950, #578 ) ;
#1429 = DIRECTION ( 'NONE',  ( 0.000000000000000000, -0.000000000000000000, -1.000000000000000000 ) ) ;
#1430 = LINE ( 'NONE', #1396, #52 ) ;
#1431 = DIRECTION ( 'NONE',  ( 0.000000000000000000, 0.000000000000000000, 1.000000000000000000 ) ) ;
#1432 = CARTESIAN_POINT ( 'NONE',  ( 3.930000000000001048, 2.243799877109404317, 0.000000000000000000 ) ) ;
#1433 = ORIENTED_EDGE ( 'NONE', *, *, #4891, .T. ) ;
#1434 = EDGE_CURVE ( 'NONE', #1821, #5205, #5694, .T. ) ;
#1435 = VECTOR ( 'NONE', #2030, 1000.000000000000000 ) ;
#1436 = ORIENTED_EDGE ( 'NONE', *, *, #5658, .T. ) ;
#1437 = ORIENTED_EDGE ( 'NONE', *, *, #2024, .F. ) ;
#1438 = FACE_OUTER_BOUND ( 'NONE', #2276, .T. ) ;
#1439 = CARTESIAN_POINT ( 'NONE',  ( -5.379999999999947491, -2.640000000000036096, 19.74999999999999289 ) ) ;
#1440 = CARTESIAN_POINT ( 'NONE',  ( 9.500000000000001776, -3.418629150101522018, 11.43137084989848162 ) ) ;
#1441 = ADVANCED_FACE ( 'NONE', ( #254 ), #1995, .F. ) ;
#1442 = CARTESIAN_POINT ( 'NONE',  ( 5.030000000000057092, -2.640000000000000568, 19.99999999999999645 ) ) ;
#1443 = ORIENTED_EDGE ( 'NONE', *, *, #4136, .T. ) ;
#1444 = AXIS2_PLACEMENT_3D ( 'NONE', #1266, #4018, #6074 ) ;
#1445 = CARTESIAN_POINT ( 'NONE',  ( 9.499999999999998224, 3.850000000000001421, 10.99999999999999822 ) ) ;
#1446 = VERTEX_POINT ( 'NONE', #859 ) ;
#1447 = CC_DESIGN_APPROVAL ( #1981, ( #99 ) ) ;
#1448 = FACE_OUTER_BOUND ( 'NONE', #6508, .T. ) ;
#1449 = ADVANCED_FACE ( 'NONE', ( #2490 ), #4141, .F. ) ;
#1450 = LINE ( 'NONE', #6226, #2626 ) ;
#1451 = DIRECTION ( 'NONE',  ( 1.000000000000000000, 0.000000000000000000, 0.000000000000000000 ) ) ;
#1452 = ORIENTED_EDGE ( 'NONE', *, *, #4870, .T. ) ;
#1453 = CYLINDRICAL_SURFACE ( 'NONE', #126, 0.8000000000000003775 ) ;
#1454 = DIRECTION ( 'NONE',  ( 1.000000000000000000, 7.228014483236696555E-16, 0.000000000000000000 ) ) ;
#1455 = LINE ( 'NONE', #3176, #2727 ) ;
#1456 = FACE_BOUND ( 'NONE', #271, .T. ) ;
#1457 = EDGE_CURVE ( 'NONE', #5823, #1225, #752, .T. ) ;
#1458 = ORIENTED_EDGE ( 'NONE', *, *, #6579, .T. ) ;
#1459 = PLANE ( 'NONE',  #2171 ) ;
#1460 = EDGE_CURVE ( 'NONE', #3478, #5129, #2451, .T. ) ;
#1461 = VECTOR ( 'NONE', #4717, 1000.000000000000114 ) ;
#1462 = CARTESIAN_POINT ( 'NONE',  ( -2.240000000000000213, 2.439999999999982183, 14.69999999999999751 ) ) ;
#1463 = LINE ( 'NONE', #2073, #2396 ) ;
#1464 = COORDINATED_UNIVERSAL_TIME_OFFSET ( 4, 0, .AHEAD. ) ;
#1465 = AXIS2_PLACEMENT_3D ( 'NONE', #2335, #4507, #4050 ) ;
#1466 = DIRECTION ( 'NONE',  ( 0.000000000000000000, -1.000000000000000000, 0.000000000000000000 ) ) ;
#1467 = LINE ( 'NONE', #1570, #6224 ) ;
#1468 = LINE ( 'NONE', #4154, #711 ) ;
#1469 = ORIENTED_EDGE ( 'NONE', *, *, #6898, .T. ) ;
#1470 = AXIS2_PLACEMENT_3D ( 'NONE', #3640, #4178, #3214 ) ;
#1471 = ORIENTED_EDGE ( 'NONE', *, *, #6543, .F. ) ;
#1472 = VECTOR ( 'NONE', #6267, 1000.000000000000000 ) ;
#1473 = ORIENTED_EDGE ( 'NONE', *, *, #2278, .F. ) ;
#1474 = LINE ( 'NONE', #412, #4442 ) ;
#1475 = EDGE_CURVE ( 'NONE', #1693, #4416, #1960, .T. ) ;
#1476 = CARTESIAN_POINT ( 'NONE',  ( -2.489999999999947367, -2.440000000000017266, 19.99999999999999645 ) ) ;
#1477 = VECTOR ( 'NONE', #2794, 1000.000000000000000 ) ;
#1478 = CARTESIAN_POINT ( 'NONE',  ( -3.690000000000062119, -3.856200122890594884, 8.800000000000000711 ) ) ;
#1479 = DIRECTION ( 'NONE',  ( 0.000000000000000000, 0.000000000000000000, -1.000000000000000000 ) ) ;
#1480 = VECTOR ( 'NONE', #4597, 1000.000000000000000 ) ;
#1481 = ORIENTED_EDGE ( 'NONE', *, *, #2366, .F. ) ;
#1482 = CARTESIAN_POINT ( 'NONE',  ( 1.389999999999937730, -2.250000000000037748, 0.000000000000000000 ) ) ;
#1483 = ORIENTED_EDGE ( 'NONE', *, *, #6996, .F. ) ;
#1484 = EDGE_CURVE ( 'NONE', #3515, #1697, #5084, .T. ) ;
#1485 = ADVANCED_FACE ( 'NONE', ( #217 ), #894, .F. ) ;
#1486 = CARTESIAN_POINT ( 'NONE',  ( -5.879999999999999893, -3.650000000000000799, 0.000000000000000000 ) ) ;
#1487 = CARTESIAN_POINT ( 'NONE',  ( 7.499999999999999112, -1.499999999999998890, 11.19999999999999751 ) ) ;
#1488 = PLANE ( 'NONE',  #937 ) ;
#1489 = ORIENTED_EDGE ( 'NONE', *, *, #6365, .T. ) ;
#1490 = ORIENTED_EDGE ( 'NONE', *, *, #2753, .F. ) ;
#1491 = EDGE_CURVE ( 'NONE', #6576, #3619, #3067, .T. ) ;
#1492 = DIRECTION ( 'NONE',  ( -0.000000000000000000, -0.000000000000000000, -1.000000000000000000 ) ) ;
#1493 = FACE_OUTER_BOUND ( 'NONE', #6234, .T. ) ;
#1494 = CARTESIAN_POINT ( 'NONE',  ( -1.150000000000062528, -3.856200122890594884, 8.800000000000000711 ) ) ;
#1495 = DIRECTION ( 'NONE',  ( -0.000000000000000000, -0.000000000000000000, -1.000000000000000000 ) ) ;
#1496 = VERTEX_POINT ( 'NONE', #4243 ) ;
#1497 = CARTESIAN_POINT ( 'NONE',  ( -5.130000000000000782, 2.639999999999964597, 19.99999999999999645 ) ) ;
#1498 = LINE ( 'NONE', #2139, #7039 ) ;
#1499 = CARTESIAN_POINT ( 'NONE',  ( 5.880000000000000782, -3.650000000000036326, 8.800000000000000711 ) ) ;
#1500 = EDGE_CURVE ( 'NONE', #4280, #3403, #6941, .T. ) ;
#1501 = LINE ( 'NONE', #5844, #690 ) ;
#1502 = PERSON_AND_ORGANIZATION ( #6974, #6213 ) ;
#1503 = ADVANCED_FACE ( 'NONE', ( #931 ), #395, .F. ) ;
#1504 = CARTESIAN_POINT ( 'NONE',  ( 0.02499999999999988343, 2.439999999999999947, 20.02499999999999858 ) ) ;
#1505 = CARTESIAN_POINT ( 'NONE',  ( 6.229999999999938254, -3.856200122890594884, 8.800000000000000711 ) ) ;
#1506 = DIRECTION ( 'NONE',  ( 0.000000000000000000, 1.000000000000000000, 0.000000000000000000 ) ) ;
#1507 = VERTEX_POINT ( 'NONE', #1036 ) ;
#1508 = ORIENTED_EDGE ( 'NONE', *, *, #5925, .T. ) ;
#1509 = ORIENTED_EDGE ( 'NONE', *, *, #5240, .F. ) ;
#1510 = EDGE_CURVE ( 'NONE', #3348, #4102, #1066, .T. ) ;
#1511 = DIRECTION ( 'NONE',  ( 0.000000000000000000, 0.000000000000000000, 1.000000000000000000 ) ) ;
#1512 = LINE ( 'NONE', #1018, #6558 ) ;
#1513 = CARTESIAN_POINT ( 'NONE',  ( 8.699999999999997513, -4.649999999999998579, 10.19999999999999929 ) ) ;
#1514 = DIRECTION ( 'NONE',  ( 1.000000000000000000, -1.112002228190260952E-16, 0.000000000000000000 ) ) ;
#1515 = VERTEX_POINT ( 'NONE', #6904 ) ;
#1516 = LINE ( 'NONE', #6326, #6218 ) ;
#1517 = ORIENTED_EDGE ( 'NONE', *, *, #2807, .T. ) ;
#1518 = VECTOR ( 'NONE', #1045, 1000.000000000000114 ) ;
#1519 = CARTESIAN_POINT ( 'NONE',  ( -4.779999999999947846, -2.640000000000036096, 19.74999999999999645 ) ) ;
#1520 = EDGE_CURVE ( 'NONE', #3231, #6513, #2600, .T. ) ;
#1521 = CARTESIAN_POINT ( 'NONE',  ( 9.500000000000001776, -2.100000000000000089, 15.69999999999999929 ) ) ;
#1522 = ORIENTED_EDGE ( 'NONE', *, *, #5565, .F. ) ;
#1523 = VERTEX_POINT ( 'NONE', #2564 ) ;
#1524 = CARTESIAN_POINT ( 'NONE',  ( 4.280000000000001137, -0.9499999999999998446, 1.400000000000009459 ) ) ;
#1525 = CARTESIAN_POINT ( 'NONE',  ( -5.879999999999999893, -2.250000000000037748, 0.000000000000000000 ) ) ;
#1526 = CARTESIAN_POINT ( 'NONE',  ( -6.230000000000063487, -3.856200122890594884, 8.800000000000000711 ) ) ;
#1527 = ORIENTED_EDGE ( 'NONE', *, *, #5331, .T. ) ;
#1528 = CARTESIAN_POINT ( 'NONE',  ( -3.689999999999998614, 2.243799877109404317, 0.000000000000000000 ) ) ;
#1529 = CARTESIAN_POINT ( 'NONE',  ( 7.299999999999998934, -3.750000000000001776, 0.000000000000000000 ) ) ;
#1530 = EDGE_CURVE ( 'NONE', #618, #3762, #2172, .T. ) ;
#1531 = CARTESIAN_POINT ( 'NONE',  ( 4.780000000000053539, -2.440000000000000391, 19.99999999999999645 ) ) ;
#1532 = EDGE_LOOP ( 'NONE', ( #777, #97, #6881, #1964 ) ) ;
#1533 = CARTESIAN_POINT ( 'NONE',  ( -2.839999999999999858, 0.000000000000000000, 19.99999999999999645 ) ) ;
#1534 = DATE_AND_TIME ( #4843, #435 ) ;
#1535 = LINE ( 'NONE', #3822, #1983 ) ;
#1536 = FACE_OUTER_BOUND ( 'NONE', #613, .T. ) ;
#1537 = CARTESIAN_POINT ( 'NONE',  ( -6.230000000000063487, -3.856200122890594884, 8.800000000000000711 ) ) ;
#1538 = ORIENTED_EDGE ( 'NONE', *, *, #533, .T. ) ;
#1539 = CC_DESIGN_PERSON_AND_ORGANIZATION_ASSIGNMENT ( #6483, #3790, ( #1907 ) ) ;
#1540 = VERTEX_POINT ( 'NONE', #4304 ) ;
#1541 = ORIENTED_EDGE ( 'NONE', *, *, #5190, .T. ) ;
#1542 = LINE ( 'NONE', #2620, #3076 ) ;
#1543 = PLANE ( 'NONE',  #5646 ) ;
#1544 = CARTESIAN_POINT ( 'NONE',  ( 2.490000000000003766, 2.439999999999999947, 19.99999999999999645 ) ) ;
#1545 = VECTOR ( 'NONE', #2291, 1000.000000000000000 ) ;
#1546 = CARTESIAN_POINT ( 'NONE',  ( 6.230000000000001315, 3.849999999999961897, 0.000000000000000000 ) ) ;
#1547 = EDGE_CURVE ( 'NONE', #6134, #3297, #4728, .T. ) ;
#1548 = ORIENTED_EDGE ( 'NONE', *, *, #3077, .T. ) ;
#1549 = CARTESIAN_POINT ( 'NONE',  ( -6.230000000000063487, -3.856200122890594884, 8.800000000000000711 ) ) ;
#1550 = ORIENTED_EDGE ( 'NONE', *, *, #2948, .T. ) ;
#1551 = VECTOR ( 'NONE', #930, 1000.000000000000000 ) ;
#1552 = CARTESIAN_POINT ( 'NONE',  ( 9.099999999999997868, -3.750000000000001776, 0.000000000000000000 ) ) ;
#1553 = CARTESIAN_POINT ( 'NONE',  ( 3.340000000000000302, 0.9499999999999995115, 8.800000000000000711 ) ) ;
#1554 = ORIENTED_EDGE ( 'NONE', *, *, #1832, .F. ) ;
#1555 = ORIENTED_EDGE ( 'NONE', *, *, #3080, .T. ) ;
#1556 = AXIS2_PLACEMENT_3D ( 'NONE', #6173, #1293, #5667 ) ;
#1557 = CARTESIAN_POINT ( 'NONE',  ( 0.000000000000000000, 0.000000000000000000, 8.800000000000000711 ) ) ;
#1558 = EDGE_CURVE ( 'NONE', #1410, #109, #3706, .T. ) ;
#1559 = CARTESIAN_POINT ( 'NONE',  ( -1.150000000000062528, -2.250000000000037748, 8.800000000000000711 ) ) ;
#1560 = DIRECTION ( 'NONE',  ( -1.000000000000000000, -0.000000000000000000, -0.000000000000000000 ) ) ;
#1561 = EDGE_LOOP ( 'NONE', ( #1245, #1976, #351, #5837 ) ) ;
#1562 = VERTEX_POINT ( 'NONE', #1599 ) ;
#1563 = DIRECTION ( 'NONE',  ( 0.000000000000000000, 1.000000000000000000, 0.000000000000000000 ) ) ;
#1564 = DIRECTION ( 'NONE',  ( 0.000000000000000000, -1.000000000000000000, 0.000000000000000000 ) ) ;
#1565 = DIRECTION ( 'NONE',  ( 0.000000000000000000, 0.000000000000000000, 1.000000000000000000 ) ) ;
#1566 = ORIENTED_EDGE ( 'NONE', *, *, #2341, .F. ) ;
#1567 = CARTESIAN_POINT ( 'NONE',  ( 9.500000000000000000, 3.750000000000000000, 11.09999999999999964 ) ) ;
#1568 = CARTESIAN_POINT ( 'NONE',  ( 5.129999999999999893, 2.439999999999999947, 19.99999999999999645 ) ) ;
#1569 = EDGE_CURVE ( 'NONE', #3315, #1682, #5866, .T. ) ;
#1570 = CARTESIAN_POINT ( 'NONE',  ( -1.245000000000000329, 2.439999999999982183, 18.75499999999999901 ) ) ;
#1571 = PLANE ( 'NONE',  #2876 ) ;
#1572 = AXIS2_PLACEMENT_3D ( 'NONE', #3094, #417, #5248 ) ;
#1573 = ORIENTED_EDGE ( 'NONE', *, *, #2963, .T. ) ;
#1574 = ORIENTED_EDGE ( 'NONE', *, *, #5073, .F. ) ;
#1575 = VECTOR ( 'NONE', #4998, 1000.000000000000000 ) ;
#1576 = ORIENTED_EDGE ( 'NONE', *, *, #4753, .T. ) ;
#1577 = LINE ( 'NONE', #2656, #5456 ) ;
#1578 = EDGE_CURVE ( 'NONE', #2149, #1792, #3175, .T. ) ;
#1579 = CARTESIAN_POINT ( 'NONE',  ( 7.299999999999998934, -2.450000000000001954, 8.800000000000000711 ) ) ;
#1580 = LINE ( 'NONE', #6671, #6839 ) ;
#1581 = VECTOR ( 'NONE', #3739, 1000.000000000000000 ) ;
#1582 = DIRECTION ( 'NONE',  ( 0.000000000000000000, -1.000000000000000000, 0.000000000000000000 ) ) ;
#1583 = EDGE_LOOP ( 'NONE', ( #147, #2011, #4004, #2835 ) ) ;
#1584 = PLANE ( 'NONE',  #2583 ) ;
#1585 = VECTOR ( 'NONE', #5408, 1000.000000000000000 ) ;
#1586 = ORIENTED_EDGE ( 'NONE', *, *, #1091, .F. ) ;
#1587 = ADVANCED_FACE ( 'NONE', ( #2704 ), #4209, .F. ) ;
#1588 = ADVANCED_FACE ( 'NONE', ( #1493 ), #5332, .F. ) ;
#1589 = EDGE_CURVE ( 'NONE', #755, #531, #4342, .T. ) ;
#1590 = VECTOR ( 'NONE', #4524, 1000.000000000000114 ) ;
#1591 = CARTESIAN_POINT ( 'NONE',  ( 0.000000000000000000, 0.000000000000000000, 8.800000000000000711 ) ) ;
#1592 = ORIENTED_EDGE ( 'NONE', *, *, #6579, .F. ) ;
#1593 = EDGE_CURVE ( 'NONE', #200, #2894, #5802, .T. ) ;
#1594 = VERTEX_POINT ( 'NONE', #5369 ) ;
#1595 = ORIENTED_EDGE ( 'NONE', *, *, #2463, .T. ) ;
#1596 = AXIS2_PLACEMENT_3D ( 'NONE', #3598, #781, #250 ) ;
#1597 = EDGE_CURVE ( 'NONE', #1594, #3030, #4835, .T. ) ;
#1598 = VECTOR ( 'NONE', #2970, 1000.000000000000000 ) ;
#1599 = CARTESIAN_POINT ( 'NONE',  ( -3.340000000000000302, 0.9499999999999990674, 8.800000000000000711 ) ) ;
#1600 = DIRECTION ( 'NONE',  ( 0.000000000000000000, -0.7071067811865447972, 0.7071067811865502373 ) ) ;
#1601 = LINE ( 'NONE', #965, #7007 ) ;
#1602 = VERTEX_POINT ( 'NONE', #2635 ) ;
#1603 = CARTESIAN_POINT ( 'NONE',  ( 5.879999999999999893, -0.9500000000000005107, 1.400000000000008793 ) ) ;
#1604 = FACE_OUTER_BOUND ( 'NONE', #6223, .T. ) ;
#1605 = VERTEX_POINT ( 'NONE', #4800 ) ;
#1606 = DIRECTION ( 'NONE',  ( 0.000000000000000000, 1.000000000000000000, 0.000000000000000000 ) ) ;
#1607 = APPROVAL_STATUS ( 'not_yet_approved' ) ;
#1608 = DIRECTION ( 'NONE',  ( 0.000000000000000000, 0.000000000000000000, -1.000000000000000000 ) ) ;
#1609 = CARTESIAN_POINT ( 'NONE',  ( 4.780000000000053539, 0.000000000000000000, 14.69999999999999751 ) ) ;
#1610 = CARTESIAN_POINT ( 'NONE',  ( 3.340000000000000302, -2.250000000000037748, 8.800000000000000711 ) ) ;
#1611 = EDGE_LOOP ( 'NONE', ( #5708, #1834, #5228, #393 ) ) ;
#1612 = VECTOR ( 'NONE', #2594, 1000.000000000000000 ) ;
#1613 = AXIS2_PLACEMENT_3D ( 'NONE', #6914, #4673, #373 ) ;
#1614 = ORIENTED_EDGE ( 'NONE', *, *, #5811, .F. ) ;
#1615 = EDGE_CURVE ( 'NONE', #4354, #6732, #2098, .T. ) ;
#1616 = EDGE_CURVE ( 'NONE', #5857, #5894, #7010, .T. ) ;
#1617 = ORIENTED_EDGE ( 'NONE', *, *, #6853, .T. ) ;
#1618 = DIRECTION ( 'NONE',  ( -1.000000000000000000, 1.112002228190260952E-16, 0.000000000000000000 ) ) ;
#1619 = CARTESIAN_POINT ( 'NONE',  ( 9.099999999999997868, 2.450000000000001066, 8.800000000000000711 ) ) ;
#1620 = LINE ( 'NONE', #4855, #5155 ) ;
#1621 = CARTESIAN_POINT ( 'NONE',  ( -5.879999999999999893, 0.9500000000000007327, 1.400000000000008793 ) ) ;
#1622 = VERTEX_POINT ( 'NONE', #3248 ) ;
#1623 = ADVANCED_FACE ( 'NONE', ( #5582 ), #640, .F. ) ;
#1624 = CARTESIAN_POINT ( 'NONE',  ( -7.799999999999998046, -0.9499999999999990674, 1.400000000000008793 ) ) ;
#1625 = AXIS2_PLACEMENT_3D ( 'NONE', #5010, #6982, #2275 ) ;
#1626 = ORIENTED_EDGE ( 'NONE', *, *, #5406, .T. ) ;
#1627 = DIRECTION ( 'NONE',  ( 1.000000000000000000, 0.000000000000000000, 0.000000000000000000 ) ) ;
#1628 = CARTESIAN_POINT ( 'NONE',  ( 9.500000000000000000, 3.750000000000000000, 15.69999999999999929 ) ) ;
#1629 = VERTEX_POINT ( 'NONE', #5974 ) ;
#1630 = EDGE_CURVE ( 'NONE', #2045, #4863, #1739, .T. ) ;
#1631 = ADVANCED_FACE ( 'NONE', ( #715 ), #179, .F. ) ;
#1632 = VERTEX_POINT ( 'NONE', #2241 ) ;
#1633 = VERTEX_POINT ( 'NONE', #6653 ) ;
#1634 = CARTESIAN_POINT ( 'NONE',  ( -4.780000000000000249, 0.000000000000000000, 14.69999999999999751 ) ) ;
#1635 = CARTESIAN_POINT ( 'NONE',  ( 2.240000000000000213, 2.640000000000000124, 19.99999999999999645 ) ) ;
#1636 = EDGE_LOOP ( 'NONE', ( #4466, #3361, #3944, #5674 ) ) ;
#1637 = CARTESIAN_POINT ( 'NONE',  ( -5.379999999999947491, -2.640000000000036096, 14.69999999999999751 ) ) ;
#1638 = VECTOR ( 'NONE', #2322, 1000.000000000000000 ) ;
#1639 = LINE ( 'NONE', #6809, #220 ) ;
#1640 = EDGE_CURVE ( 'NONE', #579, #1507, #2347, .T. ) ;
#1641 = EDGE_CURVE ( 'NONE', #3206, #4967, #3922, .T. ) ;
#1642 = ORIENTED_EDGE ( 'NONE', *, *, #4058, .F. ) ;
#1643 = DIRECTION ( 'NONE',  ( -0.000000000000000000, -1.000000000000000000, -0.000000000000000000 ) ) ;
#1644 = CARTESIAN_POINT ( 'NONE',  ( -2.239999999999947367, 0.000000000000000000, 19.74999999999999645 ) ) ;
#1645 = VECTOR ( 'NONE', #4362, 1000.000000000000000 ) ;
#1646 = DIRECTION ( 'NONE',  ( -0.000000000000000000, 0.000000000000000000, -1.000000000000000000 ) ) ;
#1647 = CARTESIAN_POINT ( 'NONE',  ( 6.229999999999938254, -2.250000000000037748, 8.800000000000000711 ) ) ;
#1648 = VERTEX_POINT ( 'NONE', #3956 ) ;
#1649 = EDGE_LOOP ( 'NONE', ( #1573, #4522, #3596, #3953 ) ) ;
#1650 = EDGE_LOOP ( 'NONE', ( #1338, #5921, #2832, #6785 ) ) ;
#1651 = DIRECTION ( 'NONE',  ( 0.000000000000000000, -0.000000000000000000, 1.000000000000000000 ) ) ;
#1652 = DIRECTION ( 'NONE',  ( -1.000000000000000000, -7.228014483236698528E-16, 0.000000000000000000 ) ) ;
#1653 = ADVANCED_FACE ( 'NONE', ( #3849 ), #3319, .F. ) ;
#1654 = EDGE_LOOP ( 'NONE', ( #892, #1702, #6756, #1617 ) ) ;
#1655 = LINE ( 'NONE', #4857, #6121 ) ;
#1656 = ORIENTED_EDGE ( 'NONE', *, *, #104, .F. ) ;
#1657 = DIRECTION ( 'NONE',  ( -0.000000000000000000, -0.000000000000000000, 1.000000000000000000 ) ) ;
#1658 = VERTEX_POINT ( 'NONE', #676 ) ;
#1659 = CARTESIAN_POINT ( 'NONE',  ( -9.500000000000001776, -2.100000000000000089, 14.69999999999999751 ) ) ;
#1660 = ADVANCED_FACE ( 'NONE', ( #3891 ), #1665, .F. ) ;
#1661 = DIRECTION ( 'NONE',  ( 0.000000000000000000, 1.000000000000000000, -0.000000000000000000 ) ) ;
#1662 = ORIENTED_EDGE ( 'NONE', *, *, #551, .F. ) ;
#1663 = ORIENTED_EDGE ( 'NONE', *, *, #6219, .T. ) ;
#1664 = VERTEX_POINT ( 'NONE', #6580 ) ;
#1665 = PLANE ( 'NONE',  #5733 ) ;
#1666 = AXIS2_PLACEMENT_3D ( 'NONE', #1549, #1986, #4791 ) ;
#1667 = VECTOR ( 'NONE', #4786, 1000.000000000000000 ) ;
#1668 = CARTESIAN_POINT ( 'NONE',  ( 6.230000000000001315, 2.243799877109404317, 8.800000000000000711 ) ) ;
#1669 = CC_DESIGN_PERSON_AND_ORGANIZATION_ASSIGNMENT ( #2108, #479, ( #1907 ) ) ;
#1670 = EDGE_LOOP ( 'NONE', ( #1402, #4226, #4073, #5447 ) ) ;
#1671 = LINE ( 'NONE', #6583, #1920 ) ;
#1672 = FACE_OUTER_BOUND ( 'NONE', #6327, .T. ) ;
#1673 = VECTOR ( 'NONE', #6485, 999.9999999999998863 ) ;
#1674 = EDGE_LOOP ( 'NONE', ( #585, #4052, #4693, #3377 ) ) ;
#1675 = DIRECTION ( 'NONE',  ( -1.000000000000000000, 0.000000000000000000, 0.000000000000000000 ) ) ;
#1676 = DIRECTION ( 'NONE',  ( 0.000000000000000000, 1.000000000000000000, 0.000000000000000000 ) ) ;
#1677 = LINE ( 'NONE', #6626, #3759 ) ;
#1678 = DIRECTION ( 'NONE',  ( -1.000000000000000000, 1.112002228190260952E-16, 0.000000000000000000 ) ) ;
#1679 = EDGE_CURVE ( 'NONE', #518, #6363, #2848, .T. ) ;
#1680 = ORIENTED_EDGE ( 'NONE', *, *, #639, .T. ) ;
#1681 = LINE ( 'NONE', #619, #5231 ) ;
#1682 = VERTEX_POINT ( 'NONE', #111 ) ;
#1683 = ORIENTED_EDGE ( 'NONE', *, *, #3772, .T. ) ;
#1684 = CARTESIAN_POINT ( 'NONE',  ( 9.168629150101523351, 3.750000000000000000, 11.10000000000000142 ) ) ;
#1685 = LINE ( 'NONE', #1189, #655 ) ;
#1686 = CARTESIAN_POINT ( 'NONE',  ( 0.2999999999999999889, 0.000000000000000000, 14.69999999999999751 ) ) ;
#1687 = ORIENTED_EDGE ( 'NONE', *, *, #4450, .T. ) ;
#1688 = CARTESIAN_POINT ( 'NONE',  ( -7.799999999999998046, 0.9500000000000009548, 8.800000000000000711 ) ) ;
#1689 = VECTOR ( 'NONE', #2738, 1000.000000000000000 ) ;
#1690 = VERTEX_POINT ( 'NONE', #6009 ) ;
#1691 = FACE_OUTER_BOUND ( 'NONE', #867, .T. ) ;
#1692 = EDGE_CURVE ( 'NONE', #6790, #3773, #5440, .T. ) ;
#1693 = VERTEX_POINT ( 'NONE', #2890 ) ;
#1694 = VECTOR ( 'NONE', #6619, 1000.000000000000114 ) ;
#1695 = DIRECTION ( 'NONE',  ( 0.000000000000000000, 0.000000000000000000, -1.000000000000000000 ) ) ;
#1696 = CARTESIAN_POINT ( 'NONE',  ( -9.500000000000001776, 3.849999999999999201, 11.00000000000000000 ) ) ;
#1697 = VERTEX_POINT ( 'NONE', #5049 ) ;
#1698 = VECTOR ( 'NONE', #5317, 1000.000000000000000 ) ;
#1699 = LINE ( 'NONE', #5473, #4579 ) ;
#1700 = EDGE_CURVE ( 'NONE', #3844, #4354, #1136, .T. ) ;
#1701 = ORIENTED_EDGE ( 'NONE', *, *, #517, .F. ) ;
#1702 = ORIENTED_EDGE ( 'NONE', *, *, #5358, .F. ) ;
#1703 = VECTOR ( 'NONE', #2419, 1000.000000000000000 ) ;
#1704 = VECTOR ( 'NONE', #2528, 1000.000000000000000 ) ;
#1705 = DIRECTION ( 'NONE',  ( -1.000000000000000000, -0.000000000000000000, -0.000000000000000000 ) ) ;
#1706 = VECTOR ( 'NONE', #4360, 1000.000000000000000 ) ;
#1707 = ORIENTED_EDGE ( 'NONE', *, *, #1310, .F. ) ;
#1708 = DIRECTION ( 'NONE',  ( -0.000000000000000000, -0.6156614753256562933, 0.7880107536067235685 ) ) ;
#1709 = PLANE ( 'NONE',  #6261 ) ;
#1710 = VECTOR ( 'NONE', #5725, 1000.000000000000000 ) ;
#1711 = EDGE_CURVE ( 'NONE', #4084, #3794, #5014, .T. ) ;
#1712 = VECTOR ( 'NONE', #1215, 1000.000000000000000 ) ;
#1713 = VERTEX_POINT ( 'NONE', #6686 ) ;
#1714 = CARTESIAN_POINT ( 'NONE',  ( 3.689999999999937774, -3.856200122890594884, 0.000000000000000000 ) ) ;
#1715 = FACE_OUTER_BOUND ( 'NONE', #4189, .T. ) ;
#1716 = LINE ( 'NONE', #6056, #457 ) ;
#1717 = DIRECTION ( 'NONE',  ( 1.000000000000000000, 0.000000000000000000, -0.000000000000000000 ) ) ;
#1718 = ORIENTED_EDGE ( 'NONE', *, *, #6925, .F. ) ;
#1719 = CARTESIAN_POINT ( 'NONE',  ( 5.879999999999999893, -0.9500000000000005107, 8.800000000000000711 ) ) ;
#1720 = DIRECTION ( 'NONE',  ( 0.000000000000000000, 1.000000000000000000, 0.000000000000000000 ) ) ;
#1721 = ADVANCED_FACE ( 'NONE', ( #2280 ), #2314, .T. ) ;
#1722 = ADVANCED_FACE ( 'NONE', ( #39 ), #4378, .F. ) ;
#1723 = ORIENTED_EDGE ( 'NONE', *, *, #4753, .F. ) ;
#1724 = CARTESIAN_POINT ( 'NONE',  ( 5.380000000000053184, 0.000000000000000000, 19.74999999999999645 ) ) ;
#1725 = PLANE ( 'NONE',  #2926 ) ;
#1726 = CARTESIAN_POINT ( 'NONE',  ( 1.150000000000000799, 2.243799877109404317, 8.800000000000000711 ) ) ;
#1727 = VERTEX_POINT ( 'NONE', #5510 ) ;
#1728 = VECTOR ( 'NONE', #6315, 1000.000000000000000 ) ;
#1729 = DIRECTION ( 'NONE',  ( -0.000000000000000000, -0.000000000000000000, -1.000000000000000000 ) ) ;
#1730 = EDGE_LOOP ( 'NONE', ( #5965, #410, #1191, #6606 ) ) ;
#1731 = LINE ( 'NONE', #3343, #991 ) ;
#1732 = ORIENTED_EDGE ( 'NONE', *, *, #6401, .T. ) ;
#1733 = CARTESIAN_POINT ( 'NONE',  ( 0.000000000000000000, 0.000000000000000000, 15.69999999999999929 ) ) ;
#1734 = CARTESIAN_POINT ( 'NONE',  ( -3.340000000000000302, -3.650000000000000799, 8.800000000000000711 ) ) ;
#1735 = ORIENTED_EDGE ( 'NONE', *, *, #6600, .F. ) ;
#1736 = CARTESIAN_POINT ( 'NONE',  ( -1.150000000000062528, -3.856200122890594884, 0.000000000000000000 ) ) ;
#1737 = VERTEX_POINT ( 'NONE', #2811 ) ;
#1738 = ORIENTED_EDGE ( 'NONE', *, *, #3209, .F. ) ;
#1739 = LINE ( 'NONE', #1204, #2215 ) ;
#1740 = EDGE_CURVE ( 'NONE', #5769, #2697, #5821, .T. ) ;
#1742 = ORIENTED_EDGE ( 'NONE', *, *, #6205, .T. ) ;
#1741 = EDGE_CURVE ( 'NONE', #5002, #1032, #2050, .T. ) ;
#1743 = DIRECTION ( 'NONE',  ( 0.000000000000000000, 0.000000000000000000, -1.000000000000000000 ) ) ;
#1744 = FACE_OUTER_BOUND ( 'NONE', #4945, .T. ) ;
#1745 = ORIENTED_EDGE ( 'NONE', *, *, #2521, .F. ) ;
#1746 = VECTOR ( 'NONE', #2569, 1000.000000000000000 ) ;
#1747 = CARTESIAN_POINT ( 'NONE',  ( -7.799999999999998046, 0.9500000000000009548, 8.800000000000000711 ) ) ;
#1748 = CARTESIAN_POINT ( 'NONE',  ( -1.740000000000000213, 0.9500000000000002887, 8.800000000000000711 ) ) ;
#1749 = CARTESIAN_POINT ( 'NONE',  ( -1.149999999999999023, 2.243799877109404317, 8.800000000000000711 ) ) ;
#1750 = LINE ( 'NONE', #219, #984 ) ;
#1751 = EDGE_CURVE ( 'NONE', #2300, #6341, #3085, .T. ) ;
#1752 = ORIENTED_EDGE ( 'NONE', *, *, #1569, .F. ) ;
#1753 = CARTESIAN_POINT ( 'NONE',  ( 1.390000000000001013, 2.243799877109404317, 8.800000000000000711 ) ) ;
#1754 = EDGE_LOOP ( 'NONE', ( #726, #1923, #6041, #1144 ) ) ;
#1755 = VECTOR ( 'NONE', #5854, 1000.000000000000000 ) ;
#1756 = ORIENTED_EDGE ( 'NONE', *, *, #5818, .F. ) ;
#1757 = DIRECTION ( 'NONE',  ( -1.000000000000000000, 0.000000000000000000, -0.000000000000000000 ) ) ;
#1758 = CARTESIAN_POINT ( 'NONE',  ( 3.689999999999937774, -3.856200122890594884, 8.800000000000000711 ) ) ;
#1759 = DIRECTION ( 'NONE',  ( 0.000000000000000000, 1.000000000000000000, 0.000000000000000000 ) ) ;
#1760 = EDGE_CURVE ( 'NONE', #1800, #1727, #451, .T. ) ;
#1761 = VERTEX_POINT ( 'NONE', #4716 ) ;
#1762 = EDGE_CURVE ( 'NONE', #4611, #240, #5716, .T. ) ;
#1763 = DIRECTION ( 'NONE',  ( 0.000000000000000000, -1.000000000000000000, 0.000000000000000000 ) ) ;
#1764 = ORIENTED_EDGE ( 'NONE', *, *, #3388, .T. ) ;
#1765 = DIRECTION ( 'NONE',  ( -0.7071067811865474617, -0.000000000000000000, 0.7071067811865474617 ) ) ;
#1766 = VECTOR ( 'NONE', #2345, 1000.000000000000000 ) ;
#1767 = ORIENTED_EDGE ( 'NONE', *, *, #4424, .F. ) ;
#1768 = LINE ( 'NONE', #2306, #7018 ) ;
#1769 = EDGE_CURVE ( 'NONE', #6616, #2198, #2586, .T. ) ;
#1770 = DIRECTION ( 'NONE',  ( 0.000000000000000000, -1.000000000000000000, 0.000000000000000000 ) ) ;
#1771 = VERTEX_POINT ( 'NONE', #6290 ) ;
#1772 = DIRECTION ( 'NONE',  ( -1.000000000000000000, 0.000000000000000000, 0.000000000000000000 ) ) ;
#1773 = ORIENTED_EDGE ( 'NONE', *, *, #4594, .T. ) ;
#1774 = EDGE_LOOP ( 'NONE', ( #1328, #2101, #4574, #682, #4982, #3486, #2231, #5496 ) ) ;
#1775 = CARTESIAN_POINT ( 'NONE',  ( -7.799999999999998046, -0.9499999999999990674, 1.400000000000008793 ) ) ;
#1776 = ORIENTED_EDGE ( 'NONE', *, *, #1234, .T. ) ;
#1777 = DIRECTION ( 'NONE',  ( 8.762697138485633533E-17, 0.7880107536067235685, 0.6156614753256562933 ) ) ;
#1778 = AXIS2_PLACEMENT_3D ( 'NONE', #861, #256, #3498 ) ;
#1779 = PRODUCT_DEFINITION_SHAPE ( 'NONE', 'NONE',  #6069 ) ;
#1780 = DIRECTION ( 'NONE',  ( -0.000000000000000000, -0.000000000000000000, 1.000000000000000000 ) ) ;
#1781 = VERTEX_POINT ( 'NONE', #3021 ) ;
#1782 = EDGE_CURVE ( 'NONE', #1737, #3697, #6887, .T. ) ;
#1783 = DIRECTION ( 'NONE',  ( -0.000000000000000000, -0.000000000000000000, -1.000000000000000000 ) ) ;
#1784 = CARTESIAN_POINT ( 'NONE',  ( 7.800000000000001599, -0.9500000000000007327, 1.400000000000008793 ) ) ;
#1785 = CARTESIAN_POINT ( 'NONE',  ( 8.699999999999997513, -3.750000000000000000, 15.69999999999999929 ) ) ;
#1786 = LINE ( 'NONE', #1852, #4954 ) ;
#1787 = ORIENTED_EDGE ( 'NONE', *, *, #4457, .T. ) ;
#1788 = PLANE ( 'NONE',  #2512 ) ;
#1789 = VECTOR ( 'NONE', #915, 1000.000000000000000 ) ;
#1790 = LINE ( 'NONE', #6273, #3682 ) ;
#1791 = EDGE_CURVE ( 'NONE', #6370, #5353, #382, .T. ) ;
#1792 = VERTEX_POINT ( 'NONE', #983 ) ;
#1793 = PLANE ( 'NONE',  #572 ) ;
#1794 = LINE ( 'NONE', #6527, #2243 ) ;
#1795 = LINE ( 'NONE', #4009, #1382 ) ;
#1796 = ORIENTED_EDGE ( 'NONE', *, *, #1741, .F. ) ;
#1797 = DIRECTION ( 'NONE',  ( 0.000000000000000000, -0.000000000000000000, -1.000000000000000000 ) ) ;
#1798 = ORIENTED_EDGE ( 'NONE', *, *, #6669, .T. ) ;
#1799 = EDGE_CURVE ( 'NONE', #3966, #6586, #2015, .T. ) ;
#1800 = VERTEX_POINT ( 'NONE', #5173 ) ;
#1801 = LINE ( 'NONE', #740, #765 ) ;
#1802 = AXIS2_PLACEMENT_3D ( 'NONE', #243, #3449, #4610 ) ;
#1803 = PLANE ( 'NONE',  #6008 ) ;
#1804 = ORIENTED_EDGE ( 'NONE', *, *, #3404, .T. ) ;
#1805 = CARTESIAN_POINT ( 'NONE',  ( 1.763635533909777677E-15, -2.440000000000031921, 19.99999999999999645 ) ) ;
#1806 = ORIENTED_EDGE ( 'NONE', *, *, #1093, .T. ) ;
#1807 = EDGE_CURVE ( 'NONE', #4896, #3231, #4787, .T. ) ;
#1808 = VECTOR ( 'NONE', #3926, 1000.000000000000000 ) ;
#1809 = CARTESIAN_POINT ( 'NONE',  ( -1.150000000000062528, -2.250000000000037748, 8.800000000000000711 ) ) ;
#1810 = AXIS2_PLACEMENT_3D ( 'NONE', #1175, #6084, #6655 ) ;
#1811 = DIRECTION ( 'NONE',  ( 1.000000000000000000, 1.369518533665900312E-16, -0.000000000000000000 ) ) ;
#1812 = AXIS2_PLACEMENT_3D ( 'NONE', #1494, #5906, #4210 ) ;
#1813 = FACE_OUTER_BOUND ( 'NONE', #738, .T. ) ;
#1814 = EDGE_CURVE ( 'NONE', #2500, #4613, #6356, .T. ) ;
#1815 = EDGE_LOOP ( 'NONE', ( #6505, #204, #4557, #5201 ) ) ;
#1816 = VECTOR ( 'NONE', #1322, 1000.000000000000000 ) ;
#1817 = DIRECTION ( 'NONE',  ( 1.000000000000000000, 0.000000000000000000, -0.000000000000000000 ) ) ;
#1818 = FACE_OUTER_BOUND ( 'NONE', #5876, .T. ) ;
#1819 = LINE ( 'NONE', #1283, #4321 ) ;
#1820 = PLANE ( 'NONE',  #6095 ) ;
#1821 = VERTEX_POINT ( 'NONE', #308 ) ;
#1822 = DIRECTION ( 'NONE',  ( -0.000000000000000000, -0.000000000000000000, -1.000000000000000000 ) ) ;
#1823 = VECTOR ( 'NONE', #4031, 1000.000000000000000 ) ;
#1824 = ORIENTED_EDGE ( 'NONE', *, *, #1034, .T. ) ;
#1825 = ORIENTED_EDGE ( 'NONE', *, *, #1578, .T. ) ;
#1826 = CARTESIAN_POINT ( 'NONE',  ( 5.880000000000000782, 2.243799877109404317, 8.800000000000000711 ) ) ;
#1827 = LINE ( 'NONE', #5704, #3649 ) ;
#1828 = CARTESIAN_POINT ( 'NONE',  ( 5.030000000000003801, 2.439999999999999947, 19.99999999999999645 ) ) ;
#1829 = VECTOR ( 'NONE', #5626, 1000.000000000000000 ) ;
#1830 = DIRECTION ( 'NONE',  ( -0.000000000000000000, -0.000000000000000000, -1.000000000000000000 ) ) ;
#1831 = ORIENTED_EDGE ( 'NONE', *, *, #31, .F. ) ;
#1832 = EDGE_CURVE ( 'NONE', #4200, #1232, #3662, .T. ) ;
#1833 = PLANE ( 'NONE',  #1126 ) ;
#1834 = ORIENTED_EDGE ( 'NONE', *, *, #6834, .F. ) ;
#1835 = VERTEX_POINT ( 'NONE', #2476 ) ;
#1836 = LINE ( 'NONE', #4713, #5907 ) ;
#1837 = LINE ( 'NONE', #6182, #6105 ) ;
#1838 = EDGE_CURVE ( 'NONE', #26, #519, #5786, .T. ) ;
#1839 = FACE_OUTER_BOUND ( 'NONE', #2303, .T. ) ;
#1840 = ORIENTED_EDGE ( 'NONE', *, *, #967, .T. ) ;
#1841 = AXIS2_PLACEMENT_3D ( 'NONE', #6862, #2667, #1451 ) ;
#1842 = FACE_OUTER_BOUND ( 'NONE', #1031, .T. ) ;
#1843 = VECTOR ( 'NONE', #1972, 1000.000000000000000 ) ;
#1844 = EDGE_LOOP ( 'NONE', ( #4901, #4941, #3537, #3664 ) ) ;
#1845 = LINE ( 'NONE', #3597, #3639 ) ;
#1846 = LINE ( 'NONE', #3061, #1710 ) ;
#1847 = ORIENTED_EDGE ( 'NONE', *, *, #3339, .F. ) ;
#1848 = VECTOR ( 'NONE', #1131, 1000.000000000000000 ) ;
#1849 = CARTESIAN_POINT ( 'NONE',  ( -5.030000000000000249, 2.639999999999965041, 19.99999999999999645 ) ) ;
#1850 = DIRECTION ( 'NONE',  ( 0.000000000000000000, 1.000000000000000000, 0.000000000000000000 ) ) ;
#1851 = CARTESIAN_POINT ( 'NONE',  ( 8.699999999999997513, -3.750000000000000000, 11.09999999999999964 ) ) ;
#1852 = CARTESIAN_POINT ( 'NONE',  ( -0.7999999999999999334, 2.243799877109404761, 8.800000000000000711 ) ) ;
#1853 = EDGE_CURVE ( 'NONE', #200, #166, #951, .T. ) ;
#1854 = ORIENTED_EDGE ( 'NONE', *, *, #4706, .T. ) ;
#1855 = DIRECTION ( 'NONE',  ( 0.000000000000000000, 0.000000000000000000, -1.000000000000000000 ) ) ;
#1856 = EDGE_CURVE ( 'NONE', #2295, #4900, #346, .T. ) ;
#1857 = ORIENTED_EDGE ( 'NONE', *, *, #4832, .F. ) ;
#1858 = ORIENTED_EDGE ( 'NONE', *, *, #7006, .T. ) ;
#1859 = PLANE ( 'NONE',  #4224 ) ;
#1860 = DIRECTION ( 'NONE',  ( -0.000000000000000000, -0.000000000000000000, -1.000000000000000000 ) ) ;
#1861 = CARTESIAN_POINT ( 'NONE',  ( 0.000000000000000000, -2.640000000000036096, 19.99999999999999645 ) ) ;
#1862 = DIRECTION ( 'NONE',  ( 0.000000000000000000, -1.000000000000000000, 0.000000000000000000 ) ) ;
#1863 = DIRECTION ( 'NONE',  ( 0.000000000000000000, 0.000000000000000000, 1.000000000000000000 ) ) ;
#1864 = AXIS2_PLACEMENT_3D ( 'NONE', #870, #3579, #2978 ) ;
#1865 = ORIENTED_EDGE ( 'NONE', *, *, #3195, .F. ) ;
#1866 = CARTESIAN_POINT ( 'NONE',  ( 4.280000000000001137, 2.043799877109403695, 0.000000000000000000 ) ) ;
#1867 = EDGE_LOOP ( 'NONE', ( #7002, #795, #699, #6169 ) ) ;
#1868 = ORIENTED_EDGE ( 'NONE', *, *, #2869, .F. ) ;
#1869 = CARTESIAN_POINT ( 'NONE',  ( 1.763635533909756180E-15, -2.440000000000002167, 14.69999999999999751 ) ) ;
#1870 = ADVANCED_FACE ( 'NONE', ( #5752 ), #1407, .T. ) ;
#1871 = DIRECTION ( 'NONE',  ( 0.000000000000000000, 1.000000000000000000, 0.000000000000000000 ) ) ;
#1872 = CARTESIAN_POINT ( 'NONE',  ( -7.300000000000001599, -3.750000000000001776, 8.800000000000000711 ) ) ;
#1873 = ORIENTED_EDGE ( 'NONE', *, *, #6854, .F. ) ;
#1874 = LINE ( 'NONE', #1951, #5743 ) ;
#1875 = ORIENTED_EDGE ( 'NONE', *, *, #5466, .T. ) ;
#1876 = EDGE_CURVE ( 'NONE', #4731, #2265, #5208, .T. ) ;
#1877 = CARTESIAN_POINT ( 'NONE',  ( -7.500000000000000888, -1.500000000000000666, 14.69999999999999751 ) ) ;
#1878 = CARTESIAN_POINT ( 'NONE',  ( -5.879999999999999893, 0.9500000000000008438, 1.400000000000008793 ) ) ;
#1879 = ORIENTED_EDGE ( 'NONE', *, *, #4850, .T. ) ;
#1880 = LINE ( 'NONE', #6124, #6025 ) ;
#1881 = LINE ( 'NONE', #6231, #2324 ) ;
#1882 = DIRECTION ( 'NONE',  ( 0.000000000000000000, 1.000000000000000000, 0.000000000000000000 ) ) ;
#1883 = FACE_BOUND ( 'NONE', #363, .T. ) ;
#1884 = VECTOR ( 'NONE', #3431, 1000.000000000000000 ) ;
#1885 = ORIENTED_EDGE ( 'NONE', *, *, #123, .T. ) ;
#1886 = DIRECTION ( 'NONE',  ( 0.000000000000000000, 0.000000000000000000, -1.000000000000000000 ) ) ;
#1887 = LINE ( 'NONE', #1427, #5387 ) ;
#1888 = ORIENTED_EDGE ( 'NONE', *, *, #6968, .F. ) ;
#1889 = EDGE_CURVE ( 'NONE', #6212, #652, #3093, .T. ) ;
#1890 = DIRECTION ( 'NONE',  ( -1.112002228190260952E-16, -1.000000000000000000, 0.000000000000000000 ) ) ;
#1891 = CARTESIAN_POINT ( 'NONE',  ( -3.690000000000062119, -2.250000000000037748, 8.800000000000000711 ) ) ;
#1892 = EDGE_CURVE ( 'NONE', #5721, #3046, #555, .T. ) ;
#1893 = DIRECTION ( 'NONE',  ( 0.000000000000000000, -1.000000000000000000, 0.000000000000000000 ) ) ;
#1894 = CARTESIAN_POINT ( 'NONE',  ( 0.000000000000000000, 2.439999999999999947, 19.99999999999999645 ) ) ;
#1895 = FACE_OUTER_BOUND ( 'NONE', #3862, .T. ) ;
#1896 = AXIS2_PLACEMENT_3D ( 'NONE', #5933, #1059, #5431 ) ;
#1897 = VECTOR ( 'NONE', #1871, 1000.000000000000000 ) ;
#1898 = ORIENTED_EDGE ( 'NONE', *, *, #1692, .T. ) ;
#1899 = DIRECTION ( 'NONE',  ( -0.7071067811865475727, -0.000000000000000000, -0.7071067811865475727 ) ) ;
#1900 = VERTEX_POINT ( 'NONE', #1019 ) ;
#1901 = VECTOR ( 'NONE', #6314, 1000.000000000000000 ) ;
#1902 = VERTEX_POINT ( 'NONE', #4293 ) ;
#1903 = EDGE_CURVE ( 'NONE', #4564, #5082, #4328, .T. ) ;
#1904 = ORIENTED_EDGE ( 'NONE', *, *, #6640, .F. ) ;
#1905 = PLANE ( 'NONE',  #2385 ) ;
#1906 = CARTESIAN_POINT ( 'NONE',  ( -3.930000000000063665, -3.856200122890594884, 0.000000000000000000 ) ) ;
#1907 = PRODUCT_DEFINITION_FORMATION_WITH_SPECIFIED_SOURCE ( 'ANY', '', #2867, .NOT_KNOWN. ) ;
#1908 = DIRECTION ( 'NONE',  ( 0.000000000000000000, -1.000000000000000000, 0.000000000000000000 ) ) ;
#1909 = ADVANCED_FACE ( 'NONE', ( #6495 ), #1086, .F. ) ;
#1910 = ORIENTED_EDGE ( 'NONE', *, *, #4010, .T. ) ;
#1911 = CARTESIAN_POINT ( 'NONE',  ( 3.340000000000000302, -0.9500000000000016209, 8.800000000000000711 ) ) ;
#1912 = ORIENTED_EDGE ( 'NONE', *, *, #1961, .T. ) ;
#1913 = DIRECTION ( 'NONE',  ( 0.000000000000000000, 0.000000000000000000, 1.000000000000000000 ) ) ;
#1914 = DIRECTION ( 'NONE',  ( 0.000000000000000000, 1.000000000000000000, 0.000000000000000000 ) ) ;
#1915 = EDGE_CURVE ( 'NONE', #4978, #6790, #58, .T. ) ;
#1916 = VECTOR ( 'NONE', #4648, 1000.000000000000000 ) ;
#1917 = ORIENTED_EDGE ( 'NONE', *, *, #1128, .F. ) ;
#1918 = DIRECTION ( 'NONE',  ( -1.000000000000000000, 1.112002228190260952E-16, 0.000000000000000000 ) ) ;
#1919 = DIRECTION ( 'NONE',  ( -0.000000000000000000, 0.000000000000000000, 1.000000000000000000 ) ) ;
#1920 = VECTOR ( 'NONE', #1708, 1000.000000000000000 ) ;
#1921 = CARTESIAN_POINT ( 'NONE',  ( -7.300000000000000711, 3.750000000000001776, 8.800000000000000711 ) ) ;
#1922 = FACE_OUTER_BOUND ( 'NONE', #934, .T. ) ;
#1923 = ORIENTED_EDGE ( 'NONE', *, *, #3141, .F. ) ;
#1924 = LINE ( 'NONE', #792, #1598 ) ;
#1925 = EDGE_CURVE ( 'NONE', #2722, #109, #4261, .T. ) ;
#1926 = FACE_OUTER_BOUND ( 'NONE', #1096, .T. ) ;
#1927 =( BOUNDED_CURVE ( )  B_SPLINE_CURVE ( 3, ( #1445, #7001, #2088, #2125 ),
 .UNSPECIFIED., .F., .F. ) 
 B_SPLINE_CURVE_WITH_KNOTS ( ( 4, 4 ),
 ( 4.712388980384689674, 6.283185307179586232 ),
 .UNSPECIFIED. ) 
 CURVE ( )  GEOMETRIC_REPRESENTATION_ITEM ( )  RATIONAL_B_SPLINE_CURVE ( ( 1.000000000000000000, 0.8047378541243649375, 0.8047378541243649375, 1.000000000000000000 ) ) 
 REPRESENTATION_ITEM ( '' )  );
#1928 = VECTOR ( 'NONE', #1300, 1000.000000000000114 ) ;
#1929 = ORIENTED_EDGE ( 'NONE', *, *, #4059, .F. ) ;
#1930 = LINE ( 'NONE', #6276, #348 ) ;
#1931 = DIRECTION ( 'NONE',  ( -0.000000000000000000, -0.000000000000000000, 1.000000000000000000 ) ) ;
#1932 = DIRECTION ( 'NONE',  ( 0.000000000000000000, -1.000000000000000000, 0.000000000000000000 ) ) ;
#1933 = CARTESIAN_POINT ( 'NONE',  ( 2.272710017320640840E-16, 2.043799877109405916, 0.000000000000000000 ) ) ;
#1934 = VECTOR ( 'NONE', #6985, 1000.000000000000000 ) ;
#1935 = LINE ( 'NONE', #3655, #820 ) ;
#1936 = ORIENTED_EDGE ( 'NONE', *, *, #3690, .T. ) ;
#1937 = CARTESIAN_POINT ( 'NONE',  ( -7.799999999999998046, -0.9499999999999990674, 1.400000000000008793 ) ) ;
#1938 = EDGE_CURVE ( 'NONE', #2695, #2688, #2225, .T. ) ;
#1939 = ORIENTED_EDGE ( 'NONE', *, *, #4633, .T. ) ;
#1940 = VECTOR ( 'NONE', #5219, 1000.000000000000000 ) ;
#1941 = VERTEX_POINT ( 'NONE', #1055 ) ;
#1942 = VECTOR ( 'NONE', #4732, 1000.000000000000000 ) ;
#1943 = ORIENTED_EDGE ( 'NONE', *, *, #3077, .F. ) ;
#1944 = CARTESIAN_POINT ( 'NONE',  ( -3.340000000000000302, -2.250000000000037748, 0.000000000000000000 ) ) ;
#1945 = CARTESIAN_POINT ( 'NONE',  ( 3.930000000000001048, 2.243799877109404317, 0.000000000000000000 ) ) ;
#1946 = CARTESIAN_POINT ( 'NONE',  ( -6.229999999999999538, 2.243799877109404317, 8.800000000000000711 ) ) ;
#1947 = EDGE_CURVE ( 'NONE', #3975, #200, #5393, .T. ) ;
#1948 = DIRECTION ( 'NONE',  ( 0.000000000000000000, 0.000000000000000000, -1.000000000000000000 ) ) ;
#1949 = EDGE_CURVE ( 'NONE', #4060, #2294, #24, .T. ) ;
#1950 = VERTEX_POINT ( 'NONE', #5929 ) ;
#1951 = CARTESIAN_POINT ( 'NONE',  ( -7.500000000000000000, -3.749999999999999112, 15.69999999999999929 ) ) ;
#1952 = ORIENTED_EDGE ( 'NONE', *, *, #6087, .T. ) ;
#1953 = VECTOR ( 'NONE', #1765, 1000.000000000000114 ) ;
#1954 = LINE ( 'NONE', #2523, #786 ) ;
#1955 = VECTOR ( 'NONE', #2183, 1000.000000000000000 ) ;
#1956 = CARTESIAN_POINT ( 'NONE',  ( 3.340000000000000302, -2.043799877109405472, 0.000000000000000000 ) ) ;
#1957 = MANIFOLD_SOLID_BREP ( '\X2\0412044b044004350437\X0\-\X2\0412044b0442044f043d04430442044c\X0\7', #1065 ) ;
#1958 = ORIENTED_EDGE ( 'NONE', *, *, #2064, .F. ) ;
#1959 = CARTESIAN_POINT ( 'NONE',  ( -0.8000000000000003775, 0.9500000000000005107, 1.400000000000008349 ) ) ;
#1960 = LINE ( 'NONE', #2928, #1703 ) ;
#1961 = EDGE_CURVE ( 'NONE', #340, #1082, #6564, .T. ) ;
#1962 = FACE_OUTER_BOUND ( 'NONE', #6036, .T. ) ;
#1963 = CARTESIAN_POINT ( 'NONE',  ( -1.908195823574477154E-15, 2.639999999999984581, 19.99999999999999645 ) ) ;
#1964 = ORIENTED_EDGE ( 'NONE', *, *, #1876, .F. ) ;
#1965 = FACE_OUTER_BOUND ( 'NONE', #65, .T. ) ;
#1966 = CARTESIAN_POINT ( 'NONE',  ( 5.880000000000000782, -2.250000000000037748, 8.800000000000000711 ) ) ;
#1967 = CARTESIAN_POINT ( 'NONE',  ( 1.740000000000000213, -3.650000000000018563, 8.800000000000000711 ) ) ;
#1968 = LINE ( 'NONE', #5131, #6228 ) ;
#1969 = LINE ( 'NONE', #834, #6522 ) ;
#1970 = ADVANCED_FACE ( 'NONE', ( #3872 ), #2658, .F. ) ;
#1971 = DIRECTION ( 'NONE',  ( -0.7071067811865425767, 0.000000000000000000, -0.7071067811865525687 ) ) ;
#1972 = DIRECTION ( 'NONE',  ( -0.000000000000000000, -0.000000000000000000, -1.000000000000000000 ) ) ;
#1973 = ORIENTED_EDGE ( 'NONE', *, *, #4944, .T. ) ;
#1974 = EDGE_LOOP ( 'NONE', ( #6353, #6615, #117, #3566 ) ) ;
#1975 = ORIENTED_EDGE ( 'NONE', *, *, #6720, .T. ) ;
#1976 = ORIENTED_EDGE ( 'NONE', *, *, #15, .T. ) ;
#1977 = CARTESIAN_POINT ( 'NONE',  ( -3.930000000000063665, -3.856200122890594884, 8.800000000000000711 ) ) ;
#1978 = VECTOR ( 'NONE', #6094, 1000.000000000000000 ) ;
#1979 = EDGE_CURVE ( 'NONE', #2613, #5673, #6528, .T. ) ;
#1980 = DIRECTION ( 'NONE',  ( 0.000000000000000000, -0.000000000000000000, -1.000000000000000000 ) ) ;
#1982 = CARTESIAN_POINT ( 'NONE',  ( 1.740000000000000213, -0.9500000000000000666, 8.800000000000000711 ) ) ;
#1981 = APPROVAL ( #5810, 'UNSPECIFIED' ) ;
#1983 = VECTOR ( 'NONE', #3151, 1000.000000000000000 ) ;
#1984 = LINE ( 'NONE', #6964, #782 ) ;
#1985 = ORIENTED_EDGE ( 'NONE', *, *, #1856, .T. ) ;
#1986 = DIRECTION ( 'NONE',  ( 0.000000000000000000, -1.000000000000000000, 0.000000000000000000 ) ) ;
#1987 = VERTEX_POINT ( 'NONE', #6998 ) ;
#1988 = VECTOR ( 'NONE', #4127, 1000.000000000000000 ) ;
#1989 = EDGE_CURVE ( 'NONE', #20, #6958, #1620, .T. ) ;
#1990 = FACE_OUTER_BOUND ( 'NONE', #2579, .T. ) ;
#1991 = CARTESIAN_POINT ( 'NONE',  ( 8.699999999999997513, -4.649999999999998579, 10.19999999999999929 ) ) ;
#1992 = FACE_OUTER_BOUND ( 'NONE', #2653, .T. ) ;
#1993 = EDGE_LOOP ( 'NONE', ( #6577, #6238, #473, #202 ) ) ;
#1994 = LINE ( 'NONE', #6503, #2619 ) ;
#1995 = PLANE ( 'NONE',  #4217 ) ;
#1996 = CARTESIAN_POINT ( 'NONE',  ( 1.740000000000000213, -3.650000000000018563, 8.800000000000000711 ) ) ;
#1997 = FACE_BOUND ( 'NONE', #5101, .T. ) ;
#1998 = ORIENTED_EDGE ( 'NONE', *, *, #2188, .F. ) ;
#1999 = ORIENTED_EDGE ( 'NONE', *, *, #1593, .T. ) ;
#2000 = CARTESIAN_POINT ( 'NONE',  ( 0.000000000000000000, -2.640000000000017888, 19.99999999999999645 ) ) ;
#2001 = CARTESIAN_POINT ( 'NONE',  ( 3.512224969344603931, -3.337775030655401931, 6.888101771213841040 ) ) ;
#2002 = EDGE_CURVE ( 'NONE', #3301, #260, #3200, .T. ) ;
#2003 = CARTESIAN_POINT ( 'NONE',  ( 1.150000000000000799, 2.243799877109404317, 0.000000000000000000 ) ) ;
#2004 =( NAMED_UNIT ( * ) SI_UNIT ( $, .STERADIAN. ) SOLID_ANGLE_UNIT ( ) );
#2005 = PLANE ( 'NONE',  #1864 ) ;
#2006 = CARTESIAN_POINT ( 'NONE',  ( 4.280000000000001137, -2.250000000000037748, 0.000000000000000000 ) ) ;
#2007 = CARTESIAN_POINT ( 'NONE',  ( 2.240000000000053060, -2.440000000000000391, 19.74999999999999289 ) ) ;
#2008 = VERTEX_POINT ( 'NONE', #5357 ) ;
#2009 = ORIENTED_EDGE ( 'NONE', *, *, #329, .F. ) ;
#2010 = EDGE_CURVE ( 'NONE', #6039, #2482, #2796, .T. ) ;
#2011 = ORIENTED_EDGE ( 'NONE', *, *, #2550, .T. ) ;
#2012 = DIRECTION ( 'NONE',  ( -1.000000000000000000, 1.112002228190260952E-16, 0.000000000000000000 ) ) ;
#2013 = VECTOR ( 'NONE', #5207, 1000.000000000000000 ) ;
#2014 = CARTESIAN_POINT ( 'NONE',  ( 2.839999999999999858, 0.000000000000000000, 19.74999999999999645 ) ) ;
#2015 = LINE ( 'NONE', #6922, #741 ) ;
#2016 = LINE ( 'NONE', #4197, #2605 ) ;
#2017 = ORIENTED_EDGE ( 'NONE', *, *, #6188, .T. ) ;
#2018 = AXIS2_PLACEMENT_3D ( 'NONE', #6768, #762, #1431 ) ;
#2019 = DIRECTION ( 'NONE',  ( -1.000000000000000000, -7.228014483236696555E-16, 0.000000000000000000 ) ) ;
#2020 = ORIENTED_EDGE ( 'NONE', *, *, #1558, .F. ) ;
#2021 = PLANE ( 'NONE',  #3523 ) ;
#2022 = LINE ( 'NONE', #3669, #1033 ) ;
#2023 = DIRECTION ( 'NONE',  ( 0.000000000000000000, -0.000000000000000000, 1.000000000000000000 ) ) ;
#2024 = EDGE_CURVE ( 'NONE', #652, #909, #5961, .T. ) ;
#2025 = ORIENTED_EDGE ( 'NONE', *, *, #2591, .T. ) ;
#2026 = ORIENTED_EDGE ( 'NONE', *, *, #6375, .T. ) ;
#2027 = DIRECTION ( 'NONE',  ( 0.000000000000000000, -1.000000000000000000, 0.000000000000000000 ) ) ;
#2028 = CARTESIAN_POINT ( 'NONE',  ( 0.8000000000000001554, -3.650000000000000799, 0.000000000000000000 ) ) ;
#2029 = LINE ( 'NONE', #1422, #5448 ) ;
#2030 = DIRECTION ( 'NONE',  ( -0.000000000000000000, -0.000000000000000000, -1.000000000000000000 ) ) ;
#2031 = ORIENTED_EDGE ( 'NONE', *, *, #1989, .F. ) ;
#2032 = LINE ( 'NONE', #5839, #5922 ) ;
#2033 = VECTOR ( 'NONE', #207, 1000.000000000000000 ) ;
#2034 = EDGE_CURVE ( 'NONE', #5082, #6081, #3300, .T. ) ;
#2035 = DIRECTION ( 'NONE',  ( -0.000000000000000000, -0.6156614753256561823, -0.7880107536067235685 ) ) ;
#2036 = DIRECTION ( 'NONE',  ( 1.000000000000000000, 0.000000000000000000, 0.000000000000000000 ) ) ;
#2037 = AXIS2_PLACEMENT_3D ( 'NONE', #5947, #6981, #4248 ) ;
#2038 = CARTESIAN_POINT ( 'NONE',  ( 1.389999999999937730, -2.250000000000037748, 8.800000000000000711 ) ) ;
#2039 = LINE ( 'NONE', #4223, #4188 ) ;
#2040 = LINE ( 'NONE', #6769, #1728 ) ;
#2041 = ORIENTED_EDGE ( 'NONE', *, *, #4939, .F. ) ;
#2042 = VECTOR ( 'NONE', #5260, 1000.000000000000000 ) ;
#2043 = ORIENTED_EDGE ( 'NONE', *, *, #6426, .F. ) ;
#2044 = VECTOR ( 'NONE', #5407, 1000.000000000000000 ) ;
#2045 = VERTEX_POINT ( 'NONE', #2154 ) ;
#2046 = AXIS2_PLACEMENT_3D ( 'NONE', #3567, #1817, #2418 ) ;
#2047 = DIRECTION ( 'NONE',  ( -1.000000000000000000, 0.000000000000000000, 0.000000000000000000 ) ) ;
#2048 = DIRECTION ( 'NONE',  ( 0.000000000000000000, -1.000000000000000000, 0.000000000000000000 ) ) ;
#2049 = AXIS2_PLACEMENT_3D ( 'NONE', #6354, #6995, #4290 ) ;
#2050 = LINE ( 'NONE', #3695, #399 ) ;
#2051 = EDGE_CURVE ( 'NONE', #5799, #5769, #4924, .T. ) ;
#2052 = CARTESIAN_POINT ( 'NONE',  ( 9.500000000000001776, -2.100000000000000089, 14.69999999999999751 ) ) ;
#2053 = VECTOR ( 'NONE', #4028, 1000.000000000000000 ) ;
#2054 = ORIENTED_EDGE ( 'NONE', *, *, #3235, .F. ) ;
#2055 = AXIS2_PLACEMENT_3D ( 'NONE', #6272, #1390, #6199 ) ;
#2056 = DIRECTION ( 'NONE',  ( 0.000000000000000000, 1.000000000000000000, 0.000000000000000000 ) ) ;
#2057 = ORIENTED_EDGE ( 'NONE', *, *, #1938, .T. ) ;
#2058 = EDGE_CURVE ( 'NONE', #5859, #6153, #1580, .T. ) ;
#2059 = DIRECTION ( 'NONE',  ( -1.000000000000000000, -0.000000000000000000, -0.000000000000000000 ) ) ;
#2060 = DIRECTION ( 'NONE',  ( 0.000000000000000000, 0.000000000000000000, -1.000000000000000000 ) ) ;
#2061 = ORIENTED_EDGE ( 'NONE', *, *, #2205, .F. ) ;
#2062 = VERTEX_POINT ( 'NONE', #1294 ) ;
#2063 = DIRECTION ( 'NONE',  ( 0.000000000000000000, -0.000000000000000000, 1.000000000000000000 ) ) ;
#2064 = EDGE_CURVE ( 'NONE', #2482, #2259, #763, .T. ) ;
#2065 = FACE_OUTER_BOUND ( 'NONE', #4472, .T. ) ;
#2066 = LINE ( 'NONE', #5371, #3375 ) ;
#2067 = APPROVAL ( #1607, 'UNSPECIFIED' ) ;
#2068 = AXIS2_PLACEMENT_3D ( 'NONE', #1537, #2078, #5420 ) ;
#2069 = ORIENTED_EDGE ( 'NONE', *, *, #5241, .T. ) ;
#2070 = CARTESIAN_POINT ( 'NONE',  ( -2.239999999999947367, -2.640000000000017888, 19.99999999999999645 ) ) ;
#2071 = LINE ( 'NONE', #1003, #3977 ) ;
#2072 = CARTESIAN_POINT ( 'NONE',  ( -8.700000000000002842, 4.649999999999999467, 10.19999999999999929 ) ) ;
#2073 = CARTESIAN_POINT ( 'NONE',  ( -2.272710017320640347E-16, -2.043799877109405472, 0.000000000000000000 ) ) ;
#2074 = PERSON_AND_ORGANIZATION ( #6974, #6213 ) ;
#2075 = LINE ( 'NONE', #3755, #4929 ) ;
#2076 = EDGE_CURVE ( 'NONE', #6871, #4628, #5634, .T. ) ;
#2077 = DIRECTION ( 'NONE',  ( 1.000000000000000000, 1.156482317317871478E-16, -0.000000000000000000 ) ) ;
#2078 = DIRECTION ( 'NONE',  ( -1.000000000000000000, 0.000000000000000000, 0.000000000000000000 ) ) ;
#2079 = EDGE_CURVE ( 'NONE', #6907, #2417, #3440, .T. ) ;
#2080 = ORIENTED_EDGE ( 'NONE', *, *, #2850, .T. ) ;
#2081 = ORIENTED_EDGE ( 'NONE', *, *, #4735, .T. ) ;
#2082 = ORIENTED_EDGE ( 'NONE', *, *, #406, .F. ) ;
#2083 = DIRECTION ( 'NONE',  ( -1.000000000000000000, 0.000000000000000000, 0.000000000000000000 ) ) ;
#2084 = DIRECTION ( 'NONE',  ( 0.000000000000000000, -1.000000000000000000, 0.000000000000000000 ) ) ;
#2085 = DIRECTION ( 'NONE',  ( 0.000000000000000000, -1.000000000000000000, 0.000000000000000000 ) ) ;
#2086 = DIRECTION ( 'NONE',  ( -0.000000000000000000, 0.000000000000000000, -1.000000000000000000 ) ) ;
#2087 = ORIENTED_EDGE ( 'NONE', *, *, #1374, .T. ) ;
#2088 = CARTESIAN_POINT ( 'NONE',  ( 9.168629150101523351, 4.650000000000001243, 10.19999999999999218 ) ) ;
#2089 = VECTOR ( 'NONE', #2536, 1000.000000000000114 ) ;
#2090 = EDGE_CURVE ( 'NONE', #3542, #4234, #6100, .T. ) ;
#2091 = ORIENTED_EDGE ( 'NONE', *, *, #1853, .T. ) ;
#2092 = CARTESIAN_POINT ( 'NONE',  ( -2.589999999999999858, 0.000000000000000000, 19.99999999999999645 ) ) ;
#2093 = FACE_OUTER_BOUND ( 'NONE', #4972, .T. ) ;
#2094 = VECTOR ( 'NONE', #6393, 1000.000000000000000 ) ;
#2095 = EDGE_CURVE ( 'NONE', #6927, #4596, #3368, .T. ) ;
#2096 = ORIENTED_EDGE ( 'NONE', *, *, #4317, .F. ) ;
#2097 = VERTEX_POINT ( 'NONE', #2830 ) ;
#2098 = LINE ( 'NONE', #5942, #6989 ) ;
#2099 = DIRECTION ( 'NONE',  ( 1.000000000000000000, 0.000000000000000000, 0.000000000000000000 ) ) ;
#2100 = DIRECTION ( 'NONE',  ( 1.000000000000000000, 0.000000000000000000, -0.000000000000000000 ) ) ;
#2101 = ORIENTED_EDGE ( 'NONE', *, *, #6585, .T. ) ;
#2102 = ORIENTED_EDGE ( 'NONE', *, *, #6141, .F. ) ;
#2103 = CARTESIAN_POINT ( 'NONE',  ( 5.379999999999999893, 2.439999999999999947, 19.99999999999999645 ) ) ;
#2104 = LINE ( 'NONE', #5412, #6013 ) ;
#2105 = FACE_OUTER_BOUND ( 'NONE', #5373, .T. ) ;
#2106 = ORIENTED_EDGE ( 'NONE', *, *, #1741, .T. ) ;
#2107 = LINE ( 'NONE', #5380, #4552 ) ;
#2108 = PERSON_AND_ORGANIZATION ( #6974, #6213 ) ;
#2109 = DIRECTION ( 'NONE',  ( -1.000000000000000000, -0.000000000000000000, -0.000000000000000000 ) ) ;
#2110 = DIRECTION ( 'NONE',  ( -0.000000000000000000, -1.000000000000000000, -0.000000000000000000 ) ) ;
#2111 = DIRECTION ( 'NONE',  ( -0.000000000000000000, -0.000000000000000000, -1.000000000000000000 ) ) ;
#2112 = ORIENTED_EDGE ( 'NONE', *, *, #6142, .F. ) ;
#2113 = ORIENTED_EDGE ( 'NONE', *, *, #2903, .T. ) ;
#2114 = EDGE_CURVE ( 'NONE', #2888, #2866, #5527, .T. ) ;
#2115 = EDGE_CURVE ( 'NONE', #6134, #6871, #197, .T. ) ;
#2116 = EDGE_LOOP ( 'NONE', ( #2339, #3323, #1119, #6984 ) ) ;
#2117 = DIRECTION ( 'NONE',  ( 0.000000000000000000, 0.000000000000000000, -1.000000000000000000 ) ) ;
#2118 = DIRECTION ( 'NONE',  ( 0.000000000000000000, -0.000000000000000000, -1.000000000000000000 ) ) ;
#2119 = CARTESIAN_POINT ( 'NONE',  ( -1.739999999999999991, -3.650000000000000799, 8.800000000000000711 ) ) ;
#2120 = VECTOR ( 'NONE', #2930, 1000.000000000000000 ) ;
#2121 = ADVANCED_FACE ( 'NONE', ( #1260 ), #6065, .F. ) ;
#2122 = CARTESIAN_POINT ( 'NONE',  ( -7.799999999999998046, 0.9500000000000009548, 8.800000000000000711 ) ) ;
#2123 = EDGE_LOOP ( 'NONE', ( #2437, #4933, #6744, #1417 ) ) ;
#2124 = EDGE_CURVE ( 'NONE', #2378, #3365, #1795, .T. ) ;
#2125 = CARTESIAN_POINT ( 'NONE',  ( 8.699999999999997513, 4.650000000000001243, 10.19999999999999929 ) ) ;
#2126 = ORIENTED_EDGE ( 'NONE', *, *, #3303, .T. ) ;
#2127 = AXIS2_PLACEMENT_3D ( 'NONE', #5928, #2084, #1054 ) ;
#2128 = CARTESIAN_POINT ( 'NONE',  ( -0.7999999999999999334, -3.650000000000000799, 8.800000000000000711 ) ) ;
#2129 = DIRECTION ( 'NONE',  ( -0.000000000000000000, 0.000000000000000000, -1.000000000000000000 ) ) ;
#2130 = ORIENTED_EDGE ( 'NONE', *, *, #4019, .F. ) ;
#2131 = ORIENTED_EDGE ( 'NONE', *, *, #1151, .T. ) ;
#2132 = CARTESIAN_POINT ( 'NONE',  ( 7.299999999999998934, -3.750000000000001776, 0.000000000000000000 ) ) ;
#2133 = CARTESIAN_POINT ( 'NONE',  ( 0.000000000000000000, 2.439999999999999947, 14.69999999999999751 ) ) ;
#2134 = LINE ( 'NONE', #3815, #1207 ) ;
#2135 = EDGE_CURVE ( 'NONE', #2204, #3137, #4471, .T. ) ;
#2137 = ORIENTED_EDGE ( 'NONE', *, *, #5214, .F. ) ;
#2136 = ADVANCED_FACE ( 'NONE', ( #233 ), #5602, .F. ) ;
#2138 = ORIENTED_EDGE ( 'NONE', *, *, #1530, .F. ) ;
#2139 = CARTESIAN_POINT ( 'NONE',  ( -1.149999999999999023, 3.849999999999961897, 8.800000000000000711 ) ) ;
#2140 = ORIENTED_EDGE ( 'NONE', *, *, #2861, .F. ) ;
#2141 = LINE ( 'NONE', #2750, #3313 ) ;
#2142 = CALENDAR_DATE ( 2026, 7, 4 ) ;
#2143 = LINE ( 'NONE', #545, #2778 ) ;
#2144 = FACE_OUTER_BOUND ( 'NONE', #944, .T. ) ;
#2145 = CARTESIAN_POINT ( 'NONE',  ( -3.930000000000063665, -3.856200122890594884, 8.800000000000000711 ) ) ;
#2146 = VECTOR ( 'NONE', #2264, 1000.000000000000000 ) ;
#2147 = EDGE_CURVE ( 'NONE', #5390, #3900, #134, .T. ) ;
#2148 = EDGE_LOOP ( 'NONE', ( #2151, #3273, #4349, #848, #1773 ) ) ;
#2149 = VERTEX_POINT ( 'NONE', #1726 ) ;
#2150 = VECTOR ( 'NONE', #2748, 1000.000000000000000 ) ;
#2151 = ORIENTED_EDGE ( 'NONE', *, *, #1418, .T. ) ;
#2152 = FACE_OUTER_BOUND ( 'NONE', #6743, .T. ) ;
#2153 = LINE ( 'NONE', #4327, #5304 ) ;
#2154 = CARTESIAN_POINT ( 'NONE',  ( -1.739999999999999991, -2.250000000000037748, 0.000000000000000000 ) ) ;
#2155 = VECTOR ( 'NONE', #670, 1000.000000000000000 ) ;
#2156 = ADVANCED_FACE ( 'NONE', ( #698 ), #165, .F. ) ;
#2157 = VECTOR ( 'NONE', #1371, 1000.000000000000000 ) ;
#2158 = ADVANCED_FACE ( 'NONE', ( #5668 ), #3974, .F. ) ;
#2159 = CARTESIAN_POINT ( 'NONE',  ( -5.879999999999999893, 2.243799877109404761, 8.800000000000000711 ) ) ;
#2160 = ORIENTED_EDGE ( 'NONE', *, *, #2800, .F. ) ;
#2161 = LINE ( 'NONE', #2801, #4965 ) ;
#2162 = AXIS2_PLACEMENT_3D ( 'NONE', #1921, #753, #1349 ) ;
#2163 = ORIENTED_EDGE ( 'NONE', *, *, #69, .T. ) ;
#2164 = PLANE ( 'NONE',  #802 ) ;
#2165 = VECTOR ( 'NONE', #580, 1000.000000000000000 ) ;
#2166 = EDGE_CURVE ( 'NONE', #1060, #552, #4959, .T. ) ;
#2167 = LINE ( 'NONE', #4337, #2376 ) ;
#2168 = EDGE_LOOP ( 'NONE', ( #6144, #5027, #5312, #6812 ) ) ;
#2169 = ORIENTED_EDGE ( 'NONE', *, *, #2771, .T. ) ;
#2170 = EDGE_LOOP ( 'NONE', ( #3165, #6663, #4192, #5168 ) ) ;
#2171 = AXIS2_PLACEMENT_3D ( 'NONE', #3500, #6731, #1855 ) ;
#2172 = LINE ( 'NONE', #1524, #2387 ) ;
#2173 = CARTESIAN_POINT ( 'NONE',  ( 4.280000000000001137, 2.243799877109403873, 8.800000000000000711 ) ) ;
#2174 = PLANE ( 'NONE',  #4061 ) ;
#2175 = EDGE_LOOP ( 'NONE', ( #1241, #1626, #3890, #2239 ) ) ;
#2176 = CARTESIAN_POINT ( 'NONE',  ( -7.277770989856070294, 0.4277709898560737023, 2.068422651622206399 ) ) ;
#2177 = CARTESIAN_POINT ( 'NONE',  ( 7.800000000000001599, -0.9500000000000007327, 1.400000000000008793 ) ) ;
#2178 = ADVANCED_FACE ( 'NONE', ( #2262 ), #4504, .T. ) ;
#2179 = ORIENTED_EDGE ( 'NONE', *, *, #2336, .F. ) ;
#2180 = CARTESIAN_POINT ( 'NONE',  ( -7.500000000000000888, -1.500000000000000666, 11.19999999999999751 ) ) ;
#2181 = FACE_OUTER_BOUND ( 'NONE', #2919, .T. ) ;
#2182 = DIRECTION ( 'NONE',  ( -0.000000000000000000, 0.000000000000000000, 1.000000000000000000 ) ) ;
#2183 = DIRECTION ( 'NONE',  ( 0.000000000000000000, -1.000000000000000000, 0.000000000000000000 ) ) ;
#2184 = EDGE_LOOP ( 'NONE', ( #1555, #3778, #5620, #4123 ) ) ;
#2185 = AXIS2_PLACEMENT_3D ( 'NONE', #1227, #6331, #4204 ) ;
#2186 = AXIS2_PLACEMENT_3D ( 'NONE', #3120, #5742, #6386 ) ;
#2187 = ORIENTED_EDGE ( 'NONE', *, *, #1233, .F. ) ;
#2188 = EDGE_CURVE ( 'NONE', #1950, #5744, #1190, .T. ) ;
#2189 = ORIENTED_EDGE ( 'NONE', *, *, #396, .T. ) ;
#2190 = DIRECTION ( 'NONE',  ( 1.000000000000000000, -1.112002228190260952E-16, 0.000000000000000000 ) ) ;
#2191 = LINE ( 'NONE', #6921, #199 ) ;
#2192 = CARTESIAN_POINT ( 'NONE',  ( -3.929999999999999272, 3.849999999999961897, 8.800000000000000711 ) ) ;
#2193 = DIRECTION ( 'NONE',  ( -1.000000000000000000, -0.000000000000000000, -0.000000000000000000 ) ) ;
#2194 = ORIENTED_EDGE ( 'NONE', *, *, #5425, .F. ) ;
#2195 = CARTESIAN_POINT ( 'NONE',  ( -7.799999999999998046, 0.9500000000000009548, 1.400000000000008793 ) ) ;
#2196 = VECTOR ( 'NONE', #3888, 1000.000000000000000 ) ;
#2197 = ADVANCED_FACE ( 'NONE', ( #1895 ), #4741, .F. ) ;
#2198 = VERTEX_POINT ( 'NONE', #3011 ) ;
#2199 = DIRECTION ( 'NONE',  ( -0.000000000000000000, -0.000000000000000000, -1.000000000000000000 ) ) ;
#2200 = LINE ( 'NONE', #3843, #2716 ) ;
#2201 = VERTEX_POINT ( 'NONE', #3548 ) ;
#2202 = EDGE_CURVE ( 'NONE', #1902, #234, #4225, .T. ) ;
#2203 = ORIENTED_EDGE ( 'NONE', *, *, #4130, .T. ) ;
#2204 = VERTEX_POINT ( 'NONE', #6349 ) ;
#2205 = EDGE_CURVE ( 'NONE', #4978, #2695, #3581, .T. ) ;
#2206 = DIRECTION ( 'NONE',  ( 0.000000000000000000, 0.000000000000000000, -1.000000000000000000 ) ) ;
#2207 = AXIS2_PLACEMENT_3D ( 'NONE', #6242, #1466, #5235 ) ;
#2208 = CARTESIAN_POINT ( 'NONE',  ( 8.893799877109406893, 0.000000000000000000, 0.000000000000000000 ) ) ;
#2209 = VERTEX_POINT ( 'NONE', #2007 ) ;
#2210 = CARTESIAN_POINT ( 'NONE',  ( 6.230000000000001315, 3.849999999999961897, 8.800000000000000711 ) ) ;
#2211 = LINE ( 'NONE', #3894, #5787 ) ;
#2212 = ORIENTED_EDGE ( 'NONE', *, *, #4158, .F. ) ;
#2213 = PLANE ( 'NONE',  #6257 ) ;
#2214 = DIRECTION ( 'NONE',  ( -1.000000000000000000, 1.112002228190260952E-16, 0.000000000000000000 ) ) ;
#2215 = VECTOR ( 'NONE', #4977, 1000.000000000000000 ) ;
#2216 = CARTESIAN_POINT ( 'NONE',  ( -9.500000000000001776, -2.949999999999999734, 10.19999999999999929 ) ) ;
#2217 = CARTESIAN_POINT ( 'NONE',  ( 5.880000000000000782, -3.650000000000036326, 8.800000000000000711 ) ) ;
#2218 = ORIENTED_EDGE ( 'NONE', *, *, #6418, .T. ) ;
#2219 = DIRECTION ( 'NONE',  ( 0.000000000000000000, 0.000000000000000000, -1.000000000000000000 ) ) ;
#2220 = ADVANCED_FACE ( 'NONE', ( #4083 ), #4708, .T. ) ;
#2221 = EDGE_LOOP ( 'NONE', ( #4975, #2405, #5071, #750 ) ) ;
#2222 = VERTEX_POINT ( 'NONE', #2980 ) ;
#2223 = LINE ( 'NONE', #4395, #5796 ) ;
#2224 = DIRECTION ( 'NONE',  ( 0.000000000000000000, 1.000000000000000000, 0.000000000000000000 ) ) ;
#2225 = LINE ( 'NONE', #2692, #6529 ) ;
#2226 = ORIENTED_EDGE ( 'NONE', *, *, #2570, .F. ) ;
#2227 = EDGE_CURVE ( 'NONE', #6513, #3726, #1468, .T. ) ;
#2228 = DIRECTION ( 'NONE',  ( 0.000000000000000000, -1.000000000000000000, 0.000000000000000000 ) ) ;
#2229 = VERTEX_POINT ( 'NONE', #5814 ) ;
#2230 = LINE ( 'NONE', #6498, #709 ) ;
#2231 = ORIENTED_EDGE ( 'NONE', *, *, #5720, .F. ) ;
#2232 = CARTESIAN_POINT ( 'NONE',  ( 3.340000000000000302, 2.043799877109404139, 0.000000000000000000 ) ) ;
#2233 = VECTOR ( 'NONE', #6943, 1000.000000000000000 ) ;
#2234 = EDGE_CURVE ( 'NONE', #169, #3301, #1935, .T. ) ;
#2235 = LOCAL_TIME ( 13, 50, 11.00000000000000000, #7021 ) ;
#2236 = DIRECTION ( 'NONE',  ( 1.000000000000000000, -1.084202172485503842E-15, 0.000000000000000000 ) ) ;
#2237 = ORIENTED_EDGE ( 'NONE', *, *, #1116, .F. ) ;
#2238 = DIRECTION ( 'NONE',  ( -1.000000000000000000, -0.000000000000000000, -0.000000000000000000 ) ) ;
#2239 = ORIENTED_EDGE ( 'NONE', *, *, #1589, .F. ) ;
#2240 = ORIENTED_EDGE ( 'NONE', *, *, #2373, .F. ) ;
#2241 = CARTESIAN_POINT ( 'NONE',  ( 0.8000000000000001554, -0.9500000000000016209, 8.800000000000000711 ) ) ;
#2242 = VECTOR ( 'NONE', #5499, 1000.000000000000000 ) ;
#2243 = VECTOR ( 'NONE', #660, 1000.000000000000000 ) ;
#2244 = EDGE_LOOP ( 'NONE', ( #3937, #3816, #520, #4346 ) ) ;
#2245 = CARTESIAN_POINT ( 'NONE',  ( -7.799999999999998046, 0.9500000000000009548, 1.400000000000008793 ) ) ;
#2246 = EDGE_CURVE ( 'NONE', #3318, #5662, #265, .T. ) ;
#2247 = DIRECTION ( 'NONE',  ( -1.000000000000000000, -7.228014483236696555E-16, 0.000000000000000000 ) ) ;
#2248 = VECTOR ( 'NONE', #3547, 1000.000000000000000 ) ;
#2249 = ORIENTED_EDGE ( 'NONE', *, *, #6961, .F. ) ;
#2250 = DIRECTION ( 'NONE',  ( 1.000000000000000000, -1.112002228190260952E-16, 0.000000000000000000 ) ) ;
#2251 = DIRECTION ( 'NONE',  ( -0.000000000000000000, -0.000000000000000000, -1.000000000000000000 ) ) ;
#2253 = ADVANCED_FACE ( 'NONE', ( #6244 ), #1362, .F. ) ;
#2252 = CARTESIAN_POINT ( 'NONE',  ( 7.300000000000000711, 3.750000000000001776, 8.800000000000000711 ) ) ;
#2254 = AXIS2_PLACEMENT_3D ( 'NONE', #1358, #2365, #761 ) ;
#2255 = FACE_OUTER_BOUND ( 'NONE', #5139, .T. ) ;
#2256 = VERTEX_POINT ( 'NONE', #298 ) ;
#2257 = LINE ( 'NONE', #2293, #3540 ) ;
#2258 = VERTEX_POINT ( 'NONE', #5273 ) ;
#2259 = VERTEX_POINT ( 'NONE', #408 ) ;
#2260 = CARTESIAN_POINT ( 'NONE',  ( -6.230000000000063487, -3.856200122890594884, 8.800000000000000711 ) ) ;
#2261 = LINE ( 'NONE', #3905, #5536 ) ;
#2262 = FACE_OUTER_BOUND ( 'NONE', #1122, .T. ) ;
#2263 = ORIENTED_EDGE ( 'NONE', *, *, #3380, .F. ) ;
#2264 = DIRECTION ( 'NONE',  ( -0.000000000000000000, -0.000000000000000000, -1.000000000000000000 ) ) ;
#2265 = VERTEX_POINT ( 'NONE', #6880 ) ;
#2266 = CARTESIAN_POINT ( 'NONE',  ( 8.699999999999997513, 4.650000000000001243, 10.19999999999999929 ) ) ;
#2267 = ORIENTED_EDGE ( 'NONE', *, *, #5013, .F. ) ;
#2268 = AXIS2_PLACEMENT_3D ( 'NONE', #5326, #5795, #3207 ) ;
#2269 = EDGE_CURVE ( 'NONE', #5744, #3335, #5134, .T. ) ;
#2271 = EDGE_CURVE ( 'NONE', #5973, #2749, #2431, .T. ) ;
#2270 = DIRECTION ( 'NONE',  ( 0.000000000000000000, 0.000000000000000000, 1.000000000000000000 ) ) ;
#2272 = FACE_OUTER_BOUND ( 'NONE', #5653, .T. ) ;
#2273 = ORIENTED_EDGE ( 'NONE', *, *, #3236, .F. ) ;
#2274 = AXIS2_PLACEMENT_3D ( 'NONE', #1749, #616, #3898 ) ;
#2275 = DIRECTION ( 'NONE',  ( 0.000000000000000000, 1.000000000000000000, 0.000000000000000000 ) ) ;
#2276 = EDGE_LOOP ( 'NONE', ( #2445, #2113, #400, #108, #4086, #6965, #5009, #1443, #5293, #1888, #898, #1102 ) ) ;
#2277 = EDGE_LOOP ( 'NONE', ( #6433, #4435, #3002, #5482, #2091, #3492 ) ) ;
#2278 = EDGE_CURVE ( 'NONE', #6109, #3145, #2040, .T. ) ;
#2279 = VECTOR ( 'NONE', #6876, 1000.000000000000000 ) ;
#2280 = FACE_OUTER_BOUND ( 'NONE', #4372, .T. ) ;
#2281 = ORIENTED_EDGE ( 'NONE', *, *, #3209, .T. ) ;
#2282 = DIRECTION ( 'NONE',  ( 1.000000000000000000, 0.000000000000000000, 0.000000000000000000 ) ) ;
#2283 = PLANE ( 'NONE',  #4311 ) ;
#2284 = AXIS2_PLACEMENT_3D ( 'NONE', #3506, #5092, #5738 ) ;
#2286 = ORIENTED_EDGE ( 'NONE', *, *, #3447, .F. ) ;
#2285 = VECTOR ( 'NONE', #436, 999.9999999999998863 ) ;
#2287 = EDGE_CURVE ( 'NONE', #6350, #5457, #5165, .T. ) ;
#2288 = FACE_OUTER_BOUND ( 'NONE', #1674, .T. ) ;
#2289 = DIRECTION ( 'NONE',  ( -1.000000000000000000, 0.000000000000000000, 0.000000000000000000 ) ) ;
#2290 = CARTESIAN_POINT ( 'NONE',  ( 0.8000000000000001554, -3.650000000000000799, 8.800000000000000711 ) ) ;
#2291 = DIRECTION ( 'NONE',  ( 1.000000000000000000, -0.000000000000000000, -0.000000000000000000 ) ) ;
#2292 = ORIENTED_EDGE ( 'NONE', *, *, #1915, .T. ) ;
#2293 = CARTESIAN_POINT ( 'NONE',  ( -6.229999999999999538, 3.849999999999961897, 0.000000000000000000 ) ) ;
#2294 = VERTEX_POINT ( 'NONE', #4119 ) ;
#2295 = VERTEX_POINT ( 'NONE', #3084 ) ;
#2296 = CARTESIAN_POINT ( 'NONE',  ( -4.280000000000000249, -0.9499999999999995115, 1.400000000000008793 ) ) ;
#2297 = EDGE_CURVE ( 'NONE', #3403, #6282, #6281, .T. ) ;
#2298 = FACE_BOUND ( 'NONE', #2312, .T. ) ;
#2299 = CARTESIAN_POINT ( 'NONE',  ( 1.245000000000001883, 2.439999999999999947, 18.75499999999999545 ) ) ;
#2300 = VERTEX_POINT ( 'NONE', #5199 ) ;
#2301 = VECTOR ( 'NONE', #6806, 1000.000000000000000 ) ;
#2302 = CARTESIAN_POINT ( 'NONE',  ( 0.2999999999999999889, 2.640000000000000568, 14.69999999999999751 ) ) ;
#2303 = EDGE_LOOP ( 'NONE', ( #1399, #1251, #4165, #6047 ) ) ;
#2304 = LINE ( 'NONE', #4476, #1953 ) ;
#2305 = VERTEX_POINT ( 'NONE', #335 ) ;
#2306 = CARTESIAN_POINT ( 'NONE',  ( 1.740000000000000213, 2.243799877109404317, 8.800000000000000711 ) ) ;
#2307 = VECTOR ( 'NONE', #209, 1000.000000000000000 ) ;
#2308 = DIRECTION ( 'NONE',  ( -0.000000000000000000, -0.000000000000000000, -1.000000000000000000 ) ) ;
#2309 = EDGE_CURVE ( 'NONE', #4900, #6623, #2542, .T. ) ;
#2310 = ORIENTED_EDGE ( 'NONE', *, *, #5925, .F. ) ;
#2311 = DIRECTION ( 'NONE',  ( 1.000000000000000000, 0.000000000000000000, -0.000000000000000000 ) ) ;
#2312 = EDGE_LOOP ( 'NONE', ( #5850, #6549, #6501, #2237 ) ) ;
#2313 = ORIENTED_EDGE ( 'NONE', *, *, #2271, .T. ) ;
#2314 = PLANE ( 'NONE',  #2668 ) ;
#2315 = ORIENTED_EDGE ( 'NONE', *, *, #2124, .T. ) ;
#2316 = LINE ( 'NONE', #4381, #1694 ) ;
#2317 = CARTESIAN_POINT ( 'NONE',  ( 2.590000000000052705, 0.000000000000000000, 19.99999999999999645 ) ) ;
#2318 = EDGE_CURVE ( 'NONE', #1225, #3157, #4389, .T. ) ;
#2319 = ORIENTED_EDGE ( 'NONE', *, *, #2297, .F. ) ;
#2320 = AXIS2_PLACEMENT_3D ( 'NONE', #5126, #3397, #2826 ) ;
#2321 = DIRECTION ( 'NONE',  ( -1.000000000000000000, 0.000000000000000000, 0.000000000000000000 ) ) ;
#2322 = DIRECTION ( 'NONE',  ( -0.000000000000000000, -1.000000000000000000, -0.000000000000000000 ) ) ;
#2323 = DIRECTION ( 'NONE',  ( 1.334402673828312846E-15, 1.000000000000000000, -0.000000000000000000 ) ) ;
#2324 = VECTOR ( 'NONE', #4559, 1000.000000000000000 ) ;
#2325 = LINE ( 'NONE', #6165, #301 ) ;
#2326 = ORIENTED_EDGE ( 'NONE', *, *, #2744, .T. ) ;
#2327 = DIRECTION ( 'NONE',  ( 0.000000000000000000, 0.000000000000000000, 1.000000000000000000 ) ) ;
#2328 = VERTEX_POINT ( 'NONE', #49 ) ;
#2329 = VECTOR ( 'NONE', #2085, 1000.000000000000000 ) ;
#2330 = EDGE_LOOP ( 'NONE', ( #6395, #6351, #5519, #5763 ) ) ;
#2331 = LINE ( 'NONE', #624, #5111 ) ;
#2332 = CARTESIAN_POINT ( 'NONE',  ( -2.240000000000000213, 2.439999999999982183, 19.99999999999999645 ) ) ;
#2333 = DIRECTION ( 'NONE',  ( -0.000000000000000000, -0.000000000000000000, 1.000000000000000000 ) ) ;
#2334 = ORIENTED_EDGE ( 'NONE', *, *, #908, .F. ) ;
#2335 = CARTESIAN_POINT ( 'NONE',  ( 8.699999999999997513, 3.850000000000001421, 10.19999999999999929 ) ) ;
#2336 = EDGE_CURVE ( 'NONE', #2352, #6927, #4255, .T. ) ;
#2337 = ORIENTED_EDGE ( 'NONE', *, *, #1807, .T. ) ;
#2338 = LINE ( 'NONE', #6104, #5245 ) ;
#2339 = ORIENTED_EDGE ( 'NONE', *, *, #3514, .F. ) ;
#2340 = DIRECTION ( 'NONE',  ( 0.000000000000000000, 1.000000000000000000, 0.000000000000000000 ) ) ;
#2341 = EDGE_CURVE ( 'NONE', #2259, #4049, #3259, .T. ) ;
#2342 = ADVANCED_FACE ( 'NONE', ( #3191 ), #5310, .F. ) ;
#2343 = CARTESIAN_POINT ( 'NONE',  ( 3.929999999999937987, -2.250000000000037748, 0.000000000000000000 ) ) ;
#2344 = ORIENTED_EDGE ( 'NONE', *, *, #2840, .T. ) ;
#2345 = DIRECTION ( 'NONE',  ( -0.000000000000000000, -0.000000000000000000, 1.000000000000000000 ) ) ;
#2346 = ORIENTED_EDGE ( 'NONE', *, *, #4571, .T. ) ;
#2347 = LINE ( 'NONE', #6082, #1077 ) ;
#2348 =( BOUNDED_CURVE ( )  B_SPLINE_CURVE ( 3, ( #1337, #3520, #1303, #5680 ),
 .UNSPECIFIED., .F., .F. ) 
 B_SPLINE_CURVE_WITH_KNOTS ( ( 4, 4 ),
 ( 0.000000000000000000, 1.570796326794896558 ),
 .UNSPECIFIED. ) 
 CURVE ( )  GEOMETRIC_REPRESENTATION_ITEM ( )  RATIONAL_B_SPLINE_CURVE ( ( 1.000000000000000000, 0.8047378541243649375, 0.8047378541243649375, 1.000000000000000000 ) ) 
 REPRESENTATION_ITEM ( '' )  );
#2349 = CARTESIAN_POINT ( 'NONE',  ( 3.690000000000000835, 2.243799877109404317, 8.800000000000000711 ) ) ;
#2350 = VECTOR ( 'NONE', #3677, 1000.000000000000000 ) ;
#2351 = DIRECTION ( 'NONE',  ( 0.000000000000000000, 0.000000000000000000, 1.000000000000000000 ) ) ;
#2352 = VERTEX_POINT ( 'NONE', #1610 ) ;
#2353 = CARTESIAN_POINT ( 'NONE',  ( 9.500000000000001776, -2.100000000000000089, 14.69999999999999751 ) ) ;
#2354 = DIRECTION ( 'NONE',  ( -0.000000000000000000, -0.000000000000000000, -1.000000000000000000 ) ) ;
#2355 = EDGE_CURVE ( 'NONE', #135, #3892, #583, .T. ) ;
#2356 = LINE ( 'NONE', #788, #683 ) ;
#2357 = DIRECTION ( 'NONE',  ( -0.000000000000000000, -0.000000000000000000, -1.000000000000000000 ) ) ;
#2358 = EDGE_LOOP ( 'NONE', ( #4955, #6776, #1936, #247, #5870 ) ) ;
#2359 = PLANE ( 'NONE',  #19 ) ;
#2360 = VECTOR ( 'NONE', #5573, 1000.000000000000000 ) ;
#2361 = ORIENTED_EDGE ( 'NONE', *, *, #2817, .F. ) ;
#2362 = ORIENTED_EDGE ( 'NONE', *, *, #4555, .F. ) ;
#2363 = APPROVAL_PERSON_ORGANIZATION ( #903, #2067, #5345 ) ;
#2364 = DIRECTION ( 'NONE',  ( -0.000000000000000000, -0.000000000000000000, -1.000000000000000000 ) ) ;
#2365 = DIRECTION ( 'NONE',  ( -1.000000000000000000, 0.000000000000000000, 0.000000000000000000 ) ) ;
#2366 = EDGE_CURVE ( 'NONE', #2198, #4084, #5882, .T. ) ;
#2367 = FACE_OUTER_BOUND ( 'NONE', #3087, .T. ) ;
#2368 = CARTESIAN_POINT ( 'NONE',  ( -1.908195823574486226E-15, 2.639999999999996572, 14.69999999999999751 ) ) ;
#2369 = ORIENTED_EDGE ( 'NONE', *, *, #6901, .T. ) ;
#2370 = FACE_OUTER_BOUND ( 'NONE', #1006, .T. ) ;
#2371 = VERTEX_POINT ( 'NONE', #5349 ) ;
#2372 = ORIENTED_EDGE ( 'NONE', *, *, #1027, .T. ) ;
#2373 = EDGE_CURVE ( 'NONE', #3105, #279, #443, .T. ) ;
#2374 = CARTESIAN_POINT ( 'NONE',  ( -0.7999999999999999334, -3.650000000000000799, 8.800000000000000711 ) ) ;
#2375 = EDGE_CURVE ( 'NONE', #1792, #6403, #4915, .T. ) ;
#2376 = VECTOR ( 'NONE', #1167, 1000.000000000000000 ) ;
#2377 = DIRECTION ( 'NONE',  ( 0.000000000000000000, -1.000000000000000000, -0.000000000000000000 ) ) ;
#2378 = VERTEX_POINT ( 'NONE', #1079 ) ;
#2379 = CARTESIAN_POINT ( 'NONE',  ( -2.240000000000001101, 2.639999999999982805, 19.74999999999999645 ) ) ;
#2380 = EDGE_LOOP ( 'NONE', ( #1149, #842, #6371, #5037 ) ) ;
#2381 = AXIS2_PLACEMENT_3D ( 'NONE', #300, #5568, #5709 ) ;
#2382 = ADVANCED_FACE ( 'NONE', ( #2612 ), #6954, .F. ) ;
#2383 = EDGE_CURVE ( 'NONE', #4354, #5956, #547, .T. ) ;
#2384 = CARTESIAN_POINT ( 'NONE',  ( -1.739999999999999991, 2.243799877109404317, 0.000000000000000000 ) ) ;
#2385 = AXIS2_PLACEMENT_3D ( 'NONE', #1977, #4090, #3050 ) ;
#2386 = DIRECTION ( 'NONE',  ( -1.112002228190260952E-16, -1.000000000000000000, 0.000000000000000000 ) ) ;
#2387 = VECTOR ( 'NONE', #536, 1000.000000000000000 ) ;
#2388 = ORIENTED_EDGE ( 'NONE', *, *, #1218, .T. ) ;
#2389 = VECTOR ( 'NONE', #3938, 1000.000000000000000 ) ;
#2390 = CARTESIAN_POINT ( 'NONE',  ( -5.129999999999999893, 2.439999999999964420, 19.99999999999999645 ) ) ;
#2391 = DIRECTION ( 'NONE',  ( -0.000000000000000000, -0.000000000000000000, -1.000000000000000000 ) ) ;
#2392 = DIRECTION ( 'NONE',  ( 1.000000000000000000, 0.000000000000000000, 0.000000000000000000 ) ) ;
#2393 = LINE ( 'NONE', #6627, #77 ) ;
#2394 = VERTEX_POINT ( 'NONE', #6553 ) ;
#2395 = LINE ( 'NONE', #2070, #1259 ) ;
#2396 = VECTOR ( 'NONE', #5774, 1000.000000000000000 ) ;
#2397 = ORIENTED_EDGE ( 'NONE', *, *, #1203, .F. ) ;
#2398 = EDGE_CURVE ( 'NONE', #4938, #6153, #5384, .T. ) ;
#2399 = ORIENTED_EDGE ( 'NONE', *, *, #2904, .F. ) ;
#2400 = LINE ( 'NONE', #2427, #1480 ) ;
#2401 = DIRECTION ( 'NONE',  ( 1.000000000000000000, 0.000000000000000000, 0.000000000000000000 ) ) ;
#2402 = DIRECTION ( 'NONE',  ( -0.000000000000000000, -1.000000000000000000, -0.000000000000000000 ) ) ;
#2403 = ORIENTED_EDGE ( 'NONE', *, *, #3356, .F. ) ;
#2404 = LINE ( 'NONE', #201, #5100 ) ;
#2405 = ORIENTED_EDGE ( 'NONE', *, *, #4087, .T. ) ;
#2406 = EDGE_CURVE ( 'NONE', #3365, #604, #516, .T. ) ;
#2407 = ORIENTED_EDGE ( 'NONE', *, *, #705, .F. ) ;
#2408 = CARTESIAN_POINT ( 'NONE',  ( -3.689999999999998614, 2.243799877109404317, 8.800000000000000711 ) ) ;
#2409 = CARTESIAN_POINT ( 'NONE',  ( 9.500000000000000000, 3.750000000000000000, 15.69999999999999929 ) ) ;
#2410 = PLANE ( 'NONE',  #3861 ) ;
#2411 = ORIENTED_EDGE ( 'NONE', *, *, #33, .F. ) ;
#2412 = CARTESIAN_POINT ( 'NONE',  ( -1.150000000000062528, -2.250000000000037748, 0.000000000000000000 ) ) ;
#2413 = ORIENTED_EDGE ( 'NONE', *, *, #5180, .T. ) ;
#2414 = CARTESIAN_POINT ( 'NONE',  ( 7.299999999999998934, -2.450000000000001954, 0.000000000000000000 ) ) ;
#2415 = CARTESIAN_POINT ( 'NONE',  ( -1.390000000000062297, -3.856200122890594884, 8.800000000000000711 ) ) ;
#2416 = EDGE_CURVE ( 'NONE', #5437, #135, #4847, .T. ) ;
#2417 = VERTEX_POINT ( 'NONE', #2715 ) ;
#2418 = DIRECTION ( 'NONE',  ( -0.000000000000000000, 0.000000000000000000, -1.000000000000000000 ) ) ;
#2419 = DIRECTION ( 'NONE',  ( -0.000000000000000000, 0.6156614753256562933, -0.7880107536067235685 ) ) ;
#2420 = LINE ( 'NONE', #3497, #4436 ) ;
#2421 = FACE_OUTER_BOUND ( 'NONE', #2911, .T. ) ;
#2422 = VERTEX_POINT ( 'NONE', #1647 ) ;
#2423 = LINE ( 'NONE', #222, #1369 ) ;
#2424 = EDGE_CURVE ( 'NONE', #1602, #5713, #2651, .T. ) ;
#2425 = LINE ( 'NONE', #4595, #6297 ) ;
#2426 = ORIENTED_EDGE ( 'NONE', *, *, #1751, .F. ) ;
#2427 = CARTESIAN_POINT ( 'NONE',  ( -4.780000000000000249, 2.639999999999965041, 19.99999999999999645 ) ) ;
#2428 = DIRECTION ( 'NONE',  ( -1.112002228190260952E-16, -1.000000000000000000, 0.000000000000000000 ) ) ;
#2429 = FACE_OUTER_BOUND ( 'NONE', #3269, .T. ) ;
#2430 = FACE_OUTER_BOUND ( 'NONE', #5940, .T. ) ;
#2431 = LINE ( 'NONE', #5707, #2524 ) ;
#2432 = ADVANCED_FACE ( 'NONE', ( #1111 ), #1571, .F. ) ;
#2433 = VECTOR ( 'NONE', #5917, 1000.000000000000000 ) ;
#2434 = VERTEX_POINT ( 'NONE', #5920 ) ;
#2435 = LINE ( 'NONE', #167, #5325 ) ;
#2436 = ORIENTED_EDGE ( 'NONE', *, *, #2817, .T. ) ;
#2437 = ORIENTED_EDGE ( 'NONE', *, *, #897, .T. ) ;
#2438 = ORIENTED_EDGE ( 'NONE', *, *, #5493, .F. ) ;
#2439 = LINE ( 'NONE', #1869, #3641 ) ;
#2440 = CARTESIAN_POINT ( 'NONE',  ( -7.500000000000000888, 1.499999999999999334, 11.19999999999999751 ) ) ;
#2441 = ADVANCED_FACE ( 'NONE', ( #3228 ), #2685, .F. ) ;
#2442 = PLANE ( 'NONE',  #4303 ) ;
#2443 = EDGE_LOOP ( 'NONE', ( #953, #6245, #5511, #2952 ) ) ;
#2444 = CARTESIAN_POINT ( 'NONE',  ( 5.129999999999999893, 0.000000000000000000, 19.99999999999999645 ) ) ;
#2445 = ORIENTED_EDGE ( 'NONE', *, *, #584, .F. ) ;
#2446 = ADVANCED_FACE ( 'NONE', ( #3360 ), #1820, .F. ) ;
#2447 = CARTESIAN_POINT ( 'NONE',  ( -2.839999999999947011, -2.440000000000017710, 14.69999999999999751 ) ) ;
#2448 = CARTESIAN_POINT ( 'NONE',  ( 7.499999999999999112, 1.500000000000001332, 11.19999999999999751 ) ) ;
#2449 = ORIENTED_EDGE ( 'NONE', *, *, #4432, .T. ) ;
#2450 = CARTESIAN_POINT ( 'NONE',  ( 2.565000000000026592, -2.640000000000000568, 22.56500000000002260 ) ) ;
#2451 = LINE ( 'NONE', #6758, #2731 ) ;
#2452 = LINE ( 'NONE', #724, #3983 ) ;
#2453 = FACE_BOUND ( 'NONE', #466, .T. ) ;
#2454 = VECTOR ( 'NONE', #187, 1000.000000000000000 ) ;
#2455 = EDGE_CURVE ( 'NONE', #531, #4478, #2393, .T. ) ;
#2456 = ORIENTED_EDGE ( 'NONE', *, *, #956, .F. ) ;
#2457 = CARTESIAN_POINT ( 'NONE',  ( 7.299999999999998934, 2.450000000000001066, 8.800000000000000711 ) ) ;
#2458 = LINE ( 'NONE', #6344, #6636 ) ;
#2459 = ORIENTED_EDGE ( 'NONE', *, *, #5593, .F. ) ;
#2460 = CARTESIAN_POINT ( 'NONE',  ( 3.930000000000001048, 3.849999999999961897, 8.800000000000000711 ) ) ;
#2461 = DIRECTION ( 'NONE',  ( -0.000000000000000000, -0.000000000000000000, 1.000000000000000000 ) ) ;
#2462 = PLANE ( 'NONE',  #4586 ) ;
#2463 = EDGE_CURVE ( 'NONE', #1523, #3246, #3899, .T. ) ;
#2464 = DIRECTION ( 'NONE',  ( -0.000000000000000000, -0.000000000000000000, -1.000000000000000000 ) ) ;
#2465 = CARTESIAN_POINT ( 'NONE',  ( -3.929999999999999272, 2.243799877109404317, 8.800000000000000711 ) ) ;
#2466 = EDGE_CURVE ( 'NONE', #6719, #1902, #5624, .T. ) ;
#2467 = VECTOR ( 'NONE', #3622, 1000.000000000000000 ) ;
#2468 = ORIENTED_EDGE ( 'NONE', *, *, #5315, .F. ) ;
#2469 = DIRECTION ( 'NONE',  ( 1.000000000000000000, -1.112002228190260952E-16, 0.000000000000000000 ) ) ;
#2470 = ORIENTED_EDGE ( 'NONE', *, *, #145, .T. ) ;
#2471 = VECTOR ( 'NONE', #2611, 1000.000000000000000 ) ;
#2472 = ORIENTED_EDGE ( 'NONE', *, *, #6834, .T. ) ;
#2473 = ORIENTED_EDGE ( 'NONE', *, *, #6983, .F. ) ;
#2474 = FACE_OUTER_BOUND ( 'NONE', #2443, .T. ) ;
#2475 = LINE ( 'NONE', #307, #3957 ) ;
#2476 = CARTESIAN_POINT ( 'NONE',  ( 2.840000000000053149, -2.439999999999999947, 19.74999999999999645 ) ) ;
#2477 = CARTESIAN_POINT ( 'NONE',  ( -0.7999999999999999334, 2.243799877109404317, 8.800000000000000711 ) ) ;
#2478 = ORIENTED_EDGE ( 'NONE', *, *, #3701, .T. ) ;
#2479 = CARTESIAN_POINT ( 'NONE',  ( -9.100000000000001421, 3.750000000000001776, 8.800000000000000711 ) ) ;
#2480 = EDGE_CURVE ( 'NONE', #5569, #6388, #617, .T. ) ;
#2481 = EDGE_CURVE ( 'NONE', #409, #3446, #2325, .T. ) ;
#2482 = VERTEX_POINT ( 'NONE', #5087 ) ;
#2483 = VECTOR ( 'NONE', #4926, 1000.000000000000000 ) ;
#2484 = LINE ( 'NONE', #5616, #1240 ) ;
#2485 = DIRECTION ( 'NONE',  ( 0.000000000000000000, 1.000000000000000000, 0.000000000000000000 ) ) ;
#2486 = VECTOR ( 'NONE', #3960, 1000.000000000000000 ) ;
#2487 = EDGE_CURVE ( 'NONE', #4674, #4056, #1750, .T. ) ;
#2488 = VERTEX_POINT ( 'NONE', #4561 ) ;
#2489 = DIRECTION ( 'NONE',  ( -0.000000000000000000, -0.000000000000000000, 1.000000000000000000 ) ) ;
#2490 = FACE_OUTER_BOUND ( 'NONE', #1993, .T. ) ;
#2491 = AXIS2_PLACEMENT_3D ( 'NONE', #958, #5827, #2593 ) ;
#2492 = CARTESIAN_POINT ( 'NONE',  ( -1.739999999999999991, 0.9499999999999990674, 8.800000000000000711 ) ) ;
#2493 = CARTESIAN_POINT ( 'NONE',  ( -9.500000000000001776, -3.750000000000000000, 15.69999999999999929 ) ) ;
#2494 = ORIENTED_EDGE ( 'NONE', *, *, #5283, .T. ) ;
#2495 = DIRECTION ( 'NONE',  ( 1.000000000000000000, -0.000000000000000000, -0.000000000000000000 ) ) ;
#2496 = LINE ( 'NONE', #4076, #3450 ) ;
#2497 = EDGE_CURVE ( 'NONE', #4937, #3445, #6729, .T. ) ;
#2498 = AXIS2_PLACEMENT_3D ( 'NONE', #5171, #1404, #4607 ) ;
#2499 = EDGE_CURVE ( 'NONE', #3064, #3844, #1786, .T. ) ;
#2500 = VERTEX_POINT ( 'NONE', #2899 ) ;
#2501 = CARTESIAN_POINT ( 'NONE',  ( 9.500000000000000000, -3.750000000000000000, 15.69999999999999929 ) ) ;
#2502 = CARTESIAN_POINT ( 'NONE',  ( -0.000000000000000000, -2.640000000000017888, 14.69999999999999751 ) ) ;
#2503 = DIRECTION ( 'NONE',  ( -1.000000000000000000, 0.000000000000000000, 0.000000000000000000 ) ) ;
#2504 = FACE_OUTER_BOUND ( 'NONE', #2776, .T. ) ;
#2505 = VECTOR ( 'NONE', #1918, 1000.000000000000000 ) ;
#2506 = CARTESIAN_POINT ( 'NONE',  ( -1.150000000000062528, -3.856200122890594884, 8.800000000000000711 ) ) ;
#2507 = ORIENTED_EDGE ( 'NONE', *, *, #70, .T. ) ;
#2508 = EDGE_LOOP ( 'NONE', ( #1471, #5606, #2746, #3511, #4454 ) ) ;
#2509 = VECTOR ( 'NONE', #5690, 1000.000000000000000 ) ;
#2510 = EDGE_CURVE ( 'NONE', #4628, #5238, #1148, .T. ) ;
#2511 = ORIENTED_EDGE ( 'NONE', *, *, #4295, .T. ) ;
#2512 = AXIS2_PLACEMENT_3D ( 'NONE', #2825, #6629, #727 ) ;
#2513 = ORIENTED_EDGE ( 'NONE', *, *, #3761, .T. ) ;
#2514 = CARTESIAN_POINT ( 'NONE',  ( -2.239999999999946478, -2.440000000000017266, 19.74999999999999645 ) ) ;
#2515 = LINE ( 'NONE', #4054, #203 ) ;
#2516 = CARTESIAN_POINT ( 'NONE',  ( -3.690000000000062119, -3.856200122890594884, 0.000000000000000000 ) ) ;
#2517 = LINE ( 'NONE', #2122, #5898 ) ;
#2518 = ORIENTED_EDGE ( 'NONE', *, *, #1072, .F. ) ;
#2519 = CARTESIAN_POINT ( 'NONE',  ( 7.800000000000001599, -0.9500000000000007327, 8.800000000000000711 ) ) ;
#2520 = ORIENTED_EDGE ( 'NONE', *, *, #6076, .T. ) ;
#2521 = EDGE_CURVE ( 'NONE', #4731, #4089, #3932, .T. ) ;
#2522 = VECTOR ( 'NONE', #5798, 999.9999999999998863 ) ;
#2523 = CARTESIAN_POINT ( 'NONE',  ( 9.499999999999998224, -4.649999999999998579, 0.000000000000000000 ) ) ;
#2524 = VECTOR ( 'NONE', #3044, 1000.000000000000000 ) ;
#2525 = LINE ( 'NONE', #821, #3539 ) ;
#2526 = CARTESIAN_POINT ( 'NONE',  ( 3.930000000000001048, 3.849999999999961897, 8.800000000000000711 ) ) ;
#2527 = ORIENTED_EDGE ( 'NONE', *, *, #1892, .T. ) ;
#2528 = DIRECTION ( 'NONE',  ( -0.000000000000000000, -0.000000000000000000, -1.000000000000000000 ) ) ;
#2529 = DIRECTION ( 'NONE',  ( 0.000000000000000000, -1.000000000000000000, 0.000000000000000000 ) ) ;
#2530 = LINE ( 'NONE', #1996, #2042 ) ;
#2531 = VECTOR ( 'NONE', #6783, 1000.000000000000000 ) ;
#2532 = FACE_OUTER_BOUND ( 'NONE', #1081, .T. ) ;
#2533 = EDGE_CURVE ( 'NONE', #2328, #5569, #1213, .T. ) ;
#2534 = ORIENTED_EDGE ( 'NONE', *, *, #5435, .F. ) ;
#2535 = LINE ( 'NONE', #6796, #5008 ) ;
#2536 = DIRECTION ( 'NONE',  ( 0.7071067811865474617, 5.110978055611247127E-16, 0.7071067811865474617 ) ) ;
#2537 = AXIS2_PLACEMENT_3D ( 'NONE', #5541, #476, #672 ) ;
#2538 = LINE ( 'NONE', #5877, #238 ) ;
#2539 = SECURITY_CLASSIFICATION_LEVEL ( 'unclassified' ) ;
#2540 = DIRECTION ( 'NONE',  ( 0.000000000000000000, 0.000000000000000000, -1.000000000000000000 ) ) ;
#2541 = CARTESIAN_POINT ( 'NONE',  ( -2.565000000000009717, -2.640000000000036096, 22.56499999999996930 ) ) ;
#2542 = LINE ( 'NONE', #6844, #1843 ) ;
#2543 = VERTEX_POINT ( 'NONE', #122 ) ;
#2544 = ORIENTED_EDGE ( 'NONE', *, *, #2728, .F. ) ;
#2545 = ORIENTED_EDGE ( 'NONE', *, *, #1640, .F. ) ;
#2546 = CARTESIAN_POINT ( 'NONE',  ( 0.8000000000000003775, -0.9499999999999999556, 1.400000000000008793 ) ) ;
#2547 = AXIS2_PLACEMENT_3D ( 'NONE', #5982, #6952, #6484 ) ;
#2548 = DIRECTION ( 'NONE',  ( 0.000000000000000000, -0.000000000000000000, -1.000000000000000000 ) ) ;
#2549 = DIRECTION ( 'NONE',  ( -0.000000000000000000, -0.000000000000000000, -1.000000000000000000 ) ) ;
#2550 = EDGE_CURVE ( 'NONE', #4508, #5630, #4527, .T. ) ;
#2551 = VECTOR ( 'NONE', #2289, 1000.000000000000000 ) ;
#2552 = EDGE_CURVE ( 'NONE', #377, #2209, #5487, .T. ) ;
#2553 = CARTESIAN_POINT ( 'NONE',  ( -2.514999999999973923, -2.640000000000036096, 17.48500000000002075 ) ) ;
#2554 = ORIENTED_EDGE ( 'NONE', *, *, #1093, .F. ) ;
#2555 = FACE_OUTER_BOUND ( 'NONE', #1650, .T. ) ;
#2556 = ORIENTED_EDGE ( 'NONE', *, *, #1892, .F. ) ;
#2557 = VECTOR ( 'NONE', #1156, 1000.000000000000000 ) ;
#2558 = ADVANCED_FACE ( 'NONE', ( #2255 ), #687, .F. ) ;
#2559 = DIRECTION ( 'NONE',  ( -1.000000000000000000, 1.112002228190260952E-16, 0.000000000000000000 ) ) ;
#2560 = CARTESIAN_POINT ( 'NONE',  ( 0.000000000000000000, 0.000000000000000000, 11.19999999999999751 ) ) ;
#2561 = CARTESIAN_POINT ( 'NONE',  ( 2.839999999999999858, 2.439999999999999947, 14.69999999999999751 ) ) ;
#2562 = ORIENTED_EDGE ( 'NONE', *, *, #1401, .F. ) ;
#2563 = CARTESIAN_POINT ( 'NONE',  ( -7.500000000000000000, -2.100000000000000089, 14.69999999999999751 ) ) ;
#2564 = CARTESIAN_POINT ( 'NONE',  ( -4.779999999999947846, -2.640000000000036096, 14.69999999999999751 ) ) ;
#2565 = DIRECTION ( 'NONE',  ( -0.000000000000000000, -0.000000000000000000, -1.000000000000000000 ) ) ;
#2566 = FACE_OUTER_BOUND ( 'NONE', #3026, .T. ) ;
#2567 = ORIENTED_EDGE ( 'NONE', *, *, #5628, .F. ) ;
#2568 = LINE ( 'NONE', #3786, #5351 ) ;
#2569 = DIRECTION ( 'NONE',  ( -0.000000000000000000, -1.000000000000000000, -0.000000000000000000 ) ) ;
#2570 = EDGE_CURVE ( 'NONE', #3145, #3892, #6694, .T. ) ;
#2571 = CARTESIAN_POINT ( 'NONE',  ( 7.300000000000000711, 3.750000000000001776, 0.000000000000000000 ) ) ;
#2572 = PERSON_AND_ORGANIZATION_ROLE ( 'classification_officer' ) ;
#2573 = VECTOR ( 'NONE', #432, 1000.000000000000000 ) ;
#2574 = CARTESIAN_POINT ( 'NONE',  ( 2.839999999999999414, 2.640000000000000568, 19.74999999999999645 ) ) ;
#2575 = DIRECTION ( 'NONE',  ( 0.000000000000000000, -1.000000000000000000, 0.000000000000000000 ) ) ;
#2576 = DIRECTION ( 'NONE',  ( -0.000000000000000000, -1.000000000000000000, -0.000000000000000000 ) ) ;
#2577 = APPROVAL_PERSON_ORGANIZATION ( #1502, #1981, #6383 ) ;
#2578 = ORIENTED_EDGE ( 'NONE', *, *, #6753, .T. ) ;
#2579 = EDGE_LOOP ( 'NONE', ( #6604, #549, #139, #6657, #1804, #4783 ) ) ;
#2580 = ADVANCED_FACE ( 'NONE', ( #4986 ), #6591, .F. ) ;
#2581 = ORIENTED_EDGE ( 'NONE', *, *, #3949, .T. ) ;
#2582 = CARTESIAN_POINT ( 'NONE',  ( 1.149999999999937517, -3.856200122890594884, 8.800000000000000711 ) ) ;
#2583 = AXIS2_PLACEMENT_3D ( 'NONE', #2629, #954, #3167 ) ;
#2584 = AXIS2_PLACEMENT_3D ( 'NONE', #5494, #625, #1117 ) ;
#2585 = CARTESIAN_POINT ( 'NONE',  ( -6.230000000000063487, -2.250000000000037748, 8.800000000000000711 ) ) ;
#2586 = LINE ( 'NONE', #2623, #513 ) ;
#2587 = PLANE ( 'NONE',  #110 ) ;
#2588 = EDGE_LOOP ( 'NONE', ( #1554, #1039, #6915, #5422 ) ) ;
#2589 = VECTOR ( 'NONE', #2110, 1000.000000000000000 ) ;
#2590 = DIRECTION ( 'NONE',  ( -0.000000000000000000, 0.7071067811865447972, 0.7071067811865502373 ) ) ;
#2591 = EDGE_CURVE ( 'NONE', #1124, #4596, #4496, .T. ) ;
#2592 = ORIENTED_EDGE ( 'NONE', *, *, #1218, .F. ) ;
#2593 = DIRECTION ( 'NONE',  ( 0.000000000000000000, -0.000000000000000000, -1.000000000000000000 ) ) ;
#2594 = DIRECTION ( 'NONE',  ( 1.000000000000000000, -1.112002228190260952E-16, 0.000000000000000000 ) ) ;
#2595 = ADVANCED_FACE ( 'NONE', ( #2532 ), #3605, .T. ) ;
#2596 = EDGE_LOOP ( 'NONE', ( #2315, #5278, #1389, #739 ) ) ;
#2597 = ORIENTED_EDGE ( 'NONE', *, *, #2269, .F. ) ;
#2598 = ADVANCED_FACE ( 'NONE', ( #4698 ), #2968, .F. ) ;
#2599 = CARTESIAN_POINT ( 'NONE',  ( 4.780000000000000249, 2.640000000000000124, 19.99999999999999645 ) ) ;
#2600 = LINE ( 'NONE', #2672, #5679 ) ;
#2601 = CARTESIAN_POINT ( 'NONE',  ( 1.149999999999937517, -2.250000000000037748, 8.800000000000000711 ) ) ;
#2602 = DIRECTION ( 'NONE',  ( 0.000000000000000000, -0.000000000000000000, -1.000000000000000000 ) ) ;
#2603 = EDGE_LOOP ( 'NONE', ( #1745, #5528, #1538, #3812, #2900 ) ) ;
#2604 = DIRECTION ( 'NONE',  ( 0.000000000000000000, 1.000000000000000000, 0.000000000000000000 ) ) ;
#2605 = VECTOR ( 'NONE', #952, 1000.000000000000000 ) ;
#2606 = DIRECTION ( 'NONE',  ( 0.000000000000000000, 0.000000000000000000, 1.000000000000000000 ) ) ;
#2607 = CARTESIAN_POINT ( 'NONE',  ( 9.499999999999998224, -4.318629150101522818, 10.53137084989847416 ) ) ;
#2608 = VECTOR ( 'NONE', #6467, 1000.000000000000000 ) ;
#2609 = LINE ( 'NONE', #4776, #11 ) ;
#2610 = LINE ( 'NONE', #441, #620 ) ;
#2611 = DIRECTION ( 'NONE',  ( 0.000000000000000000, -1.000000000000000000, 0.000000000000000000 ) ) ;
#2612 = FACE_OUTER_BOUND ( 'NONE', #6123, .T. ) ;
#2613 = VERTEX_POINT ( 'NONE', #398 ) ;
#2614 = ADVANCED_FACE ( 'NONE', ( #2566 ), #6339, .F. ) ;
#2615 = VECTOR ( 'NONE', #4352, 1000.000000000000000 ) ;
#2616 = ORIENTED_EDGE ( 'NONE', *, *, #2487, .T. ) ;
#2617 = AXIS2_PLACEMENT_3D ( 'NONE', #3, #3780, #6374 ) ;
#2618 = ORIENTED_EDGE ( 'NONE', *, *, #6720, .F. ) ;
#2619 = VECTOR ( 'NONE', #2199, 1000.000000000000000 ) ;
#2620 = CARTESIAN_POINT ( 'NONE',  ( 9.500000000000000000, 3.750000000000000000, 15.69999999999999929 ) ) ;
#2621 = CARTESIAN_POINT ( 'NONE',  ( 2.240000000000000213, 2.439999999999999947, 14.69999999999999751 ) ) ;
#2622 = AXIS2_PLACEMENT_3D ( 'NONE', #4785, #2083, #5279 ) ;
#2623 = CARTESIAN_POINT ( 'NONE',  ( -3.930000000000063665, -3.856200122890594884, 8.800000000000000711 ) ) ;
#2624 = ADVANCED_FACE ( 'NONE', ( #6868 ), #5732, .F. ) ;
#2625 = CARTESIAN_POINT ( 'NONE',  ( -2.239999999999947367, 0.000000000000000000, 19.99999999999999645 ) ) ;
#2626 = VECTOR ( 'NONE', #5182, 1000.000000000000000 ) ;
#2627 = ORIENTED_EDGE ( 'NONE', *, *, #3027, .T. ) ;
#2628 = VECTOR ( 'NONE', #2327, 1000.000000000000000 ) ;
#2629 = CARTESIAN_POINT ( 'NONE',  ( -7.799999999999998046, -0.9499999999999990674, 8.800000000000000711 ) ) ;
#2630 = ORIENTED_EDGE ( 'NONE', *, *, #2719, .F. ) ;
#2631 = PLANE ( 'NONE',  #2268 ) ;
#2632 = CARTESIAN_POINT ( 'NONE',  ( 1.389999999999937730, -3.856200122890594884, 8.800000000000000711 ) ) ;
#2633 = EDGE_LOOP ( 'NONE', ( #5146, #6651, #1756, #2472 ) ) ;
#2634 = VERTEX_POINT ( 'NONE', #6760 ) ;
#2635 = CARTESIAN_POINT ( 'NONE',  ( -5.879999999999999893, 2.043799877109404584, 0.000000000000000000 ) ) ;
#2636 = LINE ( 'NONE', #895, #3874 ) ;
#2637 = CARTESIAN_POINT ( 'NONE',  ( -0.04999999999999628353, 2.439999999999999947, 19.99999999999999645 ) ) ;
#2638 = VECTOR ( 'NONE', #4187, 1000.000000000000000 ) ;
#2639 = ADVANCED_FACE ( 'NONE', ( #4143, #3001, #3071, #1997, #1883, #1423, #5768, #288, #5227, #1456, #5123, #2453 ), #4179, .T. ) ;
#2640 = ORIENTED_EDGE ( 'NONE', *, *, #4373, .T. ) ;
#2641 = ORIENTED_EDGE ( 'NONE', *, *, #3610, .T. ) ;
#2642 = CARTESIAN_POINT ( 'NONE',  ( -2.839999999999999858, 2.639999999999982361, 19.74999999999999289 ) ) ;
#2643 = ADVANCED_FACE ( 'NONE', ( #3034 ), #5804, .F. ) ;
#2644 = DIRECTION ( 'NONE',  ( 0.000000000000000000, 1.000000000000000000, 0.000000000000000000 ) ) ;
#2645 = LINE ( 'NONE', #1004, #3115 ) ;
#2646 = ORIENTED_EDGE ( 'NONE', *, *, #4920, .T. ) ;
#2647 = DIRECTION ( 'NONE',  ( -1.000000000000000000, 0.000000000000000000, 0.000000000000000000 ) ) ;
#2648 = LINE ( 'NONE', #6988, #6750 ) ;
#2650 = EDGE_CURVE ( 'NONE', #4639, #472, #6906, .T. ) ;
#2649 = DIRECTION ( 'NONE',  ( -0.000000000000000000, -0.000000000000000000, -1.000000000000000000 ) ) ;
#2651 = LINE ( 'NONE', #6449, #5936 ) ;
#2652 = EDGE_CURVE ( 'NONE', #6820, #6097, #4072, .T. ) ;
#2653 = EDGE_LOOP ( 'NONE', ( #2544, #277, #2520, #6539 ) ) ;
#2654 = ORIENTED_EDGE ( 'NONE', *, *, #406, .T. ) ;
#2655 = ORIENTED_EDGE ( 'NONE', *, *, #636, .F. ) ;
#2656 = CARTESIAN_POINT ( 'NONE',  ( -7.799999999999998046, -0.9499999999999990674, 1.400000000000008793 ) ) ;
#2657 = CARTESIAN_POINT ( 'NONE',  ( 2.272710017320640840E-16, 2.043799877109405916, 0.000000000000000000 ) ) ;
#2658 = PLANE ( 'NONE',  #3015 ) ;
#2659 = CARTESIAN_POINT ( 'NONE',  ( 7.299999999999998934, -3.750000000000001776, 8.800000000000000711 ) ) ;
#2660 = ORIENTED_EDGE ( 'NONE', *, *, #421, .T. ) ;
#2661 = CARTESIAN_POINT ( 'NONE',  ( 6.230000000000001315, 2.243799877109404317, 0.000000000000000000 ) ) ;
#2662 = VECTOR ( 'NONE', #5062, 1000.000000000000000 ) ;
#2663 =( BOUNDED_CURVE ( )  B_SPLINE_CURVE ( 3, ( #6561, #1684, #3869, #4431 ),
 .UNSPECIFIED., .F., .F. ) 
 B_SPLINE_CURVE_WITH_KNOTS ( ( 4, 4 ),
 ( 0.000000000000000000, 1.570796326794896558 ),
 .UNSPECIFIED. ) 
 CURVE ( )  GEOMETRIC_REPRESENTATION_ITEM ( )  RATIONAL_B_SPLINE_CURVE ( ( 1.000000000000000000, 0.8047378541243649375, 0.8047378541243649375, 1.000000000000000000 ) ) 
 REPRESENTATION_ITEM ( '' )  );
#2664 = VERTEX_POINT ( 'NONE', #1315 ) ;
#2665 = ADVANCED_FACE ( 'NONE', ( #1922 ), #322, .F. ) ;
#2666 = CARTESIAN_POINT ( 'NONE',  ( -9.100000000000001421, 2.450000000000001954, 8.800000000000000711 ) ) ;
#2667 = DIRECTION ( 'NONE',  ( -0.000000000000000000, 0.000000000000000000, 1.000000000000000000 ) ) ;
#2668 = AXIS2_PLACEMENT_3D ( 'NONE', #3352, #6541, #3814 ) ;
#2669 = ORIENTED_EDGE ( 'NONE', *, *, #967, .F. ) ;
#2670 = EDGE_LOOP ( 'NONE', ( #1592, #6209, #2578, #5432 ) ) ;
#2671 = ADVANCED_FACE ( 'NONE', ( #2421 ), #789, .F. ) ;
#2672 = CARTESIAN_POINT ( 'NONE',  ( -3.690000000000062119, -2.250000000000037748, 0.000000000000000000 ) ) ;
#2673 = DIRECTION ( 'NONE',  ( -0.000000000000000000, 0.000000000000000000, -1.000000000000000000 ) ) ;
#2674 = DIRECTION ( 'NONE',  ( 0.000000000000000000, 1.000000000000000000, 0.000000000000000000 ) ) ;
#2675 = VERTEX_POINT ( 'NONE', #826 ) ;
#2676 = ORIENTED_EDGE ( 'NONE', *, *, #5138, .T. ) ;
#2677 = CARTESIAN_POINT ( 'NONE',  ( 5.880000000000000782, -3.650000000000036326, 0.000000000000000000 ) ) ;
#2678 = PLANE ( 'NONE',  #6695 ) ;
#2679 = AXIS2_PLACEMENT_3D ( 'NONE', #4134, #5077, #3452 ) ;
#2680 = ORIENTED_EDGE ( 'NONE', *, *, #1589, .T. ) ;
#2681 = CARTESIAN_POINT ( 'NONE',  ( -1.390000000000062297, -2.250000000000037748, 0.000000000000000000 ) ) ;
#2682 = EDGE_CURVE ( 'NONE', #20, #2305, #5154, .T. ) ;
#2683 = DIRECTION ( 'NONE',  ( 0.000000000000000000, -1.000000000000000000, 0.000000000000000000 ) ) ;
#2684 = CARTESIAN_POINT ( 'NONE',  ( -9.500000000000001776, -4.650000000000001243, 0.000000000000000000 ) ) ;
#2685 = PLANE ( 'NONE',  #3487 ) ;
#2686 = ORIENTED_EDGE ( 'NONE', *, *, #862, .F. ) ;
#2687 = ORIENTED_EDGE ( 'NONE', *, *, #6669, .F. ) ;
#2688 = VERTEX_POINT ( 'NONE', #4869 ) ;
#2689 = CARTESIAN_POINT ( 'NONE',  ( -7.799999999999998046, 0.9500000000000009548, 8.800000000000000711 ) ) ;
#2690 = EDGE_CURVE ( 'NONE', #1269, #569, #3251, .T. ) ;
#2691 = LINE ( 'NONE', #4231, #6221 ) ;
#2692 = CARTESIAN_POINT ( 'NONE',  ( -6.229999999999999538, 2.243799877109404317, 8.800000000000000711 ) ) ;
#2693 = VECTOR ( 'NONE', #1250, 1000.000000000000000 ) ;
#2694 = CARTESIAN_POINT ( 'NONE',  ( 2.240000000000000213, 2.640000000000000124, 19.74999999999999289 ) ) ;
#2695 = VERTEX_POINT ( 'NONE', #3215 ) ;
#2696 = LINE ( 'NONE', #4964, #5873 ) ;
#2697 = VERTEX_POINT ( 'NONE', #4768 ) ;
#2698 = AXIS2_PLACEMENT_3D ( 'NONE', #4091, #1406, #344 ) ;
#2699 = DIRECTION ( 'NONE',  ( 1.000000000000000000, 0.000000000000000000, 0.000000000000000000 ) ) ;
#2700 = EDGE_CURVE ( 'NONE', #3335, #4214, #7, .T. ) ;
#2701 = ORIENTED_EDGE ( 'NONE', *, *, #3169, .T. ) ;
#2702 = ORIENTED_EDGE ( 'NONE', *, *, #1244, .T. ) ;
#2703 = ORIENTED_EDGE ( 'NONE', *, *, #3356, .T. ) ;
#2704 = FACE_OUTER_BOUND ( 'NONE', #6696, .T. ) ;
#2705 = DIRECTION ( 'NONE',  ( -0.000000000000000000, -1.000000000000000000, -0.000000000000000000 ) ) ;
#2706 = LINE ( 'NONE', #1635, #5179 ) ;
#2707 = ORIENTED_EDGE ( 'NONE', *, *, #6028, .T. ) ;
#2708 = DIRECTION ( 'NONE',  ( -0.000000000000000000, -1.000000000000000000, -0.000000000000000000 ) ) ;
#2709 = DIRECTION ( 'NONE',  ( -0.000000000000000000, -1.000000000000000000, -0.000000000000000000 ) ) ;
#2710 = EDGE_CURVE ( 'NONE', #4547, #5353, #3177, .T. ) ;
#2711 = ORIENTED_EDGE ( 'NONE', *, *, #1261, .F. ) ;
#2712 = LINE ( 'NONE', #1714, #2847 ) ;
#2713 = CARTESIAN_POINT ( 'NONE',  ( 9.099999999999997868, 3.750000000000001776, 8.800000000000000711 ) ) ;
#2714 = DIRECTION ( 'NONE',  ( -0.000000000000000000, -1.000000000000000000, -0.000000000000000000 ) ) ;
#2715 = CARTESIAN_POINT ( 'NONE',  ( -1.389999999999998792, 2.243799877109404317, 8.800000000000000711 ) ) ;
#2716 = VECTOR ( 'NONE', #6002, 1000.000000000000000 ) ;
#2717 = ORIENTED_EDGE ( 'NONE', *, *, #5352, .F. ) ;
#2718 = EDGE_CURVE ( 'NONE', #850, #1941, #2134, .T. ) ;
#2719 = EDGE_CURVE ( 'NONE', #6978, #2258, #2066, .T. ) ;
#2720 = ORIENTED_EDGE ( 'NONE', *, *, #2510, .T. ) ;
#2721 = CIRCLE ( 'NONE', #3296, 0.8000000000000003775 ) ;
#2722 = VERTEX_POINT ( 'NONE', #3143 ) ;
#2723 = LINE ( 'NONE', #5391, #2734 ) ;
#2724 = DIRECTION ( 'NONE',  ( 1.000000000000000000, 1.156482317317871478E-16, -0.000000000000000000 ) ) ;
#2725 = DIRECTION ( 'NONE',  ( -0.000000000000000000, 0.000000000000000000, -1.000000000000000000 ) ) ;
#2726 = VECTOR ( 'NONE', #2282, 1000.000000000000000 ) ;
#2727 = VECTOR ( 'NONE', #5334, 1000.000000000000000 ) ;
#2728 = EDGE_CURVE ( 'NONE', #6220, #5734, #6475, .T. ) ;
#2729 = DIRECTION ( 'NONE',  ( 1.112002228190260952E-16, 1.000000000000000000, -0.000000000000000000 ) ) ;
#2730 = EDGE_CURVE ( 'NONE', #4618, #6282, #1601, .T. ) ;
#2731 = VECTOR ( 'NONE', #6195, 1000.000000000000000 ) ;
#2732 = ORIENTED_EDGE ( 'NONE', *, *, #1630, .F. ) ;
#2733 = DIRECTION ( 'NONE',  ( 0.000000000000000000, 0.000000000000000000, 1.000000000000000000 ) ) ;
#2734 = VECTOR ( 'NONE', #5819, 1000.000000000000000 ) ;
#2735 = ORIENTED_EDGE ( 'NONE', *, *, #1630, .T. ) ;
#2736 = DIRECTION ( 'NONE',  ( 0.000000000000000000, 0.000000000000000000, 1.000000000000000000 ) ) ;
#2737 = VECTOR ( 'NONE', #6001, 1000.000000000000000 ) ;
#2738 = DIRECTION ( 'NONE',  ( -1.000000000000000000, 0.000000000000000000, 0.000000000000000000 ) ) ;
#2739 = VERTEX_POINT ( 'NONE', #5976 ) ;
#2740 = ORIENTED_EDGE ( 'NONE', *, *, #584, .T. ) ;
#2741 = ORIENTED_EDGE ( 'NONE', *, *, #226, .F. ) ;
#2742 = VECTOR ( 'NONE', #935, 1000.000000000000000 ) ;
#2743 = CARTESIAN_POINT ( 'NONE',  ( -9.500000000000001776, -4.650000000000001243, 10.19999999999999929 ) ) ;
#2744 = EDGE_CURVE ( 'NONE', #4088, #909, #5944, .T. ) ;
#2745 = DIRECTION ( 'NONE',  ( 0.000000000000000000, -1.000000000000000000, 0.000000000000000000 ) ) ;
#2746 = ORIENTED_EDGE ( 'NONE', *, *, #5784, .T. ) ;
#2747 = DIRECTION ( 'NONE',  ( 0.000000000000000000, 1.000000000000000000, 0.000000000000000000 ) ) ;
#2748 = DIRECTION ( 'NONE',  ( 0.000000000000000000, 1.000000000000000000, 0.000000000000000000 ) ) ;
#2749 = VERTEX_POINT ( 'NONE', #5836 ) ;
#2750 = CARTESIAN_POINT ( 'NONE',  ( 6.229999999999938254, -3.856200122890594884, 8.800000000000000711 ) ) ;
#2751 = ADVANCED_FACE ( 'NONE', ( #5297 ), #2174, .T. ) ;
#2752 = CARTESIAN_POINT ( 'NONE',  ( -0.7999999999999999334, -3.650000000000000799, 0.000000000000000000 ) ) ;
#2753 = EDGE_CURVE ( 'NONE', #4049, #631, #2706, .T. ) ;
#2754 = LINE ( 'NONE', #121, #659 ) ;
#2755 = DIRECTION ( 'NONE',  ( -1.000000000000000000, 0.000000000000000000, 0.000000000000000000 ) ) ;
#2756 = ORIENTED_EDGE ( 'NONE', *, *, #6050, .F. ) ;
#2757 = LINE ( 'NONE', #4499, #697 ) ;
#2758 = ORIENTED_EDGE ( 'NONE', *, *, #2318, .T. ) ;
#2759 = ORIENTED_EDGE ( 'NONE', *, *, #2497, .F. ) ;
#2760 = CARTESIAN_POINT ( 'NONE',  ( -9.500000000000001776, 2.100000000000000089, 14.69999999999999751 ) ) ;
#2761 = EDGE_CURVE ( 'NONE', #4547, #1425, #538, .T. ) ;
#2762 = CARTESIAN_POINT ( 'NONE',  ( 3.930000000000001048, 3.849999999999961897, 8.800000000000000711 ) ) ;
#2763 = CARTESIAN_POINT ( 'NONE',  ( 2.515000000000028546, -2.640000000000000568, 17.48499999999997101 ) ) ;
#2764 = VERTEX_POINT ( 'NONE', #6406 ) ;
#2765 = CARTESIAN_POINT ( 'NONE',  ( -7.300000000000002487, 2.450000000000001510, 8.800000000000000711 ) ) ;
#2766 = ORIENTED_EDGE ( 'NONE', *, *, #6096, .T. ) ;
#2767 = DIRECTION ( 'NONE',  ( 0.000000000000000000, 1.000000000000000000, 0.000000000000000000 ) ) ;
#2768 = VECTOR ( 'NONE', #245, 1000.000000000000000 ) ;
#2769 = EDGE_LOOP ( 'NONE', ( #6849, #4139, #3873, #2793 ) ) ;
#2770 = CARTESIAN_POINT ( 'NONE',  ( 2.840000000000053149, -2.640000000000000568, 14.69999999999999751 ) ) ;
#2771 = EDGE_CURVE ( 'NONE', #2775, #535, #6512, .T. ) ;
#2772 = CARTESIAN_POINT ( 'NONE',  ( -8.700000000000001066, 3.849999999999999201, 0.000000000000000000 ) ) ;
#2773 = ORIENTED_EDGE ( 'NONE', *, *, #5692, .F. ) ;
#2774 = CARTESIAN_POINT ( 'NONE',  ( 4.780000000000000249, 2.439999999999999947, 19.99999999999999645 ) ) ;
#2775 = VERTEX_POINT ( 'NONE', #503 ) ;
#2776 = EDGE_LOOP ( 'NONE', ( #244, #3920, #1366, #1732 ) ) ;
#2777 = DIRECTION ( 'NONE',  ( 1.000000000000000000, 0.000000000000000000, 0.000000000000000000 ) ) ;
#2778 = VECTOR ( 'NONE', #4316, 1000.000000000000114 ) ;
#2779 = PLANE ( 'NONE',  #192 ) ;
#2780 = ORIENTED_EDGE ( 'NONE', *, *, #6883, .F. ) ;
#2781 = FACE_OUTER_BOUND ( 'NONE', #5578, .T. ) ;
#2782 = LINE ( 'NONE', #4418, #3866 ) ;
#2783 = VERTEX_POINT ( 'NONE', #3783 ) ;
#2784 = CARTESIAN_POINT ( 'NONE',  ( -1.389999999999998792, 2.243799877109404317, 0.000000000000000000 ) ) ;
#2785 = CARTESIAN_POINT ( 'NONE',  ( -6.229999999999999538, 3.849999999999961897, 8.800000000000000711 ) ) ;
#2786 = FACE_OUTER_BOUND ( 'NONE', #444, .T. ) ;
#2787 = CARTESIAN_POINT ( 'NONE',  ( 3.929999999999937987, -3.856200122890594884, 8.800000000000000711 ) ) ;
#2788 = ORIENTED_EDGE ( 'NONE', *, *, #306, .T. ) ;
#2789 = LINE ( 'NONE', #4427, #1712 ) ;
#2790 = ORIENTED_EDGE ( 'NONE', *, *, #4129, .T. ) ;
#2791 = EDGE_CURVE ( 'NONE', #5324, #2204, #1101, .T. ) ;
#2792 = EDGE_CURVE ( 'NONE', #5941, #3966, #5441, .T. ) ;
#2793 = ORIENTED_EDGE ( 'NONE', *, *, #4087, .F. ) ;
#2794 = DIRECTION ( 'NONE',  ( 0.000000000000000000, 1.000000000000000000, 0.000000000000000000 ) ) ;
#2795 = LINE ( 'NONE', #3299, #4966 ) ;
#2796 = LINE ( 'NONE', #1544, #2329 ) ;
#2797 = ORIENTED_EDGE ( 'NONE', *, *, #1142, .F. ) ;
#2798 = CARTESIAN_POINT ( 'NONE',  ( 1.390000000000001013, 2.243799877109404317, 8.800000000000000711 ) ) ;
#2799 = ORIENTED_EDGE ( 'NONE', *, *, #2552, .T. ) ;
#2800 = EDGE_CURVE ( 'NONE', #6807, #3315, #3708, .T. ) ;
#2801 = CARTESIAN_POINT ( 'NONE',  ( 7.500000000000000000, -3.749999999999999112, 15.69999999999999929 ) ) ;
#2802 = VERTEX_POINT ( 'NONE', #4905 ) ;
#2803 = DIRECTION ( 'NONE',  ( -0.000000000000000000, 0.6156614753256562933, -0.7880107536067235685 ) ) ;
#2804 = VECTOR ( 'NONE', #6662, 1000.000000000000000 ) ;
#2805 = FACE_OUTER_BOUND ( 'NONE', #4498, .T. ) ;
#2806 = ORIENTED_EDGE ( 'NONE', *, *, #63, .F. ) ;
#2807 = EDGE_CURVE ( 'NONE', #2913, #5012, #471, .T. ) ;
#2808 = LINE ( 'NONE', #3183, #607 ) ;
#2809 = EDGE_LOOP ( 'NONE', ( #2884, #759, #7025, #302 ) ) ;
#2810 = ORIENTED_EDGE ( 'NONE', *, *, #365, .F. ) ;
#2811 = CARTESIAN_POINT ( 'NONE',  ( 1.740000000000000213, -0.9500000000000016209, 8.800000000000000711 ) ) ;
#2812 = VECTOR ( 'NONE', #6642, 1000.000000000000114 ) ;
#2813 = AXIS2_PLACEMENT_3D ( 'NONE', #1733, #598, #6679 ) ;
#2814 = ORIENTED_EDGE ( 'NONE', *, *, #6640, .T. ) ;
#2815 = PLANE ( 'NONE',  #3981 ) ;
#2816 = CARTESIAN_POINT ( 'NONE',  ( -9.100000000000001421, -2.450000000000001954, 8.800000000000000711 ) ) ;
#2817 = EDGE_CURVE ( 'NONE', #1781, #234, #4803, .T. ) ;
#2818 = VECTOR ( 'NONE', #334, 1000.000000000000000 ) ;
#2819 = ORIENTED_EDGE ( 'NONE', *, *, #96, .T. ) ;
#2820 = DIRECTION ( 'NONE',  ( -8.762697138485634765E-17, -0.7880107536067236795, 0.6156614753256562933 ) ) ;
#2821 = FACE_OUTER_BOUND ( 'NONE', #6672, .T. ) ;
#2822 = CARTESIAN_POINT ( 'NONE',  ( -0.2999999999999470868, -2.440000000000000391, 19.99999999999999645 ) ) ;
#2823 = DIRECTION ( 'NONE',  ( 0.000000000000000000, 0.000000000000000000, 1.000000000000000000 ) ) ;
#2824 = ORIENTED_EDGE ( 'NONE', *, *, #455, .T. ) ;
#2825 = CARTESIAN_POINT ( 'NONE',  ( 0.000000000000000000, -2.640000000000000568, 19.99999999999999645 ) ) ;
#2826 = DIRECTION ( 'NONE',  ( 0.000000000000000000, -1.000000000000000000, 0.000000000000000000 ) ) ;
#2827 = ORIENTED_EDGE ( 'NONE', *, *, #4812, .F. ) ;
#2828 = DIRECTION ( 'NONE',  ( 0.000000000000000000, 0.000000000000000000, -1.000000000000000000 ) ) ;
#2829 = DIRECTION ( 'NONE',  ( 1.000000000000000000, 0.000000000000000000, 0.000000000000000000 ) ) ;
#2830 = CARTESIAN_POINT ( 'NONE',  ( 1.740000000000000213, 2.243799877109404317, 8.800000000000000711 ) ) ;
#2831 = ADVANCED_FACE ( 'NONE', ( #3745 ), #2779, .T. ) ;
#2832 = ORIENTED_EDGE ( 'NONE', *, *, #3774, .F. ) ;
#2833 = CARTESIAN_POINT ( 'NONE',  ( 9.500000000000000000, 2.949999999999999289, 15.69999999999999929 ) ) ;
#2834 = AXIS2_PLACEMENT_3D ( 'NONE', #6043, #3414, #5576 ) ;
#2835 = ORIENTED_EDGE ( 'NONE', *, *, #251, .T. ) ;
#2836 = DIRECTION ( 'NONE',  ( -0.000000000000000000, -0.000000000000000000, -1.000000000000000000 ) ) ;
#2837 = ORIENTED_EDGE ( 'NONE', *, *, #339, .F. ) ;
#2838 = VECTOR ( 'NONE', #4455, 1000.000000000000114 ) ;
#2839 = DIRECTION ( 'NONE',  ( -0.7071067811865524577, 0.000000000000000000, 0.7071067811865425767 ) ) ;
#2840 = EDGE_CURVE ( 'NONE', #3261, #1269, #4379, .T. ) ;
#2841 = CARTESIAN_POINT ( 'NONE',  ( -2.589999999999947011, 0.000000000000000000, 19.99999999999999645 ) ) ;
#2842 = ORIENTED_EDGE ( 'NONE', *, *, #3969, .T. ) ;
#2843 = AXIS2_PLACEMENT_3D ( 'NONE', #186, #3569, #3033 ) ;
#2844 = DIRECTION ( 'NONE',  ( -1.000000000000000000, -7.228014483236698528E-16, 0.000000000000000000 ) ) ;
#2845 = ORIENTED_EDGE ( 'NONE', *, *, #2366, .T. ) ;
#2846 = ORIENTED_EDGE ( 'NONE', *, *, #4497, .T. ) ;
#2847 = VECTOR ( 'NONE', #4350, 1000.000000000000000 ) ;
#2848 = LINE ( 'NONE', #6049, #5276 ) ;
#2849 =( BOUNDED_CURVE ( )  B_SPLINE_CURVE ( 3, ( #6408, #5946, #6980, #474 ),
 .UNSPECIFIED., .F., .F. ) 
 B_SPLINE_CURVE_WITH_KNOTS ( ( 4, 4 ),
 ( 4.712388980384691450, 6.283185307179586232 ),
 .UNSPECIFIED. ) 
 CURVE ( )  GEOMETRIC_REPRESENTATION_ITEM ( )  RATIONAL_B_SPLINE_CURVE ( ( 1.000000000000000000, 0.8047378541243654926, 0.8047378541243654926, 1.000000000000000000 ) ) 
 REPRESENTATION_ITEM ( '' )  );
#2850 = EDGE_CURVE ( 'NONE', #2675, #4547, #3320, .T. ) ;
#2851 = ORIENTED_EDGE ( 'NONE', *, *, #188, .T. ) ;
#2852 = DIRECTION ( 'NONE',  ( -1.000000000000000000, 1.112002228190260952E-16, -0.000000000000000000 ) ) ;
#2853 = CARTESIAN_POINT ( 'NONE',  ( 3.929999999999937987, -2.250000000000037748, 0.000000000000000000 ) ) ;
#2854 = VECTOR ( 'NONE', #5195, 1000.000000000000000 ) ;
#2856 = EDGE_LOOP ( 'NONE', ( #3484, #587, #1228, #4865 ) ) ;
#2855 = VECTOR ( 'NONE', #5871, 1000.000000000000000 ) ;
#2857 = PLANE ( 'NONE',  #3308 ) ;
#2858 = DIRECTION ( 'NONE',  ( -8.762697138485634765E-17, -0.7880107536067236795, 0.6156614753256562933 ) ) ;
#2859 = EDGE_CURVE ( 'NONE', #783, #1648, #41, .T. ) ;
#2860 = DIRECTION ( 'NONE',  ( 1.000000000000000000, 1.369518533665900312E-16, -0.000000000000000000 ) ) ;
#2861 = EDGE_CURVE ( 'NONE', #3157, #2371, #6594, .T. ) ;
#2862 = DIRECTION ( 'NONE',  ( 0.000000000000000000, -1.000000000000000000, 0.000000000000000000 ) ) ;
#2863 = ADVANCED_FACE ( 'NONE', ( #5558 ), #3333, .F. ) ;
#2864 = ORIENTED_EDGE ( 'NONE', *, *, #5241, .F. ) ;
#2865 = DIRECTION ( 'NONE',  ( -1.000000000000000000, 0.000000000000000000, 0.000000000000000000 ) ) ;
#2866 = VERTEX_POINT ( 'NONE', #6697 ) ;
#2867 = PRODUCT ( 'L-KLS1-603C-10-S', 'L-KLS1-603C-10-S', '', ( #4184 ) ) ;
#2868 = ORIENTED_EDGE ( 'NONE', *, *, #4230, .F. ) ;
#2869 = EDGE_CURVE ( 'NONE', #1950, #4234, #3863, .T. ) ;
#2870 = CARTESIAN_POINT ( 'NONE',  ( -1.389999999999998792, 3.849999999999961897, 8.800000000000000711 ) ) ;
#2871 = EDGE_CURVE ( 'NONE', #4458, #3975, #1681, .T. ) ;
#2872 = DIRECTION ( 'NONE',  ( -0.000000000000000000, -0.000000000000000000, -1.000000000000000000 ) ) ;
#2873 = DIRECTION ( 'NONE',  ( -1.000000000000000000, 0.000000000000000000, 0.000000000000000000 ) ) ;
#2874 = VECTOR ( 'NONE', #5256, 1000.000000000000000 ) ;
#2875 = ORIENTED_EDGE ( 'NONE', *, *, #1341, .T. ) ;
#2876 = AXIS2_PLACEMENT_3D ( 'NONE', #3291, #3757, #3860 ) ;
#2877 = FACE_OUTER_BOUND ( 'NONE', #3746, .T. ) ;
#2878 = ORIENTED_EDGE ( 'NONE', *, *, #5999, .T. ) ;
#2879 = CARTESIAN_POINT ( 'NONE',  ( -7.799999999999998046, -0.9499999999999990674, 1.400000000000008793 ) ) ;
#2880 = ORIENTED_EDGE ( 'NONE', *, *, #180, .T. ) ;
#2881 = FACE_OUTER_BOUND ( 'NONE', #3970, .T. ) ;
#2882 = VECTOR ( 'NONE', #1411, 1000.000000000000000 ) ;
#2883 = CARTESIAN_POINT ( 'NONE',  ( -6.230000000000063487, -3.856200122890594884, 0.000000000000000000 ) ) ;
#2884 = ORIENTED_EDGE ( 'NONE', *, *, #2406, .T. ) ;
#2885 = PLANE ( 'NONE',  #6284 ) ;
#2886 = EDGE_CURVE ( 'NONE', #3064, #5956, #2789, .T. ) ;
#2887 = ADVANCED_FACE ( 'NONE', ( #6024 ), #2359, .F. ) ;
#2888 = VERTEX_POINT ( 'NONE', #4951 ) ;
#2889 = ORIENTED_EDGE ( 'NONE', *, *, #4046, .T. ) ;
#2890 = CARTESIAN_POINT ( 'NONE',  ( -3.340000000000000302, 0.9500000000000003997, 1.400000000000008793 ) ) ;
#2891 = FACE_OUTER_BOUND ( 'NONE', #5501, .T. ) ;
#2892 = LINE ( 'NONE', #2317, #6924 ) ;
#2893 = EDGE_CURVE ( 'NONE', #5530, #5423, #2757, .T. ) ;
#2894 = VERTEX_POINT ( 'NONE', #4003 ) ;
#2895 = DIRECTION ( 'NONE',  ( -0.000000000000000000, 0.6156614753256561823, 0.7880107536067235685 ) ) ;
#2896 = LINE ( 'NONE', #5056, #4370 ) ;
#2897 = DIRECTION ( 'NONE',  ( -0.000000000000000000, -0.000000000000000000, -1.000000000000000000 ) ) ;
#2898 = AXIS2_PLACEMENT_3D ( 'NONE', #3358, #3999, #6589 ) ;
#2899 = CARTESIAN_POINT ( 'NONE',  ( 8.699999999999997513, -4.649999999999998579, 0.000000000000000000 ) ) ;
#2900 = ORIENTED_EDGE ( 'NONE', *, *, #593, .F. ) ;
#2901 = CARTESIAN_POINT ( 'NONE',  ( 8.699999999999997513, -3.750000000000000000, 15.69999999999999929 ) ) ;
#2902 = DIRECTION ( 'NONE',  ( 0.000000000000000000, 0.000000000000000000, -1.000000000000000000 ) ) ;
#2903 = EDGE_CURVE ( 'NONE', #3395, #2300, #4989, .T. ) ;
#2904 = EDGE_CURVE ( 'NONE', #6258, #6790, #2257, .T. ) ;
#2905 = VECTOR ( 'NONE', #1172, 1000.000000000000000 ) ;
#2906 = ORIENTED_EDGE ( 'NONE', *, *, #6268, .F. ) ;
#2907 = DIRECTION ( 'NONE',  ( 0.000000000000000000, 0.000000000000000000, 1.000000000000000000 ) ) ;
#2908 =( NAMED_UNIT ( * ) PLANE_ANGLE_UNIT ( ) SI_UNIT ( $, .RADIAN. ) );
#2909 = PLANE ( 'NONE',  #6676 ) ;
#2910 = DIRECTION ( 'NONE',  ( -0.000000000000000000, -1.000000000000000000, -0.000000000000000000 ) ) ;
#2911 = EDGE_LOOP ( 'NONE', ( #837, #2082, #3244, #2707 ) ) ;
#2912 = DIRECTION ( 'NONE',  ( 0.000000000000000000, -1.000000000000000000, 0.000000000000000000 ) ) ;
#2913 = VERTEX_POINT ( 'NONE', #190 ) ;
#2914 = EDGE_CURVE ( 'NONE', #2201, #5859, #6664, .T. ) ;
#2915 = ADVANCED_FACE ( 'NONE', ( #4391 ), #3362, .T. ) ;
#2916 = ORIENTED_EDGE ( 'NONE', *, *, #1151, .F. ) ;
#2917 = PLANE ( 'NONE',  #1444 ) ;
#2918 = DIRECTION ( 'NONE',  ( 0.000000000000000000, 0.000000000000000000, -1.000000000000000000 ) ) ;
#2919 = EDGE_LOOP ( 'NONE', ( #1255, #4809, #1738, #4258 ) ) ;
#2920 = DIRECTION ( 'NONE',  ( -0.000000000000000000, -1.000000000000000000, -0.000000000000000000 ) ) ;
#2921 = ORIENTED_EDGE ( 'NONE', *, *, #1597, .F. ) ;
#2922 = EDGE_CURVE ( 'NONE', #2209, #961, #1287, .T. ) ;
#2923 = LINE ( 'NONE', #4553, #910 ) ;
#2924 = DIRECTION ( 'NONE',  ( -1.000000000000000000, -1.301042606982605321E-16, 0.000000000000000000 ) ) ;
#2925 = ORIENTED_EDGE ( 'NONE', *, *, #743, .F. ) ;
#2926 = AXIS2_PLACEMENT_3D ( 'NONE', #5601, #4361, #164 ) ;
#2927 = LINE ( 'NONE', #6230, #5570 ) ;
#2928 = CARTESIAN_POINT ( 'NONE',  ( -3.340000000000000302, 0.9500000000000006217, 1.400000000000008571 ) ) ;
#2929 = PLANE ( 'NONE',  #3526 ) ;
#2930 = DIRECTION ( 'NONE',  ( -1.000000000000000000, -0.000000000000000000, -0.000000000000000000 ) ) ;
#2931 = ADVANCED_FACE ( 'NONE', ( #5520 ), #1788, .T. ) ;
#2932 = ORIENTED_EDGE ( 'NONE', *, *, #4432, .F. ) ;
#2933 = FACE_OUTER_BOUND ( 'NONE', #4825, .T. ) ;
#2934 = AXIS2_PLACEMENT_3D ( 'NONE', #1505, #3686, #4186 ) ;
#2935 = ORIENTED_EDGE ( 'NONE', *, *, #3818, .F. ) ;
#2936 = ORIENTED_EDGE ( 'NONE', *, *, #1832, .T. ) ;
#2937 = FACE_OUTER_BOUND ( 'NONE', #378, .T. ) ;
#2938 = FACE_OUTER_BOUND ( 'NONE', #5685, .T. ) ;
#2939 = CARTESIAN_POINT ( 'NONE',  ( 9.500000000000001776, -2.100000000000000089, 14.69999999999999751 ) ) ;
#2940 = CARTESIAN_POINT ( 'NONE',  ( 4.780000000000000249, 2.640000000000000124, 19.74999999999999289 ) ) ;
#2941 = ORIENTED_EDGE ( 'NONE', *, *, #3610, .F. ) ;
#2942 = APPROVAL ( #3717, 'UNSPECIFIED' ) ;
#2943 = CARTESIAN_POINT ( 'NONE',  ( -1.740000000000000213, 0.9500000000000005107, 1.400000000000008349 ) ) ;
#2944 = VERTEX_POINT ( 'NONE', #2901 ) ;
#2945 = ORIENTED_EDGE ( 'NONE', *, *, #3331, .F. ) ;
#2946 = DIRECTION ( 'NONE',  ( -1.000000000000000000, -0.000000000000000000, -0.000000000000000000 ) ) ;
#2947 = CARTESIAN_POINT ( 'NONE',  ( 0.000000000000000000, 0.000000000000000000, 8.800000000000000711 ) ) ;
#2948 = EDGE_CURVE ( 'NONE', #4078, #3542, #159, .T. ) ;
#2949 = ADVANCED_FACE ( 'NONE', ( #3967 ), #6130, .F. ) ;
#2950 = AXIS2_PLACEMENT_3D ( 'NONE', #2951, #6779, #1908 ) ;
#2951 = CARTESIAN_POINT ( 'NONE',  ( -4.779999999999947846, 0.000000000000000000, 19.74999999999999645 ) ) ;
#2952 = ORIENTED_EDGE ( 'NONE', *, *, #2650, .T. ) ;
#2953 = DIRECTION ( 'NONE',  ( 0.000000000000000000, -0.000000000000000000, 1.000000000000000000 ) ) ;
#2954 = VECTOR ( 'NONE', #315, 1000.000000000000000 ) ;
#2955 = ORIENTED_EDGE ( 'NONE', *, *, #4570, .T. ) ;
#2956 = AXIS2_PLACEMENT_3D ( 'NONE', #1042, #4277, #2606 ) ;
#2957 = CARTESIAN_POINT ( 'NONE',  ( 7.500000000000000000, 2.100000000000000089, 15.69999999999999929 ) ) ;
#2958 = VECTOR ( 'NONE', #5591, 1000.000000000000000 ) ;
#2959 = LINE ( 'NONE', #4655, #2509 ) ;
#2960 = VECTOR ( 'NONE', #2391, 1000.000000000000000 ) ;
#2961 = ORIENTED_EDGE ( 'NONE', *, *, #3204, .F. ) ;
#2962 = VECTOR ( 'NONE', #5344, 1000.000000000000000 ) ;
#2963 = EDGE_CURVE ( 'NONE', #3946, #569, #586, .T. ) ;
#2964 = VECTOR ( 'NONE', #3438, 1000.000000000000000 ) ;
#2965 = CARTESIAN_POINT ( 'NONE',  ( -7.300000000000000711, 3.750000000000001776, 0.000000000000000000 ) ) ;
#2966 = LINE ( 'NONE', #4695, #3876 ) ;
#2967 = CARTESIAN_POINT ( 'NONE',  ( 1.389999999999937730, -2.250000000000037748, 8.800000000000000711 ) ) ;
#2968 = PLANE ( 'NONE',  #6546 ) ;
#2969 = ORIENTED_EDGE ( 'NONE', *, *, #6438, .T. ) ;
#2970 = DIRECTION ( 'NONE',  ( 0.000000000000000000, 1.000000000000000000, 0.000000000000000000 ) ) ;
#2971 = AXIS2_PLACEMENT_3D ( 'NONE', #5081, #2386, #6368 ) ;
#2972 = VECTOR ( 'NONE', #1002, 999.9999999999998863 ) ;
#2973 = PLANE ( 'NONE',  #2320 ) ;
#2974 = ADVANCED_FACE ( 'NONE', ( #2933 ), #4563, .T. ) ;
#2975 = ORIENTED_EDGE ( 'NONE', *, *, #152, .T. ) ;
#2976 = CARTESIAN_POINT ( 'NONE',  ( 3.930000000000001048, 2.243799877109404317, 8.800000000000000711 ) ) ;
#2977 = LINE ( 'NONE', #331, #3505 ) ;
#2978 = DIRECTION ( 'NONE',  ( -0.000000000000000000, 0.000000000000000000, -1.000000000000000000 ) ) ;
#2979 = LINE ( 'NONE', #5133, #5649 ) ;
#2980 = CARTESIAN_POINT ( 'NONE',  ( -0.2999999999999999889, 2.640000000000000124, 19.74999999999999289 ) ) ;
#2981 = ORIENTED_EDGE ( 'NONE', *, *, #2287, .F. ) ;
#2982 = CARTESIAN_POINT ( 'NONE',  ( 9.499999999999998224, 2.950000000000000178, 10.19999999999999929 ) ) ;
#2983 = ORIENTED_EDGE ( 'NONE', *, *, #6639, .T. ) ;
#2984 = ADVANCED_FACE ( 'NONE', ( #3572 ), #5735, .F. ) ;
#2985 = EDGE_LOOP ( 'NONE', ( #4016, #3551, #3968, #1687 ) ) ;
#2986 = CARTESIAN_POINT ( 'NONE',  ( 4.280000000000001137, -3.650000000000036326, 8.800000000000000711 ) ) ;
#2987 = LINE ( 'NONE', #2440, #3494 ) ;
#2988 = VECTOR ( 'NONE', #976, 1000.000000000000000 ) ;
#2989 = DIRECTION ( 'NONE',  ( -0.7071067811865475727, 0.000000000000000000, 0.7071067811865475727 ) ) ;
#2990 = VERTEX_POINT ( 'NONE', #290 ) ;
#2991 = CARTESIAN_POINT ( 'NONE',  ( -7.500000000000000000, 3.749999999999999112, 14.69999999999999751 ) ) ;
#2992 = ORIENTED_EDGE ( 'NONE', *, *, #5043, .F. ) ;
#2993 = EDGE_CURVE ( 'NONE', #6820, #5454, #6342, .T. ) ;
#2994 = CARTESIAN_POINT ( 'NONE',  ( -6.230000000000063487, -2.250000000000037748, 0.000000000000000000 ) ) ;
#2995 = CARTESIAN_POINT ( 'NONE',  ( -2.489999999999947367, -2.640000000000017888, 19.99999999999999645 ) ) ;
#2996 = EDGE_CURVE ( 'NONE', #1515, #3844, #324, .T. ) ;
#2997 = ORIENTED_EDGE ( 'NONE', *, *, #4108, .F. ) ;
#2998 = DIRECTION ( 'NONE',  ( 1.000000000000000000, -1.112002228190260952E-16, 0.000000000000000000 ) ) ;
#2999 = CARTESIAN_POINT ( 'NONE',  ( 3.929999999999937987, -2.250000000000037748, 8.800000000000000711 ) ) ;
#3000 = CARTESIAN_POINT ( 'NONE',  ( -3.689999999999998614, 2.243799877109404317, 0.000000000000000000 ) ) ;
#3001 = FACE_OUTER_BOUND ( 'NONE', #4550, .T. ) ;
#3002 = ORIENTED_EDGE ( 'NONE', *, *, #2871, .T. ) ;
#3003 = DIRECTION ( 'NONE',  ( 0.000000000000000000, -0.000000000000000000, -1.000000000000000000 ) ) ;
#3004 = AXIS2_PLACEMENT_3D ( 'NONE', #259, #5029, #758 ) ;
#3005 = LINE ( 'NONE', #2001, #844 ) ;
#3006 = ORIENTED_EDGE ( 'NONE', *, *, #4383, .F. ) ;
#3007 = CARTESIAN_POINT ( 'NONE',  ( 0.000000000000000000, 0.000000000000000000, 19.99999999999999645 ) ) ;
#3008 = DIRECTION ( 'NONE',  ( -0.7071067811865425767, 0.000000000000000000, -0.7071067811865525687 ) ) ;
#3009 = LINE ( 'NONE', #333, #3126 ) ;
#3010 = FACE_OUTER_BOUND ( 'NONE', #1064, .T. ) ;
#3011 = CARTESIAN_POINT ( 'NONE',  ( -3.930000000000063665, -3.856200122890594884, 8.800000000000000711 ) ) ;
#3012 = VERTEX_POINT ( 'NONE', #3037 ) ;
#3013 = EDGE_CURVE ( 'NONE', #1446, #2664, #6872, .T. ) ;
#3014 = DIRECTION ( 'NONE',  ( -0.000000000000000000, -0.6156614753256562933, 0.7880107536067235685 ) ) ;
#3015 = AXIS2_PLACEMENT_3D ( 'NONE', #3338, #3766, #4822 ) ;
#3016 = ORIENTED_EDGE ( 'NONE', *, *, #6426, .T. ) ;
#3017 = ORIENTED_EDGE ( 'NONE', *, *, #2297, .T. ) ;
#3018 = ORIENTED_EDGE ( 'NONE', *, *, #2591, .F. ) ;
#3019 = LINE ( 'NONE', #3554, #7043 ) ;
#3020 = CARTESIAN_POINT ( 'NONE',  ( 9.099999999999997868, -3.750000000000001776, 8.800000000000000711 ) ) ;
#3021 = CARTESIAN_POINT ( 'NONE',  ( 1.149999999999937517, -3.856200122890594884, 0.000000000000000000 ) ) ;
#3022 = EDGE_CURVE ( 'NONE', #2749, #169, #1426, .T. ) ;
#3023 = LINE ( 'NONE', #309, #1916 ) ;
#3024 = EDGE_LOOP ( 'NONE', ( #486, #863, #3504, #810, #5047 ) ) ;
#3025 = FACE_OUTER_BOUND ( 'NONE', #2985, .T. ) ;
#3026 = EDGE_LOOP ( 'NONE', ( #4468, #4641, #6407, #2788 ) ) ;
#3027 = EDGE_CURVE ( 'NONE', #4377, #5102, #4700, .T. ) ;
#3028 = LINE ( 'NONE', #3525, #4758 ) ;
#3029 = LINE ( 'NONE', #4584, #4111 ) ;
#3030 = VERTEX_POINT ( 'NONE', #4664 ) ;
#3031 = CARTESIAN_POINT ( 'NONE',  ( -4.280000000000000249, 0.9500000000000005107, 8.800000000000000711 ) ) ;
#3032 = DIRECTION ( 'NONE',  ( -0.7071067811865475727, -0.000000000000000000, -0.7071067811865475727 ) ) ;
#3033 = DIRECTION ( 'NONE',  ( -1.000000000000000000, -1.301042606982605321E-16, 0.000000000000000000 ) ) ;
#3034 = FACE_OUTER_BOUND ( 'NONE', #6813, .T. ) ;
#3035 = VECTOR ( 'NONE', #6057, 1000.000000000000000 ) ;
#3036 = ORIENTED_EDGE ( 'NONE', *, *, #4735, .F. ) ;
#3037 = CARTESIAN_POINT ( 'NONE',  ( 5.030000000000057092, -2.440000000000000391, 19.99999999999999645 ) ) ;
#3038 = EDGE_CURVE ( 'NONE', #4755, #4657, #2535, .T. ) ;
#3039 = CARTESIAN_POINT ( 'NONE',  ( 9.499999999999998224, -3.849999999999999201, 11.00000000000000178 ) ) ;
#3040 = ORIENTED_EDGE ( 'NONE', *, *, #6509, .F. ) ;
#3041 = FACE_OUTER_BOUND ( 'NONE', #884, .T. ) ;
#3042 = PLANE ( 'NONE',  #4030 ) ;
#3043 = CARTESIAN_POINT ( 'NONE',  ( -2.589999999999947011, -2.640000000000017888, 19.99999999999999645 ) ) ;
#3044 = DIRECTION ( 'NONE',  ( 0.000000000000000000, 0.000000000000000000, -1.000000000000000000 ) ) ;
#3045 = VECTOR ( 'NONE', #4292, 1000.000000000000000 ) ;
#3046 = VERTEX_POINT ( 'NONE', #2457 ) ;
#3047 = ORIENTED_EDGE ( 'NONE', *, *, #6378, .F. ) ;
#3048 = ORIENTED_EDGE ( 'NONE', *, *, #6944, .F. ) ;
#3049 = ORIENTED_EDGE ( 'NONE', *, *, #3656, .T. ) ;
#3050 = DIRECTION ( 'NONE',  ( 0.000000000000000000, 0.000000000000000000, -1.000000000000000000 ) ) ;
#3051 = ADVANCED_FACE ( 'NONE', ( #1965 ), #1459, .F. ) ;
#3052 = LINE ( 'NONE', #2014, #2013 ) ;
#3053 = CARTESIAN_POINT ( 'NONE',  ( 4.780000000000053539, -2.640000000000000568, 19.99999999999999645 ) ) ;
#3054 = LINE ( 'NONE', #2553, #1461 ) ;
#3055 = ORIENTED_EDGE ( 'NONE', *, *, #6466, .T. ) ;
#3056 = DIRECTION ( 'NONE',  ( 0.000000000000000000, -0.000000000000000000, -1.000000000000000000 ) ) ;
#3057 = ORIENTED_EDGE ( 'NONE', *, *, #6419, .F. ) ;
#3058 = EDGE_CURVE ( 'NONE', #1174, #4848, #5157, .T. ) ;
#3059 = VECTOR ( 'NONE', #3341, 1000.000000000000000 ) ;
#3060 = LINE ( 'NONE', #6263, #3751 ) ;
#3061 = CARTESIAN_POINT ( 'NONE',  ( -1.740000000000000213, -0.9499999999999995115, 1.400000000000009237 ) ) ;
#3062 = LINE ( 'NONE', #6400, #2522 ) ;
#3063 = VECTOR ( 'NONE', #475, 1000.000000000000000 ) ;
#3064 = VERTEX_POINT ( 'NONE', #4626 ) ;
#3065 = EDGE_CURVE ( 'NONE', #5887, #90, #5230, .T. ) ;
#3066 = LINE ( 'NONE', #1659, #542 ) ;
#3067 = LINE ( 'NONE', #5225, #3305 ) ;
#3068 = AXIS2_PLACEMENT_3D ( 'NONE', #6610, #5504, #1127 ) ;
#3069 = DIRECTION ( 'NONE',  ( -1.000000000000000000, 0.000000000000000000, 0.000000000000000000 ) ) ;
#3070 = VECTOR ( 'NONE', #4729, 1000.000000000000000 ) ;
#3071 = FACE_BOUND ( 'NONE', #3997, .T. ) ;
#3072 = VERTEX_POINT ( 'NONE', #6308 ) ;
#3073 = ORIENTED_EDGE ( 'NONE', *, *, #5669, .F. ) ;
#3074 = CARTESIAN_POINT ( 'NONE',  ( -3.340000000000000302, 0.9500000000000003997, 8.800000000000000711 ) ) ;
#3075 = LINE ( 'NONE', #936, #4817 ) ;
#3076 = VECTOR ( 'NONE', #2047, 1000.000000000000000 ) ;
#3077 = EDGE_CURVE ( 'NONE', #1690, #3064, #1924, .T. ) ;
#3078 = CARTESIAN_POINT ( 'NONE',  ( -9.100000000000001421, -3.750000000000001776, 0.000000000000000000 ) ) ;
#3079 = DATE_AND_TIME ( #2142, #2235 ) ;
#3080 = EDGE_CURVE ( 'NONE', #4863, #3644, #5125, .T. ) ;
#3081 = CARTESIAN_POINT ( 'NONE',  ( -2.239999999999947367, 0.000000000000000000, 19.74999999999999645 ) ) ;
#3082 = LINE ( 'NONE', #4535, #5883 ) ;
#3083 = VECTOR ( 'NONE', #6726, 1000.000000000000000 ) ;
#3084 = CARTESIAN_POINT ( 'NONE',  ( -5.879999999999999893, 2.243799877109404317, 8.800000000000000711 ) ) ;
#3085 =( BOUNDED_CURVE ( )  B_SPLINE_CURVE ( 3, ( #3557, #1440, #5281, #415 ),
 .UNSPECIFIED., .F., .F. ) 
 B_SPLINE_CURVE_WITH_KNOTS ( ( 4, 4 ),
 ( 4.712388980384687898, 6.283185307179586232 ),
 .UNSPECIFIED. ) 
 CURVE ( )  GEOMETRIC_REPRESENTATION_ITEM ( )  RATIONAL_B_SPLINE_CURVE ( ( 1.000000000000000000, 0.8047378541243646044, 0.8047378541243646044, 1.000000000000000000 ) ) 
 REPRESENTATION_ITEM ( '' )  );
#3086 = ORIENTED_EDGE ( 'NONE', *, *, #4936, .T. ) ;
#3087 = EDGE_LOOP ( 'NONE', ( #3902, #876, #6320, #5864, #59, #3057 ) ) ;
#3088 = ORIENTED_EDGE ( 'NONE', *, *, #3113, .F. ) ;
#3089 = EDGE_CURVE ( 'NONE', #1032, #2394, #2423, .T. ) ;
#3090 = VECTOR ( 'NONE', #3934, 1000.000000000000000 ) ;
#3091 = DIRECTION ( 'NONE',  ( -1.000000000000000000, 0.000000000000000000, 0.000000000000000000 ) ) ;
#3092 = DIRECTION ( 'NONE',  ( 0.000000000000000000, -1.000000000000000000, 0.000000000000000000 ) ) ;
#3093 = LINE ( 'NONE', #5246, #60 ) ;
#3094 = CARTESIAN_POINT ( 'NONE',  ( 9.500000000000001776, 2.100000000000000089, 14.69999999999999751 ) ) ;
#3095 = ORIENTED_EDGE ( 'NONE', *, *, #654, .T. ) ;
#3096 = CARTESIAN_POINT ( 'NONE',  ( -1.908195823574486226E-15, 2.639999999999996572, 19.99999999999999645 ) ) ;
#3097 = ORIENTED_EDGE ( 'NONE', *, *, #5069, .T. ) ;
#3098 = VECTOR ( 'NONE', #5532, 1000.000000000000000 ) ;
#3099 = PLANE ( 'NONE',  #4096 ) ;
#3100 = AXIS2_PLACEMENT_3D ( 'NONE', #2506, #5237, #943 ) ;
#3101 = PLANE ( 'NONE',  #467 ) ;
#3102 = EDGE_CURVE ( 'NONE', #1693, #1562, #899, .T. ) ;
#3103 = DIRECTION ( 'NONE',  ( 1.000000000000000000, 0.000000000000000000, 0.000000000000000000 ) ) ;
#3104 = ADVANCED_FACE ( 'NONE', ( #828 ), #756, .T. ) ;
#3105 = VERTEX_POINT ( 'NONE', #4181 ) ;
#3106 = LINE ( 'NONE', #394, #5184 ) ;
#3107 = CARTESIAN_POINT ( 'NONE',  ( -7.500000000000000000, 2.100000000000000089, 14.69999999999999751 ) ) ;
#3108 = FACE_OUTER_BOUND ( 'NONE', #4025, .T. ) ;
#3109 = DIRECTION ( 'NONE',  ( 0.000000000000000000, -1.000000000000000000, -0.000000000000000000 ) ) ;
#3110 = ORIENTED_EDGE ( 'NONE', *, *, #6050, .T. ) ;
#3111 = ORIENTED_EDGE ( 'NONE', *, *, #5187, .F. ) ;
#3112 = LINE ( 'NONE', #402, #1942 ) ;
#3113 = EDGE_CURVE ( 'NONE', #2802, #3594, #2395, .T. ) ;
#3114 = LINE ( 'NONE', #6873, #6066 ) ;
#3115 = VECTOR ( 'NONE', #6079, 1000.000000000000000 ) ;
#3116 = LINE ( 'NONE', #1567, #1934 ) ;
#3117 = PERSON_AND_ORGANIZATION ( #6974, #6213 ) ;
#3118 = PLANE ( 'NONE',  #2207 ) ;
#3119 = CARTESIAN_POINT ( 'NONE',  ( -7.500000000000000000, 3.749999999999999112, 15.69999999999999929 ) ) ;
#3120 = CARTESIAN_POINT ( 'NONE',  ( -8.700000000000002842, -3.850000000000001421, 10.19999999999999929 ) ) ;
#3121 = VERTEX_POINT ( 'NONE', #5375 ) ;
#3122 = CC_DESIGN_PERSON_AND_ORGANIZATION_ASSIGNMENT ( #2074, #5381, ( #6069 ) ) ;
#3123 = ORIENTED_EDGE ( 'NONE', *, *, #5149, .T. ) ;
#3124 = ORIENTED_EDGE ( 'NONE', *, *, #4020, .F. ) ;
#3125 = LINE ( 'NONE', #5424, #461 ) ;
#3126 = VECTOR ( 'NONE', #1932, 1000.000000000000000 ) ;
#3127 = DIRECTION ( 'NONE',  ( 0.000000000000000000, 0.000000000000000000, 1.000000000000000000 ) ) ;
#3128 = DIRECTION ( 'NONE',  ( -0.7071067811865524577, 0.000000000000000000, 0.7071067811865425767 ) ) ;
#3129 = CARTESIAN_POINT ( 'NONE',  ( -1.739999999999999991, -3.650000000000000799, 0.000000000000000000 ) ) ;
#3130 = ADVANCED_FACE ( 'NONE', ( #3253 ), #1070, .F. ) ;
#3131 = ORIENTED_EDGE ( 'NONE', *, *, #6459, .F. ) ;
#3132 = CARTESIAN_POINT ( 'NONE',  ( 9.500000000000000000, -3.750000000000000000, 15.69999999999999929 ) ) ;
#3133 = ORIENTED_EDGE ( 'NONE', *, *, #6647, .F. ) ;
#3134 = VECTOR ( 'NONE', #4682, 1000.000000000000000 ) ;
#3135 = LINE ( 'NONE', #4299, #2608 ) ;
#3136 = LINE ( 'NONE', #5290, #5587 ) ;
#3137 = VERTEX_POINT ( 'NONE', #4806 ) ;
#3138 = ORIENTED_EDGE ( 'NONE', *, *, #4305, .F. ) ;
#3139 = DIRECTION ( 'NONE',  ( 0.000000000000000000, 0.000000000000000000, -1.000000000000000000 ) ) ;
#3140 = DIRECTION ( 'NONE',  ( -1.000000000000000000, -0.000000000000000000, -0.000000000000000000 ) ) ;
#3141 = EDGE_CURVE ( 'NONE', #4967, #5586, #9, .T. ) ;
#3142 = DIRECTION ( 'NONE',  ( 6.672013369141568175E-16, -1.000000000000000000, -0.000000000000000000 ) ) ;
#3143 = CARTESIAN_POINT ( 'NONE',  ( 1.740000000000000213, 2.043799877109404139, 0.000000000000000000 ) ) ;
#3144 = ORIENTED_EDGE ( 'NONE', *, *, #1108, .T. ) ;
#3145 = VERTEX_POINT ( 'NONE', #4839 ) ;
#3146 = CARTESIAN_POINT ( 'NONE',  ( -7.799999999999998046, -0.9499999999999990674, 8.800000000000000711 ) ) ;
#3147 = CARTESIAN_POINT ( 'NONE',  ( -9.500000000000001776, 3.849999999999999201, 11.00000000000000000 ) ) ;
#3148 = DIRECTION ( 'NONE',  ( -1.000000000000000000, -0.000000000000000000, -0.000000000000000000 ) ) ;
#3149 = CARTESIAN_POINT ( 'NONE',  ( -2.239999999999947367, -2.440000000000017266, 14.69999999999999751 ) ) ;
#3150 = VECTOR ( 'NONE', #6377, 1000.000000000000000 ) ;
#3151 = DIRECTION ( 'NONE',  ( 1.000000000000000000, -1.112002228190260952E-16, 0.000000000000000000 ) ) ;
#3152 = EDGE_CURVE ( 'NONE', #2300, #2328, #6908, .T. ) ;
#3153 = CARTESIAN_POINT ( 'NONE',  ( -9.100000000000001421, 2.450000000000001954, 8.800000000000000711 ) ) ;
#3154 = DIRECTION ( 'NONE',  ( -1.000000000000000000, 1.112002228190260952E-16, 0.000000000000000000 ) ) ;
#3155 = LOCAL_TIME ( 13, 50, 11.00000000000000000, #6951 ) ;
#3156 = ORIENTED_EDGE ( 'NONE', *, *, #3389, .F. ) ;
#3157 = VERTEX_POINT ( 'NONE', #1603 ) ;
#3158 = ORIENTED_EDGE ( 'NONE', *, *, #267, .T. ) ;
#3159 = LINE ( 'NONE', #981, #4211 ) ;
#3160 = EDGE_CURVE ( 'NONE', #3186, #1129, #5266, .T. ) ;
#3161 = AXIS2_PLACEMENT_3D ( 'NONE', #950, #982, #3127 ) ;
#3162 = LINE ( 'NONE', #1579, #3045 ) ;
#3163 = CARTESIAN_POINT ( 'NONE',  ( 1.149999999999937517, -2.250000000000037748, 8.800000000000000711 ) ) ;
#3164 = CARTESIAN_POINT ( 'NONE',  ( 9.500000000000001776, 2.100000000000000089, 14.69999999999999751 ) ) ;
#3165 = ORIENTED_EDGE ( 'NONE', *, *, #4551, .F. ) ;
#3166 = AXIS2_PLACEMENT_3D ( 'NONE', #1894, #835, #6280 ) ;
#3167 = DIRECTION ( 'NONE',  ( 1.000000000000000000, -1.112002228190260952E-16, 0.000000000000000000 ) ) ;
#3168 = VERTEX_POINT ( 'NONE', #6441 ) ;
#3169 = EDGE_CURVE ( 'NONE', #5423, #5544, #4276, .T. ) ;
#3170 = CARTESIAN_POINT ( 'NONE',  ( -7.799999999999998046, 0.9500000000000009548, 8.800000000000000711 ) ) ;
#3171 = FACE_OUTER_BOUND ( 'NONE', #6674, .T. ) ;
#3172 = ORIENTED_EDGE ( 'NONE', *, *, #3080, .F. ) ;
#3173 = ORIENTED_EDGE ( 'NONE', *, *, #1491, .F. ) ;
#3174 = EDGE_CURVE ( 'NONE', #149, #472, #4247, .T. ) ;
#3175 = LINE ( 'NONE', #5295, #5453 ) ;
#3176 = CARTESIAN_POINT ( 'NONE',  ( -4.779999999999947846, 0.000000000000000000, 14.69999999999999751 ) ) ;
#3177 = LINE ( 'NONE', #1000, #2573 ) ;
#3178 = ORIENTED_EDGE ( 'NONE', *, *, #4278, .T. ) ;
#3179 = ORIENTED_EDGE ( 'NONE', *, *, #1108, .F. ) ;
#3180 = DIRECTION ( 'NONE',  ( -0.000000000000000000, -0.000000000000000000, -1.000000000000000000 ) ) ;
#3181 = CIRCLE ( 'NONE', #4866, 0.8000000000000003775 ) ;
#3182 = DIRECTION ( 'NONE',  ( 0.000000000000000000, -1.000000000000000000, 0.000000000000000000 ) ) ;
#3183 = CARTESIAN_POINT ( 'NONE',  ( -2.589999999999947011, -2.640000000000017888, 19.99999999999999645 ) ) ;
#3184 = EDGE_CURVE ( 'NONE', #3560, #3186, #2568, .T. ) ;
#3185 = VECTOR ( 'NONE', #5365, 1000.000000000000000 ) ;
#3186 = VERTEX_POINT ( 'NONE', #5411 ) ;
#3187 = DIRECTION ( 'NONE',  ( -0.000000000000000000, -1.000000000000000000, -0.000000000000000000 ) ) ;
#3188 = APPROVAL_DATE_TIME ( #5878, #1981 ) ;
#3189 = CARTESIAN_POINT ( 'NONE',  ( -2.239999999999947367, 0.000000000000000000, 14.69999999999999751 ) ) ;
#3190 = PLANE ( 'NONE',  #6451 ) ;
#3191 = FACE_OUTER_BOUND ( 'NONE', #2603, .T. ) ;
#3192 = ORIENTED_EDGE ( 'NONE', *, *, #4629, .T. ) ;
#3193 = VECTOR ( 'NONE', #6269, 1000.000000000000000 ) ;
#3194 = VERTEX_POINT ( 'NONE', #540 ) ;
#3195 = EDGE_CURVE ( 'NONE', #5954, #5816, #970, .T. ) ;
#3196 = ORIENTED_EDGE ( 'NONE', *, *, #5221, .T. ) ;
#3197 = VECTOR ( 'NONE', #2895, 1000.000000000000000 ) ;
#3198 = DIRECTION ( 'NONE',  ( 1.000000000000000000, 0.000000000000000000, 0.000000000000000000 ) ) ;
#3199 = CARTESIAN_POINT ( 'NONE',  ( -0.04999999999994684391, -2.640000000000000568, 19.99999999999999645 ) ) ;
#3200 = LINE ( 'NONE', #2119, #5394 ) ;
#3201 = DIRECTION ( 'NONE',  ( 1.000000000000000000, 0.000000000000000000, 0.000000000000000000 ) ) ;
#3202 = AXIS2_PLACEMENT_3D ( 'NONE', #6688, #6053, #6584 ) ;
#3203 = VERTEX_POINT ( 'NONE', #3748 ) ;
#3204 = EDGE_CURVE ( 'NONE', #3499, #2229, #2849, .T. ) ;
#3205 = DIRECTION ( 'NONE',  ( -0.000000000000000000, -1.000000000000000000, -0.000000000000000000 ) ) ;
#3206 = VERTEX_POINT ( 'NONE', #3219 ) ;
#3207 = DIRECTION ( 'NONE',  ( -0.000000000000000000, 0.000000000000000000, -1.000000000000000000 ) ) ;
#3208 = PLANE ( 'NONE',  #1841 ) ;
#3209 = EDGE_CURVE ( 'NONE', #5713, #909, #6477, .T. ) ;
#3210 = EDGE_CURVE ( 'NONE', #3121, #6109, #4770, .T. ) ;
#3211 = ORIENTED_EDGE ( 'NONE', *, *, #4944, .F. ) ;
#3212 = EDGE_LOOP ( 'NONE', ( #6464, #1113, #6632, #4120 ) ) ;
#3213 = DIRECTION ( 'NONE',  ( -1.000000000000000000, 0.000000000000000000, 0.000000000000000000 ) ) ;
#3214 = DIRECTION ( 'NONE',  ( 0.000000000000000000, 0.000000000000000000, 1.000000000000000000 ) ) ;
#3215 = CARTESIAN_POINT ( 'NONE',  ( -3.929999999999999272, 2.243799877109404317, 8.800000000000000711 ) ) ;
#3216 = AXIS2_PLACEMENT_3D ( 'NONE', #2217, #6519, #6415 ) ;
#3217 = ORIENTED_EDGE ( 'NONE', *, *, #63, .T. ) ;
#3218 = ORIENTED_EDGE ( 'NONE', *, *, #6157, .T. ) ;
#3219 = CARTESIAN_POINT ( 'NONE',  ( -7.500000000000000888, 1.499999999999999334, 11.19999999999999751 ) ) ;
#3220 = DIRECTION ( 'NONE',  ( -0.000000000000000000, 0.000000000000000000, -1.000000000000000000 ) ) ;
#3221 = EDGE_CURVE ( 'NONE', #328, #652, #4347, .T. ) ;
#3222 = EDGE_CURVE ( 'NONE', #4876, #1605, #3679, .T. ) ;
#3223 = ORIENTED_EDGE ( 'NONE', *, *, #2963, .F. ) ;
#3224 = DIRECTION ( 'NONE',  ( -0.000000000000000000, -0.000000000000000000, -1.000000000000000000 ) ) ;
#3225 = APPROVAL_DATE_TIME ( #1534, #2067 ) ;
#3226 = DIRECTION ( 'NONE',  ( 1.000000000000000000, -1.112002228190260952E-16, 0.000000000000000000 ) ) ;
#3227 = FACE_OUTER_BOUND ( 'NONE', #5242, .T. ) ;
#3228 = FACE_OUTER_BOUND ( 'NONE', #1774, .T. ) ;
#3229 = ORIENTED_EDGE ( 'NONE', *, *, #4334, .F. ) ;
#3230 = ORIENTED_EDGE ( 'NONE', *, *, #1578, .F. ) ;
#3231 = VERTEX_POINT ( 'NONE', #3646 ) ;
#3232 = CARTESIAN_POINT ( 'NONE',  ( -4.280000000000000249, -2.250000000000037748, 0.000000000000000000 ) ) ;
#3233 = LINE ( 'NONE', #554, #1667 ) ;
#3234 = CARTESIAN_POINT ( 'NONE',  ( 9.099999999999997868, 2.450000000000001066, 8.800000000000000711 ) ) ;
#3235 = EDGE_CURVE ( 'NONE', #2543, #4841, #3112, .T. ) ;
#3236 = EDGE_CURVE ( 'NONE', #2688, #4674, #2032, .T. ) ;
#3237 = LINE ( 'NONE', #6638, #1575 ) ;
#3238 = ORIENTED_EDGE ( 'NONE', *, *, #574, .T. ) ;
#3239 = CARTESIAN_POINT ( 'NONE',  ( -6.230000000000063487, -2.250000000000037748, 8.800000000000000711 ) ) ;
#3240 = ORIENTED_EDGE ( 'NONE', *, *, #4898, .T. ) ;
#3241 = AXIS2_PLACEMENT_3D ( 'NONE', #2785, #1281, #3963 ) ;
#3242 = EDGE_CURVE ( 'NONE', #5039, #3465, #6946, .T. ) ;
#3243 = DIRECTION ( 'NONE',  ( 0.000000000000000000, -0.000000000000000000, -1.000000000000000000 ) ) ;
#3244 = ORIENTED_EDGE ( 'NONE', *, *, #4591, .F. ) ;
#3245 = VECTOR ( 'NONE', #2549, 1000.000000000000000 ) ;
#3246 = VERTEX_POINT ( 'NONE', #1637 ) ;
#3247 = ORIENTED_EDGE ( 'NONE', *, *, #4615, .F. ) ;
#3248 = CARTESIAN_POINT ( 'NONE',  ( -4.280000000000000249, 0.9500000000000006217, 1.400000000000008793 ) ) ;
#3249 = EDGE_CURVE ( 'NONE', #3607, #4207, #3924, .T. ) ;
#3250 = CARTESIAN_POINT ( 'NONE',  ( 9.499999999999998224, 3.295974604355933479E-14, 14.84999999999999432 ) ) ;
#3251 = LINE ( 'NONE', #4837, #643 ) ;
#3252 = ORIENTED_EDGE ( 'NONE', *, *, #3643, .F. ) ;
#3253 = FACE_OUTER_BOUND ( 'NONE', #4451, .T. ) ;
#3254 = PLANE ( 'NONE',  #790 ) ;
#3255 = ORIENTED_EDGE ( 'NONE', *, *, #3404, .F. ) ;
#3256 = LINE ( 'NONE', #6624, #6819 ) ;
#3257 = PLANE ( 'NONE',  #2547 ) ;
#3258 = DIRECTION ( 'NONE',  ( -0.7071067811865474617, -0.000000000000000000, 0.7071067811865474617 ) ) ;
#3259 = LINE ( 'NONE', #4353, #5128 ) ;
#3260 = EDGE_CURVE ( 'NONE', #1697, #2739, #6052, .T. ) ;
#3261 = VERTEX_POINT ( 'NONE', #2210 ) ;
#3262 = ORIENTED_EDGE ( 'NONE', *, *, #5331, .F. ) ;
#3263 = ORIENTED_EDGE ( 'NONE', *, *, #6859, .T. ) ;
#3264 = DIRECTION ( 'NONE',  ( -0.7071067811865474617, -0.000000000000000000, 0.7071067811865474617 ) ) ;
#3265 = DIRECTION ( 'NONE',  ( -0.000000000000000000, -1.000000000000000000, -0.000000000000000000 ) ) ;
#3266 = DIRECTION ( 'NONE',  ( 0.000000000000000000, 0.000000000000000000, 1.000000000000000000 ) ) ;
#3267 = VECTOR ( 'NONE', #1560, 1000.000000000000000 ) ;
#3268 = DIRECTION ( 'NONE',  ( -0.000000000000000000, -0.000000000000000000, -1.000000000000000000 ) ) ;
#3269 = EDGE_LOOP ( 'NONE', ( #4419, #2087, #448, #3710, #6179, #5710 ) ) ;
#3270 = CARTESIAN_POINT ( 'NONE',  ( 4.280000000000001137, -2.043799877109405916, 0.000000000000000000 ) ) ;
#3271 = EDGE_CURVE ( 'NONE', #3318, #2149, #6012, .T. ) ;
#3272 = VECTOR ( 'NONE', #23, 1000.000000000000000 ) ;
#3273 = ORIENTED_EDGE ( 'NONE', *, *, #6480, .T. ) ;
#3274 = CARTESIAN_POINT ( 'NONE',  ( 8.699999999999997513, 4.650000000000001243, 0.000000000000000000 ) ) ;
#3275 = AXIS2_PLACEMENT_3D ( 'NONE', #2947, #6746, #5105 ) ;
#3276 = DIRECTION ( 'NONE',  ( -0.000000000000000000, -1.000000000000000000, -0.000000000000000000 ) ) ;
#3277 = ORIENTED_EDGE ( 'NONE', *, *, #2227, .F. ) ;
#3278 = ADVANCED_FACE ( 'NONE', ( #1140 ), #5584, .T. ) ;
#3279 = ORIENTED_EDGE ( 'NONE', *, *, #1375, .F. ) ;
#3280 = ORIENTED_EDGE ( 'NONE', *, *, #4415, .F. ) ;
#3281 = CARTESIAN_POINT ( 'NONE',  ( -7.799999999999998046, 0.9500000000000009548, 8.800000000000000711 ) ) ;
#3282 = DIRECTION ( 'NONE',  ( -0.000000000000000000, -0.000000000000000000, -1.000000000000000000 ) ) ;
#3283 = ORIENTED_EDGE ( 'NONE', *, *, #291, .T. ) ;
#3284 = PLANE ( 'NONE',  #1020 ) ;
#3285 = CARTESIAN_POINT ( 'NONE',  ( 5.130000000000053184, 0.000000000000000000, 19.99999999999999645 ) ) ;
#3286 = ADVANCED_FACE ( 'NONE', ( #3324 ), #5480, .T. ) ;
#3287 = ORIENTED_EDGE ( 'NONE', *, *, #161, .T. ) ;
#3288 = LINE ( 'NONE', #5449, #2165 ) ;
#3289 = DIRECTION ( 'NONE',  ( 0.000000000000000000, -1.000000000000000000, 0.000000000000000000 ) ) ;
#3290 = DIRECTION ( 'NONE',  ( -0.000000000000000000, -1.000000000000000000, -0.000000000000000000 ) ) ;
#3291 = CARTESIAN_POINT ( 'NONE',  ( -3.689999999999998614, 3.849999999999961897, 8.800000000000000711 ) ) ;
#3292 = VECTOR ( 'NONE', #4892, 1000.000000000000000 ) ;
#3293 = ORIENTED_EDGE ( 'NONE', *, *, #1460, .T. ) ;
#3294 = VERTEX_POINT ( 'NONE', #1206 ) ;
#3295 = ADVANCED_FACE ( 'NONE', ( #3354 ), #5547, .F. ) ;
#3296 = AXIS2_PLACEMENT_3D ( 'NONE', #3680, #3220, #5840 ) ;
#3297 = VERTEX_POINT ( 'NONE', #150 ) ;
#3298 = CARTESIAN_POINT ( 'NONE',  ( 2.840000000000053149, -2.640000000000000568, 19.74999999999999645 ) ) ;
#3299 = CARTESIAN_POINT ( 'NONE',  ( 3.929999999999937987, -3.856200122890594884, 0.000000000000000000 ) ) ;
#3300 = LINE ( 'NONE', #6423, #5700 ) ;
#3301 = VERTEX_POINT ( 'NONE', #576 ) ;
#3302 = VECTOR ( 'NONE', #6942, 1000.000000000000000 ) ;
#3303 = EDGE_CURVE ( 'NONE', #4207, #6212, #3959, .T. ) ;
#3304 = DIRECTION ( 'NONE',  ( 1.000000000000000000, 7.228014483236696555E-16, 0.000000000000000000 ) ) ;
#3305 = VECTOR ( 'NONE', #360, 1000.000000000000000 ) ;
#3306 = EDGE_LOOP ( 'NONE', ( #2868, #434, #875, #7013 ) ) ;
#3307 = EDGE_CURVE ( 'NONE', #2866, #5857, #2316, .T. ) ;
#3308 = AXIS2_PLACEMENT_3D ( 'NONE', #3391, #5950, #4878 ) ;
#3309 = DIRECTION ( 'NONE',  ( 0.000000000000000000, -1.000000000000000000, 0.000000000000000000 ) ) ;
#3310 = VECTOR ( 'NONE', #1511, 1000.000000000000000 ) ;
#3311 = EDGE_LOOP ( 'NONE', ( #6520, #1566, #1958, #6749 ) ) ;
#3312 = CARTESIAN_POINT ( 'NONE',  ( -1.390000000000062297, -3.856200122890594884, 8.800000000000000711 ) ) ;
#3313 = VECTOR ( 'NONE', #1643, 1000.000000000000000 ) ;
#3314 = DIRECTION ( 'NONE',  ( -0.7071067811865524577, 0.000000000000000000, 0.7071067811865425767 ) ) ;
#3315 = VERTEX_POINT ( 'NONE', #642 ) ;
#3316 = LINE ( 'NONE', #6004, #4689 ) ;
#3317 = ORIENTED_EDGE ( 'NONE', *, *, #3221, .T. ) ;
#3318 = VERTEX_POINT ( 'NONE', #5016 ) ;
#3319 = PLANE ( 'NONE',  #851 ) ;
#3320 = LINE ( 'NONE', #5478, #6211 ) ;
#3321 = ADVANCED_FACE ( 'NONE', ( #2891 ), #2815, .F. ) ;
#3323 = ORIENTED_EDGE ( 'NONE', *, *, #6789, .T. ) ;
#3322 = ADVANCED_FACE ( 'NONE', ( #2781 ), #76, .F. ) ;
#3324 = FACE_OUTER_BOUND ( 'NONE', #1583, .T. ) ;
#3325 = CARTESIAN_POINT ( 'NONE',  ( -9.500000000000001776, -3.750000000000000000, 15.69999999999999929 ) ) ;
#3326 = ORIENTED_EDGE ( 'NONE', *, *, #1188, .T. ) ;
#3327 = LINE ( 'NONE', #1747, #6932 ) ;
#3328 = CARTESIAN_POINT ( 'NONE',  ( 3.690000000000000835, 2.243799877109404317, 0.000000000000000000 ) ) ;
#3329 = DIRECTION ( 'NONE',  ( 1.000000000000000000, 0.000000000000000000, -0.000000000000000000 ) ) ;
#3330 = CARTESIAN_POINT ( 'NONE',  ( 5.880000000000000782, -3.650000000000036326, 8.800000000000000711 ) ) ;
#3331 = EDGE_CURVE ( 'NONE', #260, #4015, #6118, .T. ) ;
#3332 = EDGE_LOOP ( 'NONE', ( #2403, #3124, #1162, #6007 ) ) ;
#3333 = PLANE ( 'NONE',  #3770 ) ;
#3334 = EDGE_LOOP ( 'NONE', ( #2281, #1437, #3855, #923 ) ) ;
#3335 = VERTEX_POINT ( 'NONE', #2349 ) ;
#3336 = CARTESIAN_POINT ( 'NONE',  ( -3.689999999999998614, 2.243799877109404317, 8.800000000000000711 ) ) ;
#3337 = DIRECTION ( 'NONE',  ( -1.000000000000000000, 0.000000000000000000, 0.000000000000000000 ) ) ;
#3338 = CARTESIAN_POINT ( 'NONE',  ( -1.908195823574465716E-15, 2.639999999999968150, 19.99999999999999645 ) ) ;
#3339 = EDGE_CURVE ( 'NONE', #183, #3294, #4520, .T. ) ;
#3340 = ORIENTED_EDGE ( 'NONE', *, *, #2010, .T. ) ;
#3341 = DIRECTION ( 'NONE',  ( 1.000000000000000000, -1.112002228190260952E-16, 0.000000000000000000 ) ) ;
#3342 = ORIENTED_EDGE ( 'NONE', *, *, #4685, .T. ) ;
#3343 = CARTESIAN_POINT ( 'NONE',  ( 9.099999999999997868, 3.750000000000001776, 0.000000000000000000 ) ) ;
#3344 = ORIENTED_EDGE ( 'NONE', *, *, #171, .T. ) ;
#3345 = DIRECTION ( 'NONE',  ( 0.7880107536067236795, 0.000000000000000000, 0.6156614753256562933 ) ) ;
#3346 = ADVANCED_FACE ( 'NONE', ( #1103 ), #3284, .F. ) ;
#3347 = CARTESIAN_POINT ( 'NONE',  ( 9.099999999999997868, 2.450000000000001066, 8.800000000000000711 ) ) ;
#3348 = VERTEX_POINT ( 'NONE', #43 ) ;
#3349 = DIRECTION ( 'NONE',  ( -0.000000000000000000, -1.000000000000000000, -0.000000000000000000 ) ) ;
#3350 = ORIENTED_EDGE ( 'NONE', *, *, #4136, .F. ) ;
#3351 = ORIENTED_EDGE ( 'NONE', *, *, #1640, .T. ) ;
#3352 = CARTESIAN_POINT ( 'NONE',  ( 5.379999999999999893, 0.000000000000000000, 19.99999999999999645 ) ) ;
#3353 = ORIENTED_EDGE ( 'NONE', *, *, #1310, .T. ) ;
#3354 = FACE_OUTER_BOUND ( 'NONE', #3758, .T. ) ;
#3355 = DIRECTION ( 'NONE',  ( 8.762697138485633533E-17, 0.7880107536067235685, 0.6156614753256562933 ) ) ;
#3356 = EDGE_CURVE ( 'NONE', #4056, #1622, #1671, .T. ) ;
#3357 = DIRECTION ( 'NONE',  ( 0.000000000000000000, 0.000000000000000000, -1.000000000000000000 ) ) ;
#3358 = CARTESIAN_POINT ( 'NONE',  ( -3.689999999999998614, 2.243799877109404317, 8.800000000000000711 ) ) ;
#3359 = CARTESIAN_POINT ( 'NONE',  ( -1.150000000000062528, -3.856200122890594884, 8.800000000000000711 ) ) ;
#3360 = FACE_OUTER_BOUND ( 'NONE', #662, .T. ) ;
#3361 = ORIENTED_EDGE ( 'NONE', *, *, #5612, .F. ) ;
#3362 = CYLINDRICAL_SURFACE ( 'NONE', #468, 0.8000000000000003775 ) ;
#3363 = ORIENTED_EDGE ( 'NONE', *, *, #4721, .T. ) ;
#3364 = ADVANCED_FACE ( 'NONE', ( #3893 ), #819, .F. ) ;
#3365 = VERTEX_POINT ( 'NONE', #3564 ) ;
#3366 = DIRECTION ( 'NONE',  ( -1.000000000000000000, 0.000000000000000000, 0.000000000000000000 ) ) ;
#3367 = FACE_OUTER_BOUND ( 'NONE', #5605, .T. ) ;
#3368 = LINE ( 'NONE', #3510, #4906 ) ;
#3369 = ORIENTED_EDGE ( 'NONE', *, *, #2135, .F. ) ;
#3370 = CARTESIAN_POINT ( 'NONE',  ( 5.880000000000000782, 0.9499999999999990674, 8.800000000000000711 ) ) ;
#3371 = ORIENTED_EDGE ( 'NONE', *, *, #4398, .F. ) ;
#3372 = CARTESIAN_POINT ( 'NONE',  ( -3.689999999999998614, 3.849999999999961897, 8.800000000000000711 ) ) ;
#3373 = EDGE_LOOP ( 'NONE', ( #2407, #42, #4002, #6078 ) ) ;
#3374 = FACE_OUTER_BOUND ( 'NONE', #1097, .T. ) ;
#3375 = VECTOR ( 'NONE', #2674, 1000.000000000000000 ) ;
#3376 = DIRECTION ( 'NONE',  ( 0.000000000000000000, 0.000000000000000000, -1.000000000000000000 ) ) ;
#3377 = ORIENTED_EDGE ( 'NONE', *, *, #1616, .T. ) ;
#3378 = CARTESIAN_POINT ( 'NONE',  ( -1.908195823574477154E-15, 2.639999999999984581, 14.69999999999999751 ) ) ;
#3379 = ORIENTED_EDGE ( 'NONE', *, *, #612, .T. ) ;
#3380 = EDGE_CURVE ( 'NONE', #3030, #839, #4099, .T. ) ;
#3381 = ORIENTED_EDGE ( 'NONE', *, *, #977, .T. ) ;
#3382 = EDGE_CURVE ( 'NONE', #6109, #4339, #5724, .T. ) ;
#3383 = DIRECTION ( 'NONE',  ( 1.112002228190260952E-16, 1.000000000000000000, -0.000000000000000000 ) ) ;
#3384 = VECTOR ( 'NONE', #4749, 1000.000000000000000 ) ;
#3385 = ORIENTED_EDGE ( 'NONE', *, *, #5897, .F. ) ;
#3386 = CARTESIAN_POINT ( 'NONE',  ( 1.150000000000000799, 2.243799877109404317, 8.800000000000000711 ) ) ;
#3387 = CARTESIAN_POINT ( 'NONE',  ( 7.300000000000000711, 3.750000000000001776, 0.000000000000000000 ) ) ;
#3388 = EDGE_CURVE ( 'NONE', #2722, #1629, #1845, .T. ) ;
#3389 = EDGE_CURVE ( 'NONE', #445, #5805, #3028, .T. ) ;
#3390 = EDGE_LOOP ( 'NONE', ( #856, #4718, #5737, #4902 ) ) ;
#3391 = CARTESIAN_POINT ( 'NONE',  ( 7.299999999999998934, -3.750000000000001776, 8.800000000000000711 ) ) ;
#3392 = DIRECTION ( 'NONE',  ( 0.000000000000000000, 1.000000000000000000, 0.000000000000000000 ) ) ;
#3393 = PLANE ( 'NONE',  #1105 ) ;
#3394 = DIRECTION ( 'NONE',  ( -0.000000000000000000, -1.000000000000000000, -0.000000000000000000 ) ) ;
#3395 = VERTEX_POINT ( 'NONE', #5181 ) ;
#3396 = CARTESIAN_POINT ( 'NONE',  ( 9.499999999999998224, -2.949999999999999734, 10.19999999999999929 ) ) ;
#3397 = DIRECTION ( 'NONE',  ( -0.7071067811865475727, -0.000000000000000000, -0.7071067811865475727 ) ) ;
#3398 = ORIENTED_EDGE ( 'NONE', *, *, #5687, .F. ) ;
#3399 = DIRECTION ( 'NONE',  ( -0.000000000000000000, -0.000000000000000000, 1.000000000000000000 ) ) ;
#3400 = VECTOR ( 'NONE', #4480, 1000.000000000000000 ) ;
#3401 = FACE_BOUND ( 'NONE', #3753, .T. ) ;
#3402 = DIRECTION ( 'NONE',  ( -1.000000000000000000, -0.000000000000000000, -0.000000000000000000 ) ) ;
#3403 = VERTEX_POINT ( 'NONE', #2414 ) ;
#3404 = EDGE_CURVE ( 'NONE', #3560, #4478, #2484, .T. ) ;
#3405 = EDGE_CURVE ( 'NONE', #6781, #1682, #2923, .T. ) ;
#3406 = CARTESIAN_POINT ( 'NONE',  ( -5.879999999999999893, -0.9500000000000016209, 8.800000000000000711 ) ) ;
#3407 = VECTOR ( 'NONE', #2709, 1000.000000000000000 ) ;
#3408 = ORIENTED_EDGE ( 'NONE', *, *, #4523, .F. ) ;
#3409 = FACE_OUTER_BOUND ( 'NONE', #128, .T. ) ;
#3410 = ORIENTED_EDGE ( 'NONE', *, *, #3013, .F. ) ;
#3411 = AXIS2_PLACEMENT_3D ( 'NONE', #2841, #3314, #6108 ) ;
#3412 = CARTESIAN_POINT ( 'NONE',  ( -5.029999999999947846, -2.640000000000036096, 19.99999999999999645 ) ) ;
#3413 = EDGE_CURVE ( 'NONE', #2209, #6576, #3455, .T. ) ;
#3414 = DIRECTION ( 'NONE',  ( -1.000000000000000000, 0.000000000000000000, 0.000000000000000000 ) ) ;
#3415 = ORIENTED_EDGE ( 'NONE', *, *, #4745, .T. ) ;
#3416 = VECTOR ( 'NONE', #1335, 1000.000000000000000 ) ;
#3417 = CARTESIAN_POINT ( 'NONE',  ( 9.099999999999997868, -3.750000000000001776, 8.800000000000000711 ) ) ;
#3418 = ORIENTED_EDGE ( 'NONE', *, *, #96, .F. ) ;
#3419 = ORIENTED_EDGE ( 'NONE', *, *, #5549, .T. ) ;
#3420 = VECTOR ( 'NONE', #13, 1000.000000000000114 ) ;
#3421 = DIRECTION ( 'NONE',  ( -0.000000000000000000, -1.000000000000000000, -0.000000000000000000 ) ) ;
#3422 = EDGE_LOOP ( 'NONE', ( #2824, #2640, #6080, #3138 ) ) ;
#3423 = DIRECTION ( 'NONE',  ( -0.000000000000000000, -1.000000000000000000, -0.000000000000000000 ) ) ;
#3424 = EDGE_CURVE ( 'NONE', #5205, #426, #3060, .T. ) ;
#3425 = CARTESIAN_POINT ( 'NONE',  ( 1.740000000000000213, -3.650000000000018563, 8.800000000000000711 ) ) ;
#3427 = EDGE_LOOP ( 'NONE', ( #4308, #6856, #1735, #299 ) ) ;
#3426 = VECTOR ( 'NONE', #5771, 1000.000000000000000 ) ;
#3428 = DIRECTION ( 'NONE',  ( -0.000000000000000000, -0.000000000000000000, -1.000000000000000000 ) ) ;
#3429 = FACE_OUTER_BOUND ( 'NONE', #4515, .T. ) ;
#3430 = FACE_OUTER_BOUND ( 'NONE', #2670, .T. ) ;
#3431 = DIRECTION ( 'NONE',  ( -0.000000000000000000, -1.000000000000000000, -0.000000000000000000 ) ) ;
#3432 = ORIENTED_EDGE ( 'NONE', *, *, #6898, .F. ) ;
#3433 = CARTESIAN_POINT ( 'NONE',  ( -7.300000000000001599, -3.750000000000001776, 0.000000000000000000 ) ) ;
#3434 = EDGE_CURVE ( 'NONE', #6994, #6379, #747, .T. ) ;
#3435 = EDGE_LOOP ( 'NONE', ( #3451, #1796, #5479, #5067 ) ) ;
#3436 = ORIENTED_EDGE ( 'NONE', *, *, #5818, .T. ) ;
#3437 = LINE ( 'NONE', #4079, #6823 ) ;
#3438 = DIRECTION ( 'NONE',  ( -1.000000000000000000, -7.228014483236698528E-16, 0.000000000000000000 ) ) ;
#3439 = FACE_OUTER_BOUND ( 'NONE', #237, .T. ) ;
#3440 = LINE ( 'NONE', #5066, #4128 ) ;
#3441 = VECTOR ( 'NONE', #6897, 1000.000000000000000 ) ;
#3442 = ORIENTED_EDGE ( 'NONE', *, *, #1807, .F. ) ;
#3443 = AXIS2_PLACEMENT_3D ( 'NONE', #661, #803, #4995 ) ;
#3444 = CARTESIAN_POINT ( 'NONE',  ( 0.8000000000000001554, -3.650000000000000799, 8.800000000000000711 ) ) ;
#3445 = VERTEX_POINT ( 'NONE', #1381 ) ;
#3446 = VERTEX_POINT ( 'NONE', #2447 ) ;
#3447 = EDGE_CURVE ( 'NONE', #5454, #552, #211, .T. ) ;
#3448 = PLANE ( 'NONE',  #5426 ) ;
#3449 = DIRECTION ( 'NONE',  ( 0.000000000000000000, 1.000000000000000000, 0.000000000000000000 ) ) ;
#3450 = VECTOR ( 'NONE', #6381, 1000.000000000000000 ) ;
#3451 = ORIENTED_EDGE ( 'NONE', *, *, #4555, .T. ) ;
#3452 = DIRECTION ( 'NONE',  ( 1.000000000000000000, 7.228014483236698528E-16, 0.000000000000000000 ) ) ;
#3453 = EDGE_LOOP ( 'NONE', ( #6593, #4805, #6428, #1917 ) ) ;
#3454 = ADVANCED_FACE ( 'NONE', ( #889 ), #5217, .F. ) ;
#3455 = LINE ( 'NONE', #852, #6808 ) ;
#3456 = CARTESIAN_POINT ( 'NONE',  ( 3.929999999999937987, -3.856200122890594884, 8.800000000000000711 ) ) ;
#3457 = ORIENTED_EDGE ( 'NONE', *, *, #4696, .F. ) ;
#3458 = EDGE_CURVE ( 'NONE', #7042, #2500, #1954, .T. ) ;
#3459 = VECTOR ( 'NONE', #798, 1000.000000000000000 ) ;
#3460 = CARTESIAN_POINT ( 'NONE',  ( -7.799999999999998046, -0.9499999999999990674, 1.400000000000008793 ) ) ;
#3461 = PLANE ( 'NONE',  #737 ) ;
#3462 = CARTESIAN_POINT ( 'NONE',  ( -3.690000000000062119, -3.856200122890594884, 8.800000000000000711 ) ) ;
#3463 = VECTOR ( 'NONE', #3929, 1000.000000000000000 ) ;
#3464 = CARTESIAN_POINT ( 'NONE',  ( 1.389999999999937730, -2.250000000000037748, 0.000000000000000000 ) ) ;
#3465 = VERTEX_POINT ( 'NONE', #2384 ) ;
#3466 = CARTESIAN_POINT ( 'NONE',  ( -3.690000000000062119, -2.250000000000037748, 8.800000000000000711 ) ) ;
#3467 = DIRECTION ( 'NONE',  ( 1.000000000000000000, 0.000000000000000000, -0.000000000000000000 ) ) ;
#3468 = VECTOR ( 'NONE', #5834, 1000.000000000000000 ) ;
#3469 = ORIENTED_EDGE ( 'NONE', *, *, #6005, .T. ) ;
#3470 = EDGE_CURVE ( 'NONE', #4214, #3194, #6189, .T. ) ;
#3471 = LINE ( 'NONE', #2460, #5348 ) ;
#3472 = CARTESIAN_POINT ( 'NONE',  ( 9.500000000000001776, 2.100000000000000089, 14.69999999999999751 ) ) ;
#3473 = EDGE_CURVE ( 'NONE', #4234, #3587, #3489, .T. ) ;
#3474 = CARTESIAN_POINT ( 'NONE',  ( 9.099999999999997868, 3.750000000000001776, 8.800000000000000711 ) ) ;
#3475 = CARTESIAN_POINT ( 'NONE',  ( 1.390000000000001013, 2.243799877109404317, 0.000000000000000000 ) ) ;
#3476 = ORIENTED_EDGE ( 'NONE', *, *, #2869, .T. ) ;
#3477 = CARTESIAN_POINT ( 'NONE',  ( 5.380000000000053184, -2.640000000000000568, 19.74999999999999645 ) ) ;
#3478 = VERTEX_POINT ( 'NONE', #2957 ) ;
#3479 = ORIENTED_EDGE ( 'NONE', *, *, #4497, .F. ) ;
#3480 = DIRECTION ( 'NONE',  ( 0.000000000000000000, 1.000000000000000000, 0.000000000000000000 ) ) ;
#3481 = DIRECTION ( 'NONE',  ( -0.000000000000000000, -0.000000000000000000, -1.000000000000000000 ) ) ;
#3482 = CARTESIAN_POINT ( 'NONE',  ( 7.500000000000000000, -3.749999999999999112, 14.69999999999999751 ) ) ;
#3483 = EDGE_CURVE ( 'NONE', #519, #4896, #5117, .T. ) ;
#3484 = ORIENTED_EDGE ( 'NONE', *, *, #376, .F. ) ;
#3485 = DIRECTION ( 'NONE',  ( 0.7071067811865474617, 5.110978055611248113E-16, 0.7071067811865474617 ) ) ;
#3486 = ORIENTED_EDGE ( 'NONE', *, *, #1751, .T. ) ;
#3487 = AXIS2_PLACEMENT_3D ( 'NONE', #7024, #4319, #6487 ) ;
#3488 = VECTOR ( 'NONE', #5775, 1000.000000000000000 ) ;
#3489 = LINE ( 'NONE', #5651, #6923 ) ;
#3490 = CARTESIAN_POINT ( 'NONE',  ( 9.099999999999997868, 3.750000000000001776, 8.800000000000000711 ) ) ;
#3491 = EDGE_CURVE ( 'NONE', #2394, #5586, #6754, .T. ) ;
#3492 = ORIENTED_EDGE ( 'NONE', *, *, #1341, .F. ) ;
#3493 = AXIS2_PLACEMENT_3D ( 'NONE', #5322, #4687, #4719 ) ;
#3494 = VECTOR ( 'NONE', #5715, 1000.000000000000000 ) ;
#3495 = LINE ( 'NONE', #6193, #1823 ) ;
#3496 = FACE_OUTER_BOUND ( 'NONE', #4094, .T. ) ;
#3497 = CARTESIAN_POINT ( 'NONE',  ( 7.500000000000000000, -3.749999999999999112, 14.69999999999999751 ) ) ;
#3498 = DIRECTION ( 'NONE',  ( 0.000000000000000000, 0.000000000000000000, -1.000000000000000000 ) ) ;
#3499 = VERTEX_POINT ( 'NONE', #6225 ) ;
#3500 = CARTESIAN_POINT ( 'NONE',  ( -4.280000000000000249, -3.650000000000000799, 8.800000000000000711 ) ) ;
#3501 = EDGE_CURVE ( 'NONE', #5757, #6848, #1342, .T. ) ;
#3502 = VECTOR ( 'NONE', #6990, 1000.000000000000000 ) ;
#3503 = CARTESIAN_POINT ( 'NONE',  ( -2.490000000000000657, 0.000000000000000000, 19.99999999999999645 ) ) ;
#3504 = ORIENTED_EDGE ( 'NONE', *, *, #2002, .F. ) ;
#3505 = VECTOR ( 'NONE', #6802, 1000.000000000000000 ) ;
#3506 = CARTESIAN_POINT ( 'NONE',  ( -3.690000000000062119, -2.250000000000037748, 8.800000000000000711 ) ) ;
#3507 = DIRECTION ( 'NONE',  ( -0.000000000000000000, -0.000000000000000000, -1.000000000000000000 ) ) ;
#3508 = DIRECTION ( 'NONE',  ( -1.000000000000000000, -7.228014483236698528E-16, 0.000000000000000000 ) ) ;
#3509 = DIRECTION ( 'NONE',  ( 0.7071067811865425767, 5.110978055611213600E-16, 0.7071067811865525687 ) ) ;
#3510 = CARTESIAN_POINT ( 'NONE',  ( 3.689999999999937774, -2.250000000000037748, 8.800000000000000711 ) ) ;
#3511 = ORIENTED_EDGE ( 'NONE', *, *, #1530, .T. ) ;
#3512 = ADVANCED_FACE ( 'NONE', ( #5899 ), #2631, .T. ) ;
#3513 = DIRECTION ( 'NONE',  ( -1.000000000000000000, 0.000000000000000000, 0.000000000000000000 ) ) ;
#3514 = EDGE_CURVE ( 'NONE', #279, #20, #3135, .T. ) ;
#3515 = VERTEX_POINT ( 'NONE', #1029 ) ;
#3516 = VERTEX_POINT ( 'NONE', #6430 ) ;
#3517 = CARTESIAN_POINT ( 'NONE',  ( 1.389999999999937730, -2.250000000000037748, 8.800000000000000711 ) ) ;
#3518 = CARTESIAN_POINT ( 'NONE',  ( 9.499999999999998224, -3.849999999999998757, 0.000000000000000000 ) ) ;
#3519 = VECTOR ( 'NONE', #1948, 1000.000000000000000 ) ;
#3520 = CARTESIAN_POINT ( 'NONE',  ( -9.168629150101526903, -3.750000000000000000, 11.10000000000000142 ) ) ;
#3521 = ORIENTED_EDGE ( 'NONE', *, *, #2416, .T. ) ;
#3522 = LINE ( 'NONE', #849, #719 ) ;
#3523 = AXIS2_PLACEMENT_3D ( 'NONE', #2092, #6366, #530 ) ;
#3524 = ORIENTED_EDGE ( 'NONE', *, *, #4129, .F. ) ;
#3525 = CARTESIAN_POINT ( 'NONE',  ( 0.2999999999999999889, 0.000000000000000000, 19.74999999999999645 ) ) ;
#3526 = AXIS2_PLACEMENT_3D ( 'NONE', #3462, #3534, #5695 ) ;
#3527 = DIRECTION ( 'NONE',  ( -1.000000000000000000, 0.000000000000000000, 0.000000000000000000 ) ) ;
#3528 = VERTEX_POINT ( 'NONE', #1519 ) ;
#3529 = AXIS2_PLACEMENT_3D ( 'NONE', #1533, #5233, #3754 ) ;
#3530 = VECTOR ( 'NONE', #3798, 1000.000000000000000 ) ;
#3531 = DIRECTION ( 'NONE',  ( 0.000000000000000000, -1.000000000000000000, 0.000000000000000000 ) ) ;
#3532 = CARTESIAN_POINT ( 'NONE',  ( 0.000000000000000000, 0.000000000000000000, 19.99999999999999645 ) ) ;
#3533 = EDGE_CURVE ( 'NONE', #6282, #5264, #6399, .T. ) ;
#3534 = DIRECTION ( 'NONE',  ( -1.000000000000000000, 0.000000000000000000, 0.000000000000000000 ) ) ;
#3535 = EDGE_CURVE ( 'NONE', #1232, #5973, #925, .T. ) ;
#3536 = DIRECTION ( 'NONE',  ( 1.000000000000000000, 7.228014483236698528E-16, 0.000000000000000000 ) ) ;
#3537 = ORIENTED_EDGE ( 'NONE', *, *, #6466, .F. ) ;
#3538 = DIRECTION ( 'NONE',  ( 0.000000000000000000, 0.000000000000000000, -1.000000000000000000 ) ) ;
#3539 = VECTOR ( 'NONE', #2485, 1000.000000000000000 ) ;
#3540 = VECTOR ( 'NONE', #4465, 1000.000000000000000 ) ;
#3541 = DIRECTION ( 'NONE',  ( 0.000000000000000000, 0.000000000000000000, -1.000000000000000000 ) ) ;
#3542 = VERTEX_POINT ( 'NONE', #496 ) ;
#3543 = DIRECTION ( 'NONE',  ( 1.000000000000000000, -0.000000000000000000, -0.000000000000000000 ) ) ;
#3544 = CARTESIAN_POINT ( 'NONE',  ( -8.700000000000002842, -4.650000000000001243, 10.19999999999999929 ) ) ;
#3545 = FACE_OUTER_BOUND ( 'NONE', #4340, .T. ) ;
#3546 = ADVANCED_FACE ( 'NONE', ( #3702 ), #3099, .F. ) ;
#3547 = DIRECTION ( 'NONE',  ( -0.000000000000000000, -0.000000000000000000, -1.000000000000000000 ) ) ;
#3548 = CARTESIAN_POINT ( 'NONE',  ( -7.300000000000002487, -2.450000000000001954, 0.000000000000000000 ) ) ;
#3549 = ORIENTED_EDGE ( 'NONE', *, *, #2227, .T. ) ;
#3550 = CARTESIAN_POINT ( 'NONE',  ( 0.000000000000000000, -2.640000000000000568, 19.99999999999999645 ) ) ;
#3551 = ORIENTED_EDGE ( 'NONE', *, *, #6181, .F. ) ;
#3552 = EDGE_LOOP ( 'NONE', ( #6800, #1517, #3055, #4799 ) ) ;
#3553 = ORIENTED_EDGE ( 'NONE', *, *, #6343, .T. ) ;
#3554 = CARTESIAN_POINT ( 'NONE',  ( -7.500000000000000000, -3.749999999999999112, 14.69999999999999751 ) ) ;
#3555 = ADVANCED_FACE ( 'NONE', ( #5254 ), #4722, .T. ) ;
#3556 = CARTESIAN_POINT ( 'NONE',  ( 9.099999999999997868, -3.750000000000001776, 8.800000000000000711 ) ) ;
#3557 = CARTESIAN_POINT ( 'NONE',  ( 9.499999999999998224, -2.949999999999999289, 11.90000000000000746 ) ) ;
#3558 = VECTOR ( 'NONE', #2576, 1000.000000000000000 ) ;
#3559 = CARTESIAN_POINT ( 'NONE',  ( 7.499999999999999112, -1.499999999999998890, 11.19999999999999751 ) ) ;
#3560 = VERTEX_POINT ( 'NONE', #5937 ) ;
#3561 = CARTESIAN_POINT ( 'NONE',  ( 2.839999999999999858, 2.640000000000000568, 19.74999999999999645 ) ) ;
#3562 = ORIENTED_EDGE ( 'NONE', *, *, #6547, .F. ) ;
#3563 = ADVANCED_FACE ( 'NONE', ( #1990 ), #1061, .T. ) ;
#3564 = CARTESIAN_POINT ( 'NONE',  ( 1.389999999999937730, -3.856200122890594884, 0.000000000000000000 ) ) ;
#3565 = CARTESIAN_POINT ( 'NONE',  ( -5.030000000000000249, 2.439999999999964420, 19.99999999999999645 ) ) ;
#3566 = ORIENTED_EDGE ( 'NONE', *, *, #251, .F. ) ;
#3567 = CARTESIAN_POINT ( 'NONE',  ( 9.099999999999997868, 3.750000000000001776, 8.800000000000000711 ) ) ;
#3568 = PLANE ( 'NONE',  #4485 ) ;
#3569 = DIRECTION ( 'NONE',  ( -1.301042606982605321E-16, 1.000000000000000000, 0.000000000000000000 ) ) ;
#3570 = DIRECTION ( 'NONE',  ( 0.000000000000000000, -1.000000000000000000, 0.000000000000000000 ) ) ;
#3571 = ORIENTED_EDGE ( 'NONE', *, *, #5896, .F. ) ;
#3572 = FACE_OUTER_BOUND ( 'NONE', #1670, .T. ) ;
#3573 = VECTOR ( 'NONE', #5808, 1000.000000000000000 ) ;
#3574 = CARTESIAN_POINT ( 'NONE',  ( 3.340000000000000302, -3.650000000000018563, 8.800000000000000711 ) ) ;
#3575 = ADVANCED_FACE ( 'NONE', ( #1448 ), #5289, .F. ) ;
#3576 = EDGE_LOOP ( 'NONE', ( #4313, #4037, #543, #6523 ) ) ;
#3577 = PLANE ( 'NONE',  #2284 ) ;
#3578 = CARTESIAN_POINT ( 'NONE',  ( -5.879999999999999893, 2.243799877109404317, 0.000000000000000000 ) ) ;
#3579 = DIRECTION ( 'NONE',  ( 1.000000000000000000, 0.000000000000000000, -0.000000000000000000 ) ) ;
#3580 = CARTESIAN_POINT ( 'NONE',  ( -1.149999999999999023, 2.243799877109404317, 0.000000000000000000 ) ) ;
#3581 = LINE ( 'NONE', #2465, #30 ) ;
#3582 =( BOUNDED_CURVE ( )  B_SPLINE_CURVE ( 3, ( #3819, #4772, #5912, #3147 ),
 .UNSPECIFIED., .F., .F. ) 
 B_SPLINE_CURVE_WITH_KNOTS ( ( 4, 4 ),
 ( 0.000000000000000000, 1.570796326794896558 ),
 .UNSPECIFIED. ) 
 CURVE ( )  GEOMETRIC_REPRESENTATION_ITEM ( )  RATIONAL_B_SPLINE_CURVE ( ( 1.000000000000000000, 0.8047378541243649375, 0.8047378541243649375, 1.000000000000000000 ) ) 
 REPRESENTATION_ITEM ( '' )  );
#3583 = ORIENTED_EDGE ( 'NONE', *, *, #2996, .F. ) ;
#3584 = VECTOR ( 'NONE', #1705, 1000.000000000000000 ) ;
#3585 = ORIENTED_EDGE ( 'NONE', *, *, #3249, .T. ) ;
#3586 = EDGE_CURVE ( 'NONE', #718, #240, #389, .T. ) ;
#3587 = VERTEX_POINT ( 'NONE', #4202 ) ;
#3588 = ORIENTED_EDGE ( 'NONE', *, *, #4147, .T. ) ;
#3589 = CARTESIAN_POINT ( 'NONE',  ( -9.500000000000003553, -4.318629150101525482, 10.53137084989846883 ) ) ;
#3590 = DIRECTION ( 'NONE',  ( -0.000000000000000000, -1.000000000000000000, -0.000000000000000000 ) ) ;
#3591 = CARTESIAN_POINT ( 'NONE',  ( -5.129999999999947491, 0.000000000000000000, 19.99999999999999645 ) ) ;
#3592 = CARTESIAN_POINT ( 'NONE',  ( -0.000000000000000000, -2.640000000000000568, 14.69999999999999751 ) ) ;
#3593 = AXIS2_PLACEMENT_3D ( 'NONE', #1805, #1271, #4650 ) ;
#3594 = VERTEX_POINT ( 'NONE', #4796 ) ;
#3595 = LINE ( 'NONE', #4612, #2531 ) ;
#3596 = ORIENTED_EDGE ( 'NONE', *, *, #2840, .F. ) ;
#3597 = CARTESIAN_POINT ( 'NONE',  ( 1.740000000000000213, -3.650000000000018563, 0.000000000000000000 ) ) ;
#3598 = CARTESIAN_POINT ( 'NONE',  ( 3.930000000000001048, 2.243799877109404317, 8.800000000000000711 ) ) ;
#3599 = PLANE ( 'NONE',  #6500 ) ;
#3600 = ADVANCED_FACE ( 'NONE', ( #6969 ), #2021, .T. ) ;
#3601 = ORIENTED_EDGE ( 'NONE', *, *, #3260, .T. ) ;
#3602 = CARTESIAN_POINT ( 'NONE',  ( -2.240000000000000213, 2.439999999999982183, 19.74999999999999645 ) ) ;
#3603 = DIRECTION ( 'NONE',  ( -0.7071067811865474617, -0.000000000000000000, 0.7071067811865474617 ) ) ;
#3604 = CARTESIAN_POINT ( 'NONE',  ( 0.8000000000000001554, 0.9499999999999990674, 8.800000000000000711 ) ) ;
#3605 = PLANE ( 'NONE',  #6328 ) ;
#3606 = AXIS2_PLACEMENT_3D ( 'NONE', #933, #3109, #6197 ) ;
#3607 = VERTEX_POINT ( 'NONE', #4690 ) ;
#3608 = ORIENTED_EDGE ( 'NONE', *, *, #3038, .T. ) ;
#3609 = DIRECTION ( 'NONE',  ( 0.000000000000000000, 1.000000000000000000, 0.000000000000000000 ) ) ;
#3610 = EDGE_CURVE ( 'NONE', #6379, #945, #6860, .T. ) ;
#3611 = CARTESIAN_POINT ( 'NONE',  ( -1.740000000000000213, -0.9499999999999998446, 1.400000000000008793 ) ) ;
#3612 = CARTESIAN_POINT ( 'NONE',  ( -6.229999999999999538, 2.243799877109404317, 8.800000000000000711 ) ) ;
#3613 = CARTESIAN_POINT ( 'NONE',  ( -7.799999999999998046, -0.9499999999999990674, 8.800000000000000711 ) ) ;
#3614 = CARTESIAN_POINT ( 'NONE',  ( -9.100000000000001421, 2.450000000000001954, 8.800000000000000711 ) ) ;
#3615 = LINE ( 'NONE', #1933, #5079 ) ;
#3616 = CARTESIAN_POINT ( 'NONE',  ( -1.150000000000062528, -3.856200122890594884, 8.800000000000000711 ) ) ;
#3617 = AXIS2_PLACEMENT_3D ( 'NONE', #4335, #5185, #1627 ) ;
#3618 = ORIENTED_EDGE ( 'NONE', *, *, #3818, .T. ) ;
#3619 = VERTEX_POINT ( 'NONE', #6329 ) ;
#3620 = ORIENTED_EDGE ( 'NONE', *, *, #5240, .T. ) ;
#3621 = LINE ( 'NONE', #2514, #1928 ) ;
#3622 = DIRECTION ( 'NONE',  ( -0.000000000000000000, -1.000000000000000000, -0.000000000000000000 ) ) ;
#3623 = DIRECTION ( 'NONE',  ( 0.000000000000000000, 0.000000000000000000, -1.000000000000000000 ) ) ;
#3624 = ADVANCED_FACE ( 'NONE', ( #3632 ), #3668, .F. ) ;
#3625 = EDGE_CURVE ( 'NONE', #7028, #6623, #4757, .T. ) ;
#3626 = CARTESIAN_POINT ( 'NONE',  ( -9.500000000000001776, -2.949999999999999734, 11.90000000000000568 ) ) ;
#3627 = ORIENTED_EDGE ( 'NONE', *, *, #897, .F. ) ;
#3628 = LINE ( 'NONE', #3096, #4067 ) ;
#3629 = ORIENTED_EDGE ( 'NONE', *, *, #600, .F. ) ;
#3630 = AXIS2_PLACEMENT_3D ( 'NONE', #2625, #6926, #2086 ) ;
#3631 = ADVANCED_FACE ( 'NONE', ( #4238 ), #4446, .T. ) ;
#3632 = FACE_OUTER_BOUND ( 'NONE', #5337, .T. ) ;
#3633 = DIRECTION ( 'NONE',  ( 0.000000000000000000, 0.000000000000000000, 1.000000000000000000 ) ) ;
#3634 = DIRECTION ( 'NONE',  ( 1.000000000000000000, -1.112002228190260952E-16, 0.000000000000000000 ) ) ;
#3635 = VECTOR ( 'NONE', #4348, 1000.000000000000000 ) ;
#3636 = ORIENTED_EDGE ( 'NONE', *, *, #6491, .F. ) ;
#3637 = CARTESIAN_POINT ( 'NONE',  ( -8.700000000000001066, -2.949999999999999734, 15.69999999999999929 ) ) ;
#3638 = CARTESIAN_POINT ( 'NONE',  ( 7.800000000000001599, -0.9500000000000007327, 8.800000000000000711 ) ) ;
#3639 = VECTOR ( 'NONE', #6687, 1000.000000000000000 ) ;
#3640 = CARTESIAN_POINT ( 'NONE',  ( -7.799999999999998046, -0.9499999999999990674, 8.800000000000000711 ) ) ;
#3641 = VECTOR ( 'NONE', #4125, 1000.000000000000000 ) ;
#3642 = DIRECTION ( 'NONE',  ( 0.000000000000000000, -0.000000000000000000, 1.000000000000000000 ) ) ;
#3643 = EDGE_CURVE ( 'NONE', #1562, #5673, #6537, .T. ) ;
#3644 = VERTEX_POINT ( 'NONE', #4971 ) ;
#3645 = EDGE_LOOP ( 'NONE', ( #995, #2799, #1069, #1052 ) ) ;
#3646 = CARTESIAN_POINT ( 'NONE',  ( -3.690000000000062119, -2.250000000000037748, 0.000000000000000000 ) ) ;
#3647 = VECTOR ( 'NONE', #998, 1000.000000000000000 ) ;
#3648 = DIRECTION ( 'NONE',  ( 0.000000000000000000, 1.000000000000000000, 0.000000000000000000 ) ) ;
#3649 = VECTOR ( 'NONE', #1931, 1000.000000000000000 ) ;
#3650 = DIRECTION ( 'NONE',  ( -0.000000000000000000, 0.000000000000000000, 1.000000000000000000 ) ) ;
#3651 = CALENDAR_DATE ( 2026, 7, 4 ) ;
#3652 = FACE_OUTER_BOUND ( 'NONE', #5191, .T. ) ;
#3653 = DIRECTION ( 'NONE',  ( -0.000000000000000000, 0.000000000000000000, -1.000000000000000000 ) ) ;
#3654 = AXIS2_PLACEMENT_3D ( 'NONE', #46, #1675, #544 ) ;
#3655 = CARTESIAN_POINT ( 'NONE',  ( -1.740000000000000213, -0.9499999999999996225, 8.800000000000000711 ) ) ;
#3656 = EDGE_CURVE ( 'NONE', #5721, #4960, #7040, .T. ) ;
#3657 = ORIENTED_EDGE ( 'NONE', *, *, #5540, .F. ) ;
#3658 = ORIENTED_EDGE ( 'NONE', *, *, #767, .T. ) ;
#3659 = ORIENTED_EDGE ( 'NONE', *, *, #3795, .F. ) ;
#3660 = LINE ( 'NONE', #2689, #1130 ) ;
#3661 = FACE_OUTER_BOUND ( 'NONE', #4443, .T. ) ;
#3662 = LINE ( 'NONE', #1809, #3134 ) ;
#3663 = LINE ( 'NONE', #3129, #675 ) ;
#3664 = ORIENTED_EDGE ( 'NONE', *, *, #6181, .T. ) ;
#3665 = CARTESIAN_POINT ( 'NONE',  ( -5.129999999999999893, 2.439999999999964420, 19.99999999999999645 ) ) ;
#3666 = ADVANCED_FACE ( 'NONE', ( #2272 ), #5471, .F. ) ;
#3667 = ORIENTED_EDGE ( 'NONE', *, *, #3434, .F. ) ;
#3668 = PLANE ( 'NONE',  #2491 ) ;
#3669 = CARTESIAN_POINT ( 'NONE',  ( -3.340000000000000302, -3.650000000000000799, 8.800000000000000711 ) ) ;
#3670 = DIRECTION ( 'NONE',  ( 0.000000000000000000, 1.000000000000000000, 0.000000000000000000 ) ) ;
#3671 = ADVANCED_FACE ( 'NONE', ( #2805 ), #105, .F. ) ;
#3672 = ORIENTED_EDGE ( 'NONE', *, *, #5144, .F. ) ;
#3673 = ORIENTED_EDGE ( 'NONE', *, *, #7004, .F. ) ;
#3674 = LINE ( 'NONE', #2599, #5000 ) ;
#3675 = DIRECTION ( 'NONE',  ( 0.000000000000000000, 0.000000000000000000, 1.000000000000000000 ) ) ;
#3676 = DIRECTION ( 'NONE',  ( 1.000000000000000000, 0.000000000000000000, -0.000000000000000000 ) ) ;
#3677 = DIRECTION ( 'NONE',  ( 1.000000000000000000, 0.000000000000000000, 0.000000000000000000 ) ) ;
#3678 = ORIENTED_EDGE ( 'NONE', *, *, #3915, .T. ) ;
#3679 = LINE ( 'NONE', #2103, #1035 ) ;
#3680 = CARTESIAN_POINT ( 'NONE',  ( -8.700000000000002842, -3.850000000000001421, 0.000000000000000000 ) ) ;
#3681 = CARTESIAN_POINT ( 'NONE',  ( -0.2999999999999470868, -2.440000000000000391, 14.69999999999999751 ) ) ;
#3682 = VECTOR ( 'NONE', #1391, 1000.000000000000000 ) ;
#3683 = LINE ( 'NONE', #6345, #3763 ) ;
#3684 = PERSON_AND_ORGANIZATION_ROLE ( 'design_owner' ) ;
#3685 = LINE ( 'NONE', #2713, #5610 ) ;
#3686 = DIRECTION ( 'NONE',  ( 1.000000000000000000, 0.000000000000000000, 0.000000000000000000 ) ) ;
#3687 = DIRECTION ( 'NONE',  ( 0.000000000000000000, 0.000000000000000000, 1.000000000000000000 ) ) ;
#3688 = ORIENTED_EDGE ( 'NONE', *, *, #5948, .T. ) ;
#3689 = ORIENTED_EDGE ( 'NONE', *, *, #188, .F. ) ;
#3690 = EDGE_CURVE ( 'NONE', #6151, #4012, #564, .T. ) ;
#3691 = ORIENTED_EDGE ( 'NONE', *, *, #6747, .T. ) ;
#3692 = LINE ( 'NONE', #1724, #1137 ) ;
#3693 = VECTOR ( 'NONE', #6447, 1000.000000000000000 ) ;
#3694 = CARTESIAN_POINT ( 'NONE',  ( 1.150000000000000799, 3.849999999999961897, 0.000000000000000000 ) ) ;
#3695 = CARTESIAN_POINT ( 'NONE',  ( 7.499999999999999112, 1.500000000000001332, 11.19999999999999751 ) ) ;
#3696 = CARTESIAN_POINT ( 'NONE',  ( 7.500000000000000000, 3.749999999999999112, 15.69999999999999929 ) ) ;
#3697 = VERTEX_POINT ( 'NONE', #3809 ) ;
#3698 = EDGE_CURVE ( 'NONE', #1771, #5662, #5007, .T. ) ;
#3699 = DIRECTION ( 'NONE',  ( 0.000000000000000000, 0.000000000000000000, -1.000000000000000000 ) ) ;
#3700 = VERTEX_POINT ( 'NONE', #1696 ) ;
#3701 = EDGE_CURVE ( 'NONE', #5178, #4240, #6803, .T. ) ;
#3702 = FACE_OUTER_BOUND ( 'NONE', #5748, .T. ) ;
#3703 = CARTESIAN_POINT ( 'NONE',  ( -1.389999999999998792, 2.243799877109404317, 8.800000000000000711 ) ) ;
#3704 = ORIENTED_EDGE ( 'NONE', *, *, #6115, .T. ) ;
#3705 = ORIENTED_EDGE ( 'NONE', *, *, #6148, .F. ) ;
#3706 = LINE ( 'NONE', #2028, #2044 ) ;
#3707 = DIRECTION ( 'NONE',  ( 0.000000000000000000, 0.000000000000000000, -1.000000000000000000 ) ) ;
#3708 = LINE ( 'NONE', #5869, #4512 ) ;
#3709 = EDGE_CURVE ( 'NONE', #2434, #3810, #6573, .T. ) ;
#3710 = ORIENTED_EDGE ( 'NONE', *, *, #5127, .T. ) ;
#3711 = ORIENTED_EDGE ( 'NONE', *, *, #6333, .F. ) ;
#3712 = CARTESIAN_POINT ( 'NONE',  ( 9.499999999999998224, -4.649999999999996803, 10.19999999999999751 ) ) ;
#3713 = FACE_OUTER_BOUND ( 'NONE', #5682, .T. ) ;
#3714 = DIRECTION ( 'NONE',  ( 0.000000000000000000, 1.000000000000000000, 0.000000000000000000 ) ) ;
#3715 = ORIENTED_EDGE ( 'NONE', *, *, #5417, .T. ) ;
#3716 = CARTESIAN_POINT ( 'NONE',  ( 9.500000000000001776, 2.100000000000000089, 15.69999999999999929 ) ) ;
#3717 = APPROVAL_STATUS ( 'not_yet_approved' ) ;
#3718 = VECTOR ( 'NONE', #3570, 1000.000000000000000 ) ;
#3719 = LINE ( 'NONE', #1109, #168 ) ;
#3720 = LINE ( 'NONE', #5881, #4408 ) ;
#3721 = DIRECTION ( 'NONE',  ( 0.7071067811865474617, 5.110978055611248113E-16, -0.7071067811865474617 ) ) ;
#3722 = ADVANCED_FACE ( 'NONE', ( #1198 ), #4862, .T. ) ;
#3723 = LOCAL_TIME ( 13, 50, 11.00000000000000000, #1464 ) ;
#3724 = ORIENTED_EDGE ( 'NONE', *, *, #2871, .F. ) ;
#3725 = ORIENTED_EDGE ( 'NONE', *, *, #956, .T. ) ;
#3726 = VERTEX_POINT ( 'NONE', #4371 ) ;
#3727 = CARTESIAN_POINT ( 'NONE',  ( 2.272710017320640840E-16, 2.043799877109405916, 0.000000000000000000 ) ) ;
#3728 = CIRCLE ( 'NONE', #4343, 0.8000000000000003775 ) ;
#3729 = VECTOR ( 'NONE', #1420, 1000.000000000000000 ) ;
#3730 = CARTESIAN_POINT ( 'NONE',  ( 0.000000000000000000, 2.439999999999982183, 19.99999999999999645 ) ) ;
#3731 = CARTESIAN_POINT ( 'NONE',  ( -9.100000000000001421, 3.750000000000001776, 8.800000000000000711 ) ) ;
#3732 = EDGE_CURVE ( 'NONE', #5324, #4876, #3884, .T. ) ;
#3733 = LINE ( 'NONE', #4164, #4640 ) ;
#3734 = ORIENTED_EDGE ( 'NONE', *, *, #6096, .F. ) ;
#3735 = AXIS2_PLACEMENT_3D ( 'NONE', #582, #5419, #84 ) ;
#3736 = FACE_OUTER_BOUND ( 'NONE', #6103, .T. ) ;
#3737 = ORIENTED_EDGE ( 'NONE', *, *, #2058, .T. ) ;
#3738 = ADVANCED_FACE ( 'NONE', ( #3950 ), #6504, .F. ) ;
#3739 = DIRECTION ( 'NONE',  ( -0.000000000000000000, -1.000000000000000000, -0.000000000000000000 ) ) ;
#3740 = FACE_OUTER_BOUND ( 'NONE', #2588, .T. ) ;
#3741 = ORIENTED_EDGE ( 'NONE', *, *, #5104, .F. ) ;
#3742 = ORIENTED_EDGE ( 'NONE', *, *, #3939, .F. ) ;
#3743 = DIRECTION ( 'NONE',  ( 0.000000000000000000, -0.000000000000000000, 1.000000000000000000 ) ) ;
#3744 = PLANE ( 'NONE',  #1812 ) ;
#3745 = FACE_OUTER_BOUND ( 'NONE', #5176, .T. ) ;
#3746 = EDGE_LOOP ( 'NONE', ( #5488, #5098, #3432, #2935 ) ) ;
#3747 = ORIENTED_EDGE ( 'NONE', *, *, #4850, .F. ) ;
#3748 = CARTESIAN_POINT ( 'NONE',  ( -4.280000000000000249, -2.043799877109404584, 0.000000000000000000 ) ) ;
#3749 = AXIS2_PLACEMENT_3D ( 'NONE', #6183, #4751, #4824 ) ;
#3750 = DIRECTION ( 'NONE',  ( -1.000000000000000000, -7.228014483236696555E-16, 0.000000000000000000 ) ) ;
#3751 = VECTOR ( 'NONE', #6156, 1000.000000000000000 ) ;
#3752 = EDGE_CURVE ( 'NONE', #3121, #3892, #2167, .T. ) ;
#3753 = EDGE_LOOP ( 'NONE', ( #2009, #2655, #5931, #3006 ) ) ;
#3754 = DIRECTION ( 'NONE',  ( -0.000000000000000000, 0.000000000000000000, -1.000000000000000000 ) ) ;
#3755 = CARTESIAN_POINT ( 'NONE',  ( -5.379999999999947491, 0.000000000000000000, 14.69999999999999751 ) ) ;
#3756 = DIRECTION ( 'NONE',  ( -0.000000000000000000, 0.000000000000000000, -1.000000000000000000 ) ) ;
#3757 = DIRECTION ( 'NONE',  ( 0.000000000000000000, 1.000000000000000000, 0.000000000000000000 ) ) ;
#3758 = EDGE_LOOP ( 'NONE', ( #6192, #1186, #5572, #4135, #5463 ) ) ;
#3759 = VECTOR ( 'NONE', #3859, 1000.000000000000000 ) ;
#3760 = ORIENTED_EDGE ( 'NONE', *, *, #1949, .T. ) ;
#3761 = EDGE_CURVE ( 'NONE', #477, #6249, #5970, .T. ) ;
#3762 = VERTEX_POINT ( 'NONE', #34 ) ;
#3763 = VECTOR ( 'NONE', #6311, 1000.000000000000114 ) ;
#3764 = LINE ( 'NONE', #1084, #1698 ) ;
#3765 = DIRECTION ( 'NONE',  ( -0.7071067811865475727, 0.000000000000000000, 0.7071067811865475727 ) ) ;
#3766 = DIRECTION ( 'NONE',  ( 7.228014483236698528E-16, -1.000000000000000000, 0.000000000000000000 ) ) ;
#3767 = FACE_OUTER_BOUND ( 'NONE', #5498, .T. ) ;
#3768 = VECTOR ( 'NONE', #5631, 1000.000000000000000 ) ;
#3769 = ORIENTED_EDGE ( 'NONE', *, *, #1903, .T. ) ;
#3770 = AXIS2_PLACEMENT_3D ( 'NONE', #3466, #5489, #6556 ) ;
#3771 = CARTESIAN_POINT ( 'NONE',  ( 5.879999999999999893, 0.9499999999999995115, 8.800000000000000711 ) ) ;
#3772 = EDGE_CURVE ( 'NONE', #4339, #6068, #2200, .T. ) ;
#3773 = VERTEX_POINT ( 'NONE', #601 ) ;
#3774 = EDGE_CURVE ( 'NONE', #6340, #4611, #3181, .T. ) ;
#3775 = DIRECTION ( 'NONE',  ( -1.000000000000000000, 0.000000000000000000, -0.000000000000000000 ) ) ;
#3776 = ORIENTED_EDGE ( 'NONE', *, *, #3195, .T. ) ;
#3777 = ORIENTED_EDGE ( 'NONE', *, *, #3535, .F. ) ;
#3778 = ORIENTED_EDGE ( 'NONE', *, *, #4870, .F. ) ;
#3779 = ADVANCED_FACE ( 'NONE', ( #4409 ), #1803, .F. ) ;
#3780 = DIRECTION ( 'NONE',  ( -0.7071067811865475727, -0.000000000000000000, -0.7071067811865475727 ) ) ;
#3781 = CARTESIAN_POINT ( 'NONE',  ( 3.340000000000000302, -3.650000000000018563, 8.800000000000000711 ) ) ;
#3782 = VECTOR ( 'NONE', #6469, 999.9999999999998863 ) ;
#3783 = CARTESIAN_POINT ( 'NONE',  ( -8.700000000000001066, -3.750000000000000000, 11.09999999999999964 ) ) ;
#3784 = AXIS2_PLACEMENT_3D ( 'NONE', #1325, #6635, #1863 ) ;
#3785 = ORIENTED_EDGE ( 'NONE', *, *, #2147, .T. ) ;
#3786 = CARTESIAN_POINT ( 'NONE',  ( -5.379999999999999893, 2.639999999999964597, 19.74999999999999289 ) ) ;
#3787 = FACE_OUTER_BOUND ( 'NONE', #2330, .T. ) ;
#3788 = ORIENTED_EDGE ( 'NONE', *, *, #908, .T. ) ;
#3789 = LINE ( 'NONE', #3896, #3420 ) ;
#3790 = PERSON_AND_ORGANIZATION_ROLE ( 'creator' ) ;
#3791 = CARTESIAN_POINT ( 'NONE',  ( -3.689999999999998614, 2.243799877109404317, 0.000000000000000000 ) ) ;
#3792 = FACE_OUTER_BOUND ( 'NONE', #561, .T. ) ;
#3793 = DIRECTION ( 'NONE',  ( 0.000000000000000000, 1.000000000000000000, 0.000000000000000000 ) ) ;
#3794 = VERTEX_POINT ( 'NONE', #2883 ) ;
#3795 = EDGE_CURVE ( 'NONE', #1060, #4937, #5142, .T. ) ;
#3796 = ORIENTED_EDGE ( 'NONE', *, *, #5867, .F. ) ;
#3797 = EDGE_LOOP ( 'NONE', ( #5257, #2054, #3705, #701 ) ) ;
#3798 = DIRECTION ( 'NONE',  ( 1.000000000000000000, 0.000000000000000000, 0.000000000000000000 ) ) ;
#3799 = FACE_OUTER_BOUND ( 'NONE', #4858, .T. ) ;
#3800 = CARTESIAN_POINT ( 'NONE',  ( 2.240000000000000213, 0.000000000000000000, 19.99999999999999645 ) ) ;
#3801 = EDGE_CURVE ( 'NONE', #2783, #3978, #2348, .T. ) ;
#3802 = DIRECTION ( 'NONE',  ( -0.000000000000000000, -0.000000000000000000, -1.000000000000000000 ) ) ;
#3803 = ORIENTED_EDGE ( 'NONE', *, *, #1261, .T. ) ;
#3804 = DIRECTION ( 'NONE',  ( 1.000000000000000000, 0.000000000000000000, 0.000000000000000000 ) ) ;
#3805 = ORIENTED_EDGE ( 'NONE', *, *, #1949, .F. ) ;
#3806 = CARTESIAN_POINT ( 'NONE',  ( -0.7999999999999999334, -2.250000000000037748, 8.800000000000000711 ) ) ;
#3807 = AXIS2_PLACEMENT_3D ( 'NONE', #6413, #4739, #3226 ) ;
#3808 = EDGE_CURVE ( 'NONE', #3881, #6011, #6217, .T. ) ;
#3809 = CARTESIAN_POINT ( 'NONE',  ( 1.740000000000000213, -0.9500000000000000666, 1.400000000000008793 ) ) ;
#3810 = VERTEX_POINT ( 'NONE', #5717 ) ;
#3811 = VECTOR ( 'NONE', #4518, 1000.000000000000000 ) ;
#3812 = ORIENTED_EDGE ( 'NONE', *, *, #6378, .T. ) ;
#3813 = ORIENTED_EDGE ( 'NONE', *, *, #3870, .F. ) ;
#3814 = DIRECTION ( 'NONE',  ( -0.000000000000000000, 0.000000000000000000, -1.000000000000000000 ) ) ;
#3815 = CARTESIAN_POINT ( 'NONE',  ( 3.339999999999999414, 0.9499999999999997335, 8.800000000000000711 ) ) ;
#3816 = ORIENTED_EDGE ( 'NONE', *, *, #3210, .T. ) ;
#3817 = DIRECTION ( 'NONE',  ( -0.000000000000000000, 0.000000000000000000, 1.000000000000000000 ) ) ;
#3818 = EDGE_CURVE ( 'NONE', #718, #5275, #5175, .T. ) ;
#3819 = CARTESIAN_POINT ( 'NONE',  ( -8.700000000000002842, 4.649999999999999467, 10.19999999999999929 ) ) ;
#3820 = ORIENTED_EDGE ( 'NONE', *, *, #2800, .T. ) ;
#3821 = PLANE ( 'NONE',  #919 ) ;
#3822 = CARTESIAN_POINT ( 'NONE',  ( -2.272710017320640347E-16, -2.043799877109405472, 0.000000000000000000 ) ) ;
#3824 = ADVANCED_FACE ( 'NONE', ( #5041 ), #2442, .T. ) ;
#3823 = LINE ( 'NONE', #2290, #345 ) ;
#3825 = CARTESIAN_POINT ( 'NONE',  ( -1.149999999999999023, 2.243799877109404317, 8.800000000000000711 ) ) ;
#3826 = ADVANCED_FACE ( 'NONE', ( #175 ), #276, .F. ) ;
#3827 = VERTEX_POINT ( 'NONE', #6149 ) ;
#3828 = EDGE_LOOP ( 'NONE', ( #887, #2478, #3829, #2041, #4885 ) ) ;
#3829 = ORIENTED_EDGE ( 'NONE', *, *, #4415, .T. ) ;
#3830 = CARTESIAN_POINT ( 'NONE',  ( 3.689999999999937774, -2.250000000000037748, 8.800000000000000711 ) ) ;
#3831 = DIRECTION ( 'NONE',  ( 1.000000000000000000, 0.000000000000000000, 0.000000000000000000 ) ) ;
#3832 = DIRECTION ( 'NONE',  ( -0.000000000000000000, -1.000000000000000000, -0.000000000000000000 ) ) ;
#3833 = EDGE_LOOP ( 'NONE', ( #1412, #86, #257, #6062 ) ) ;
#3834 = LINE ( 'NONE', #6496, #5665 ) ;
#3835 = ORIENTED_EDGE ( 'NONE', *, *, #3795, .T. ) ;
#3836 = DIRECTION ( 'NONE',  ( -0.000000000000000000, -0.000000000000000000, -1.000000000000000000 ) ) ;
#3837 = VECTOR ( 'NONE', #1657, 1000.000000000000000 ) ;
#3838 = VECTOR ( 'NONE', #1336, 1000.000000000000000 ) ;
#3839 = ORIENTED_EDGE ( 'NONE', *, *, #4033, .T. ) ;
#3840 = ADVANCED_FACE ( 'NONE', ( #776 ), #1409, .F. ) ;
#3841 = DIRECTION ( 'NONE',  ( -1.000000000000000000, 0.000000000000000000, 0.000000000000000000 ) ) ;
#3842 = AXIS2_PLACEMENT_3D ( 'NONE', #5383, #372, #3756 ) ;
#3843 = CARTESIAN_POINT ( 'NONE',  ( -2.589999999999999858, 2.439999999999982183, 19.99999999999999645 ) ) ;
#3844 = VERTEX_POINT ( 'NONE', #2477 ) ;
#3845 = LINE ( 'NONE', #1531, #1848 ) ;
#3846 = EDGE_LOOP ( 'NONE', ( #2473, #6582, #1680, #6899 ) ) ;
#3847 = ORIENTED_EDGE ( 'NONE', *, *, #6418, .F. ) ;
#3848 = EDGE_CURVE ( 'NONE', #5816, #2062, #6256, .T. ) ;
#3849 = FACE_OUTER_BOUND ( 'NONE', #3212, .T. ) ;
#3850 = DIRECTION ( 'NONE',  ( 0.000000000000000000, -0.000000000000000000, 1.000000000000000000 ) ) ;
#3851 = ORIENTED_EDGE ( 'NONE', *, *, #4305, .T. ) ;
#3852 = CARTESIAN_POINT ( 'NONE',  ( -5.879999999999999893, -3.650000000000000799, 8.800000000000000711 ) ) ;
#3853 = CARTESIAN_POINT ( 'NONE',  ( -3.690000000000062119, -3.856200122890594884, 8.800000000000000711 ) ) ;
#3854 = EDGE_CURVE ( 'NONE', #6092, #4564, #6681, .T. ) ;
#3855 = ORIENTED_EDGE ( 'NONE', *, *, #3221, .F. ) ;
#3856 = LINE ( 'NONE', #6018, #5913 ) ;
#3857 = ADVANCED_FACE ( 'NONE', ( #1268 ), #2410, .F. ) ;
#3858 = LINE ( 'NONE', #3328, #1638 ) ;
#3859 = DIRECTION ( 'NONE',  ( 0.000000000000000000, -1.000000000000000000, 0.000000000000000000 ) ) ;
#3860 = DIRECTION ( 'NONE',  ( 0.000000000000000000, -0.000000000000000000, 1.000000000000000000 ) ) ;
#3861 = AXIS2_PLACEMENT_3D ( 'NONE', #3559, #847, #2918 ) ;
#3862 = EDGE_LOOP ( 'NONE', ( #2436, #1152, #3942, #3178 ) ) ;
#3863 = LINE ( 'NONE', #653, #5577 ) ;
#3865 = ORIENTED_EDGE ( 'NONE', *, *, #2652, .T. ) ;
#3864 = AXIS2_PLACEMENT_3D ( 'NONE', #5512, #610, #1743 ) ;
#3866 = VECTOR ( 'NONE', #5481, 1000.000000000000000 ) ;
#3867 = ORIENTED_EDGE ( 'NONE', *, *, #2497, .T. ) ;
#3868 = EDGE_CURVE ( 'NONE', #1682, #6616, #3023, .T. ) ;
#3869 = CARTESIAN_POINT ( 'NONE',  ( 9.499999999999998224, 3.418629150101524239, 11.43137084989847807 ) ) ;
#3870 = EDGE_CURVE ( 'NONE', #5442, #3619, #6291, .T. ) ;
#3871 = DIRECTION ( 'NONE',  ( 0.000000000000000000, 1.000000000000000000, 0.000000000000000000 ) ) ;
#3872 = FACE_OUTER_BOUND ( 'NONE', #5838, .T. ) ;
#3873 = ORIENTED_EDGE ( 'NONE', *, *, #4358, .F. ) ;
#3874 = VECTOR ( 'NONE', #4802, 1000.000000000000000 ) ;
#3875 = CARTESIAN_POINT ( 'NONE',  ( 0.3000000000000528910, 0.000000000000000000, 19.99999999999999645 ) ) ;
#3876 = VECTOR ( 'NONE', #6866, 1000.000000000000000 ) ;
#3877 = ORIENTED_EDGE ( 'NONE', *, *, #70, .F. ) ;
#3878 = VECTOR ( 'NONE', #3428, 1000.000000000000000 ) ;
#3879 = CARTESIAN_POINT ( 'NONE',  ( 7.500000000000000000, -3.749999999999999112, 14.69999999999999751 ) ) ;
#3880 = VECTOR ( 'NONE', #4469, 1000.000000000000000 ) ;
#3881 = VERTEX_POINT ( 'NONE', #707 ) ;
#3882 = FACE_OUTER_BOUND ( 'NONE', #4301, .T. ) ;
#3883 = VECTOR ( 'NONE', #1309, 1000.000000000000000 ) ;
#3884 = LINE ( 'NONE', #6648, #5550 ) ;
#3885 = VECTOR ( 'NONE', #2708, 1000.000000000000000 ) ;
#3886 = ADVANCED_FACE ( 'NONE', ( #5608 ), #742, .F. ) ;
#3887 = ORIENTED_EDGE ( 'NONE', *, *, #5138, .F. ) ;
#3888 = DIRECTION ( 'NONE',  ( -0.000000000000000000, -0.000000000000000000, -1.000000000000000000 ) ) ;
#3889 = ORIENTED_EDGE ( 'NONE', *, *, #4042, .F. ) ;
#3890 = ORIENTED_EDGE ( 'NONE', *, *, #6450, .T. ) ;
#3891 = FACE_OUTER_BOUND ( 'NONE', #4359, .T. ) ;
#3892 = VERTEX_POINT ( 'NONE', #6716 ) ;
#3893 = FACE_OUTER_BOUND ( 'NONE', #5469, .T. ) ;
#3894 = CARTESIAN_POINT ( 'NONE',  ( -9.500000000000001776, 2.100000000000000089, 14.69999999999999751 ) ) ;
#3895 = ADVANCED_FACE ( 'NONE', ( #1839 ), #4021, .F. ) ;
#3896 = CARTESIAN_POINT ( 'NONE',  ( 2.840000000000054037, -2.439999999999999947, 19.74999999999999645 ) ) ;
#3897 = CARTESIAN_POINT ( 'NONE',  ( -3.340000000000000302, -3.650000000000000799, 0.000000000000000000 ) ) ;
#3898 = DIRECTION ( 'NONE',  ( 0.000000000000000000, 0.000000000000000000, 1.000000000000000000 ) ) ;
#3899 = LINE ( 'NONE', #4949, #3035 ) ;
#3900 = VERTEX_POINT ( 'NONE', #6855 ) ;
#3901 = CARTESIAN_POINT ( 'NONE',  ( 8.699999999999997513, 2.949999999999999734, 15.69999999999999929 ) ) ;
#3902 = ORIENTED_EDGE ( 'NONE', *, *, #6296, .F. ) ;
#3903 = ORIENTED_EDGE ( 'NONE', *, *, #4487, .F. ) ;
#3904 = CARTESIAN_POINT ( 'NONE',  ( -9.500000000000001776, -2.100000000000000089, 15.69999999999999929 ) ) ;
#3905 = CARTESIAN_POINT ( 'NONE',  ( 3.929999999999937987, -2.250000000000037748, 8.800000000000000711 ) ) ;
#3906 = DIRECTION ( 'NONE',  ( -0.000000000000000000, 0.000000000000000000, -1.000000000000000000 ) ) ;
#3907 = ORIENTED_EDGE ( 'NONE', *, *, #4856, .T. ) ;
#3908 = LINE ( 'NONE', #2765, #6461 ) ;
#3909 = ADVANCED_FACE ( 'NONE', ( #4789 ), #2587, .F. ) ;
#3910 = ORIENTED_EDGE ( 'NONE', *, *, #3434, .T. ) ;
#3911 = CARTESIAN_POINT ( 'NONE',  ( -3.929999999999999272, 2.243799877109404317, 8.800000000000000711 ) ) ;
#3912 = ORIENTED_EDGE ( 'NONE', *, *, #1374, .F. ) ;
#3913 = DIRECTION ( 'NONE',  ( 0.000000000000000000, -1.000000000000000000, 0.000000000000000000 ) ) ;
#3914 = EDGE_CURVE ( 'NONE', #2739, #5316, #1984, .T. ) ;
#3915 = EDGE_CURVE ( 'NONE', #6287, #4280, #986, .T. ) ;
#3916 = DIRECTION ( 'NONE',  ( 1.000000000000000000, 0.000000000000000000, 0.000000000000000000 ) ) ;
#3917 = VECTOR ( 'NONE', #5521, 1000.000000000000114 ) ;
#3918 = ORIENTED_EDGE ( 'NONE', *, *, #3501, .T. ) ;
#3919 = CARTESIAN_POINT ( 'NONE',  ( -3.689999999999998614, 2.243799877109404317, 8.800000000000000711 ) ) ;
#3920 = ORIENTED_EDGE ( 'NONE', *, *, #2114, .T. ) ;
#3921 = ORIENTED_EDGE ( 'NONE', *, *, #152, .F. ) ;
#3922 = LINE ( 'NONE', #4903, #2905 ) ;
#3923 = ORIENTED_EDGE ( 'NONE', *, *, #5896, .T. ) ;
#3924 = LINE ( 'NONE', #3852, #4875 ) ;
#3925 = VECTOR ( 'NONE', #501, 1000.000000000000000 ) ;
#3926 = DIRECTION ( 'NONE',  ( -0.000000000000000000, -1.000000000000000000, -0.000000000000000000 ) ) ;
#3927 = ORIENTED_EDGE ( 'NONE', *, *, #2034, .T. ) ;
#3928 = CARTESIAN_POINT ( 'NONE',  ( -3.929999999999999272, 3.849999999999961897, 8.800000000000000711 ) ) ;
#3929 = DIRECTION ( 'NONE',  ( -1.000000000000000000, 1.112002228190260952E-16, -0.000000000000000000 ) ) ;
#3930 = EDGE_CURVE ( 'NONE', #3644, #4896, #3733, .T. ) ;
#3931 = CARTESIAN_POINT ( 'NONE',  ( -0.2999999999999470868, -2.640000000000000568, 19.74999999999999289 ) ) ;
#3932 = LINE ( 'NONE', #3330, #1884 ) ;
#3933 = ORIENTED_EDGE ( 'NONE', *, *, #1769, .F. ) ;
#3934 = DIRECTION ( 'NONE',  ( -0.000000000000000000, -0.000000000000000000, -1.000000000000000000 ) ) ;
#3935 = VECTOR ( 'NONE', #3485, 1000.000000000000114 ) ;
#3936 = FACE_OUTER_BOUND ( 'NONE', #5557, .T. ) ;
#3937 = ORIENTED_EDGE ( 'NONE', *, *, #3752, .F. ) ;
#3938 = DIRECTION ( 'NONE',  ( -1.000000000000000000, -0.000000000000000000, -0.000000000000000000 ) ) ;
#3939 = EDGE_CURVE ( 'NONE', #6129, #5129, #5210, .T. ) ;
#3940 = FACE_BOUND ( 'NONE', #4155, .T. ) ;
#3941 = CARTESIAN_POINT ( 'NONE',  ( -9.100000000000001421, -3.750000000000001776, 8.800000000000000711 ) ) ;
#3942 = ORIENTED_EDGE ( 'NONE', *, *, #2466, .F. ) ;
#3943 = CARTESIAN_POINT ( 'NONE',  ( -3.930000000000063665, -2.250000000000037748, 0.000000000000000000 ) ) ;
#3944 = ORIENTED_EDGE ( 'NONE', *, *, #332, .F. ) ;
#3945 = PLANE ( 'NONE',  #2185 ) ;
#3946 = VERTEX_POINT ( 'NONE', #1546 ) ;
#3947 = DIRECTION ( 'NONE',  ( 0.000000000000000000, 0.000000000000000000, 1.000000000000000000 ) ) ;
#3948 = AXIS2_PLACEMENT_3D ( 'NONE', #1963, #4730, #3536 ) ;
#3949 = EDGE_CURVE ( 'NONE', #2664, #6807, #453, .T. ) ;
#3950 = FACE_OUTER_BOUND ( 'NONE', #1754, .T. ) ;
#3951 = EDGE_LOOP ( 'NONE', ( #6637, #3369, #3344, #2413 ) ) ;
#3952 = DIRECTION ( 'NONE',  ( -1.000000000000000000, -7.228014483236698528E-16, 0.000000000000000000 ) ) ;
#3953 = ORIENTED_EDGE ( 'NONE', *, *, #6961, .T. ) ;
#3954 = VERTEX_POINT ( 'NONE', #918 ) ;
#3955 = ADVANCED_FACE ( 'NONE', ( #5891 ), #1021, .T. ) ;
#3956 = CARTESIAN_POINT ( 'NONE',  ( 8.893799877109406893, 2.043799877109405028, 0.000000000000000000 ) ) ;
#3957 = VECTOR ( 'NONE', #5172, 1000.000000000000000 ) ;
#3958 = VERTEX_POINT ( 'NONE', #2052 ) ;
#3959 = LINE ( 'NONE', #6545, #4428 ) ;
#3960 = DIRECTION ( 'NONE',  ( -0.000000000000000000, -0.000000000000000000, -1.000000000000000000 ) ) ;
#3961 = EDGE_LOOP ( 'NONE', ( #420, #4364, #6810, #2851, #5292 ) ) ;
#3962 = CARTESIAN_POINT ( 'NONE',  ( 3.930000000000001048, 2.243799877109404317, 8.800000000000000711 ) ) ;
#3963 = DIRECTION ( 'NONE',  ( 0.000000000000000000, -0.000000000000000000, 1.000000000000000000 ) ) ;
#3964 = CARTESIAN_POINT ( 'NONE',  ( -5.379999999999999893, 0.000000000000000000, 14.69999999999999751 ) ) ;
#3965 = CARTESIAN_POINT ( 'NONE',  ( -1.150000000000062528, -3.856200122890594884, 8.800000000000000711 ) ) ;
#3966 = VERTEX_POINT ( 'NONE', #347 ) ;
#3967 = FACE_OUTER_BOUND ( 'NONE', #1611, .T. ) ;
#3968 = ORIENTED_EDGE ( 'NONE', *, *, #2807, .F. ) ;
#3969 = EDGE_CURVE ( 'NONE', #1540, #5859, #5754, .T. ) ;
#3970 = EDGE_LOOP ( 'NONE', ( #4925, #6059, #1912, #5958, #1490, #877 ) ) ;
#3971 = DIRECTION ( 'NONE',  ( -0.000000000000000000, -0.000000000000000000, -1.000000000000000000 ) ) ;
#3972 = VECTOR ( 'NONE', #6999, 1000.000000000000000 ) ;
#3973 = CARTESIAN_POINT ( 'NONE',  ( -7.300000000000000711, 3.750000000000001776, 8.800000000000000711 ) ) ;
#3974 = PLANE ( 'NONE',  #6614 ) ;
#3975 = VERTEX_POINT ( 'NONE', #1442 ) ;
#3976 = CARTESIAN_POINT ( 'NONE',  ( 6.230000000000001315, 2.243799877109404317, 8.800000000000000711 ) ) ;
#3977 = VECTOR ( 'NONE', #5340, 1000.000000000000000 ) ;
#3978 = VERTEX_POINT ( 'NONE', #3626 ) ;
#3979 = EDGE_CURVE ( 'NONE', #4089, #1168, #2517, .T. ) ;
#3980 = ORIENTED_EDGE ( 'NONE', *, *, #5032, .F. ) ;
#3981 = AXIS2_PLACEMENT_3D ( 'NONE', #4979, #5050, #115 ) ;
#3982 = CARTESIAN_POINT ( 'NONE',  ( -1.150000000000062528, -2.250000000000037748, 8.800000000000000711 ) ) ;
#3983 = VECTOR ( 'NONE', #4623, 1000.000000000000000 ) ;
#3984 = DIRECTION ( 'NONE',  ( -1.000000000000000000, 0.000000000000000000, 0.000000000000000000 ) ) ;
#3985 = ORIENTED_EDGE ( 'NONE', *, *, #5399, .F. ) ;
#3986 = ADVANCED_FACE ( 'NONE', ( #4294 ), #6888, .F. ) ;
#3987 = VECTOR ( 'NONE', #2461, 1000.000000000000000 ) ;
#3988 = ADVANCED_FACE ( 'NONE', ( #4233 ), #6460, .F. ) ;
#3989 = CARTESIAN_POINT ( 'NONE',  ( 0.2999999999999999889, 2.640000000000000568, 19.74999999999999645 ) ) ;
#3990 = ORIENTED_EDGE ( 'NONE', *, *, #6509, .T. ) ;
#3991 = VECTOR ( 'NONE', #3187, 1000.000000000000000 ) ;
#3992 = DIRECTION ( 'NONE',  ( 0.000000000000000000, -1.000000000000000000, 0.000000000000000000 ) ) ;
#3993 = LINE ( 'NONE', #6158, #808 ) ;
#3994 = EDGE_CURVE ( 'NONE', #5954, #783, #883, .T. ) ;
#3995 = EDGE_CURVE ( 'NONE', #3528, #5390, #3054, .T. ) ;
#3997 = EDGE_LOOP ( 'NONE', ( #2112, #6858, #2680, #6917 ) ) ;
#3996 = VECTOR ( 'NONE', #1183, 1000.000000000000000 ) ;
#3998 = CARTESIAN_POINT ( 'NONE',  ( -1.149999999999999023, 3.849999999999961897, 8.800000000000000711 ) ) ;
#3999 = DIRECTION ( 'NONE',  ( 0.000000000000000000, -1.000000000000000000, 0.000000000000000000 ) ) ;
#4000 = FACE_OUTER_BOUND ( 'NONE', #1370, .T. ) ;
#4001 = CARTESIAN_POINT ( 'NONE',  ( -7.799999999999998046, 0.9500000000000009548, 8.800000000000000711 ) ) ;
#4002 = ORIENTED_EDGE ( 'NONE', *, *, #2058, .F. ) ;
#4003 = CARTESIAN_POINT ( 'NONE',  ( 4.780000000000053539, -2.440000000000000391, 19.74999999999999289 ) ) ;
#4004 = ORIENTED_EDGE ( 'NONE', *, *, #6647, .T. ) ;
#4005 = ORIENTED_EDGE ( 'NONE', *, *, #357, .T. ) ;
#4006 = FACE_OUTER_BOUND ( 'NONE', #6229, .T. ) ;
#4007 = CARTESIAN_POINT ( 'NONE',  ( 4.780000000000053539, -2.440000000000000391, 14.69999999999999751 ) ) ;
#4008 = FACE_OUTER_BOUND ( 'NONE', #1114, .T. ) ;
#4009 = CARTESIAN_POINT ( 'NONE',  ( 1.389999999999937730, -3.856200122890594884, 0.000000000000000000 ) ) ;
#4010 = EDGE_CURVE ( 'NONE', #6285, #4392, #2016, .T. ) ;
#4011 = VECTOR ( 'NONE', #6970, 1000.000000000000000 ) ;
#4012 = VERTEX_POINT ( 'NONE', #3696 ) ;
#4013 = VECTOR ( 'NONE', #3154, 1000.000000000000000 ) ;
#4014 = FACE_OUTER_BOUND ( 'NONE', #3961, .T. ) ;
#4015 = VERTEX_POINT ( 'NONE', #6359 ) ;
#4016 = ORIENTED_EDGE ( 'NONE', *, *, #705, .T. ) ;
#4017 = CARTESIAN_POINT ( 'NONE',  ( -3.930000000000063665, -2.250000000000037748, 8.800000000000000711 ) ) ;
#4018 = DIRECTION ( 'NONE',  ( 7.228014483236698528E-16, -1.000000000000000000, 0.000000000000000000 ) ) ;
#4019 = EDGE_CURVE ( 'NONE', #3465, #4114, #3663, .T. ) ;
#4020 = EDGE_CURVE ( 'NONE', #4416, #4056, #4473, .T. ) ;
#4021 = PLANE ( 'NONE',  #3749 ) ;
#4022 = VECTOR ( 'NONE', #4411, 1000.000000000000000 ) ;
#4023 = ORIENTED_EDGE ( 'NONE', *, *, #2355, .F. ) ;
#4024 = DIRECTION ( 'NONE',  ( 0.000000000000000000, 1.000000000000000000, 0.000000000000000000 ) ) ;
#4025 = EDGE_LOOP ( 'NONE', ( #6178, #5011, #5438, #588 ) ) ;
#4026 = EDGE_CURVE ( 'NONE', #7028, #2295, #628, .T. ) ;
#4027 = DIRECTION ( 'NONE',  ( -0.000000000000000000, -0.000000000000000000, -1.000000000000000000 ) ) ;
#4028 = DIRECTION ( 'NONE',  ( -0.000000000000000000, -1.000000000000000000, -0.000000000000000000 ) ) ;
#4029 = EDGE_LOOP ( 'NONE', ( #2518, #4271, #2687, #2438 ) ) ;
#4030 = AXIS2_PLACEMENT_3D ( 'NONE', #6347, #5776, #5705 ) ;
#4031 = DIRECTION ( 'NONE',  ( -0.000000000000000000, -1.000000000000000000, -0.000000000000000000 ) ) ;
#4032 = DIRECTION ( 'NONE',  ( 7.228014483236696555E-16, -1.000000000000000000, 0.000000000000000000 ) ) ;
#4033 = EDGE_CURVE ( 'NONE', #2149, #4270, #4400, .T. ) ;
#4034 = PLANE ( 'NONE',  #2843 ) ;
#4035 = DIRECTION ( 'NONE',  ( 0.000000000000000000, 0.000000000000000000, 1.000000000000000000 ) ) ;
#4036 = ADVANCED_FACE ( 'NONE', ( #3767 ), #5497, .F. ) ;
#4037 = ORIENTED_EDGE ( 'NONE', *, *, #2552, .F. ) ;
#4038 = CARTESIAN_POINT ( 'NONE',  ( -3.340000000000000302, -0.9499999999999995115, 8.800000000000000711 ) ) ;
#4039 = ORIENTED_EDGE ( 'NONE', *, *, #3774, .T. ) ;
#4040 = VECTOR ( 'NONE', #4397, 1000.000000000000114 ) ;
#4041 = ORIENTED_EDGE ( 'NONE', *, *, #2761, .T. ) ;
#4042 = EDGE_CURVE ( 'NONE', #3046, #6492, #3237, .T. ) ;
#4043 = PLANE ( 'NONE',  #1143 ) ;
#4044 = DIRECTION ( 'NONE',  ( 0.000000000000000000, -1.000000000000000000, 0.000000000000000000 ) ) ;
#4045 = LINE ( 'NONE', #6206, #957 ) ;
#4046 = EDGE_CURVE ( 'NONE', #2097, #4078, #594, .T. ) ;
#4047 = FACE_OUTER_BOUND ( 'NONE', #1264, .T. ) ;
#4048 = DIRECTION ( 'NONE',  ( 0.000000000000000000, 0.000000000000000000, 1.000000000000000000 ) ) ;
#4049 = VERTEX_POINT ( 'NONE', #2694 ) ;
#4050 = DIRECTION ( 'NONE',  ( -1.000000000000000000, 0.000000000000000000, 0.000000000000000000 ) ) ;
#4051 = EDGE_LOOP ( 'NONE', ( #1299, #621, #3672, #5368 ) ) ;
#4052 = ORIENTED_EDGE ( 'NONE', *, *, #463, .T. ) ;
#4053 = PLANE ( 'NONE',  #4767 ) ;
#4054 = CARTESIAN_POINT ( 'NONE',  ( 9.499999999999998224, 3.850000000000001865, 10.19999999999999929 ) ) ;
#4055 = DIRECTION ( 'NONE',  ( 1.000000000000000000, 6.672013369141568175E-16, -0.000000000000000000 ) ) ;
#4056 = VERTEX_POINT ( 'NONE', #5465 ) ;
#4057 = LINE ( 'NONE', #2444, #2882 ) ;
#4058 = EDGE_CURVE ( 'NONE', #2764, #579, #4363, .T. ) ;
#4059 = EDGE_CURVE ( 'NONE', #2697, #1900, #3908, .T. ) ;
#4060 = VERTEX_POINT ( 'NONE', #2302 ) ;
#4061 = AXIS2_PLACEMENT_3D ( 'NONE', #4245, #1068, #2100 ) ;
#4062 = CC_DESIGN_APPROVAL ( #2942, ( #1907 ) ) ;
#4063 = DIRECTION ( 'NONE',  ( -0.000000000000000000, -1.000000000000000000, -0.000000000000000000 ) ) ;
#4064 = DIRECTION ( 'NONE',  ( 1.000000000000000000, 7.228014483236698528E-16, 0.000000000000000000 ) ) ;
#4065 = EDGE_CURVE ( 'NONE', #6847, #3697, #1655, .T. ) ;
#4066 = ORIENTED_EDGE ( 'NONE', *, *, #4745, .F. ) ;
#4067 = VECTOR ( 'NONE', #5250, 1000.000000000000000 ) ;
#4068 = VECTOR ( 'NONE', #2224, 1000.000000000000000 ) ;
#4069 = CARTESIAN_POINT ( 'NONE',  ( -2.272710017320640347E-16, -2.043799877109405472, 0.000000000000000000 ) ) ;
#4070 = CARTESIAN_POINT ( 'NONE',  ( 2.839999999999999858, 2.439999999999999947, 19.99999999999999645 ) ) ;
#4071 = PLANE ( 'NONE',  #2162 ) ;
#4072 = LINE ( 'NONE', #2493, #4614 ) ;
#4073 = ORIENTED_EDGE ( 'NONE', *, *, #69, .F. ) ;
#4074 = DIRECTION ( 'NONE',  ( 1.000000000000000000, 0.000000000000000000, 0.000000000000000000 ) ) ;
#4075 = VECTOR ( 'NONE', #2182, 1000.000000000000000 ) ;
#4076 = CARTESIAN_POINT ( 'NONE',  ( 1.390000000000001013, 2.243799877109404317, 8.800000000000000711 ) ) ;
#4077 = EDGE_CURVE ( 'NONE', #631, #5603, #3834, .T. ) ;
#4078 = VERTEX_POINT ( 'NONE', #6038 ) ;
#4079 = CARTESIAN_POINT ( 'NONE',  ( -5.879999999999999893, -3.650000000000000799, 0.000000000000000000 ) ) ;
#4080 = LINE ( 'NONE', #1891, #6 ) ;
#4081 = CARTESIAN_POINT ( 'NONE',  ( 7.499999999999999112, 1.500000000000001332, 14.69999999999999751 ) ) ;
#4082 = DIRECTION ( 'NONE',  ( -0.000000000000000000, -0.000000000000000000, -1.000000000000000000 ) ) ;
#4083 = FACE_OUTER_BOUND ( 'NONE', #2769, .T. ) ;
#4084 = VERTEX_POINT ( 'NONE', #5930 ) ;
#4085 = FACE_OUTER_BOUND ( 'NONE', #2148, .T. ) ;
#4086 = ORIENTED_EDGE ( 'NONE', *, *, #2480, .T. ) ;
#4087 = EDGE_CURVE ( 'NONE', #6959, #7042, #6070, .T. ) ;
#4088 = VERTEX_POINT ( 'NONE', #1688 ) ;
#4089 = VERTEX_POINT ( 'NONE', #3370 ) ;
#4090 = DIRECTION ( 'NONE',  ( 1.000000000000000000, 0.000000000000000000, 0.000000000000000000 ) ) ;
#4091 = CARTESIAN_POINT ( 'NONE',  ( -7.799999999999998046, -0.9499999999999990674, 1.400000000000008793 ) ) ;
#4092 = AXIS2_PLACEMENT_3D ( 'NONE', #3875, #4962, #1160 ) ;
#4093 = DIRECTION ( 'NONE',  ( 0.000000000000000000, 1.000000000000000000, 0.000000000000000000 ) ) ;
#4094 = EDGE_LOOP ( 'NONE', ( #5458, #5249, #1875, #3340 ) ) ;
#4095 = CARTESIAN_POINT ( 'NONE',  ( -1.739999999999999991, 2.243799877109404317, 8.800000000000000711 ) ) ;
#4096 = AXIS2_PLACEMENT_3D ( 'NONE', #2666, #4267, #4830 ) ;
#4097 = ORIENTED_EDGE ( 'NONE', *, *, #123, .F. ) ;
#4098 = ADVANCED_FACE ( 'NONE', ( #1057 ), #5529, .T. ) ;
#4099 = LINE ( 'NONE', #1275, #113 ) ;
#4100 = AXIS2_PLACEMENT_3D ( 'NONE', #5370, #3676, #4836 ) ;
#4101 = DIRECTION ( 'NONE',  ( -0.000000000000000000, 1.000000000000000000, -0.000000000000000000 ) ) ;
#4102 = VERTEX_POINT ( 'NONE', #2833 ) ;
#4103 = VECTOR ( 'NONE', #1492, 1000.000000000000000 ) ;
#4104 = DIRECTION ( 'NONE',  ( 1.000000000000000000, -0.000000000000000000, -0.000000000000000000 ) ) ;
#4105 = CARTESIAN_POINT ( 'NONE',  ( 3.690000000000000835, 2.243799877109404317, 8.800000000000000711 ) ) ;
#4106 = CARTESIAN_POINT ( 'NONE',  ( 3.339999999999999414, -0.9499999999999997335, 1.400000000000009459 ) ) ;
#4107 = CARTESIAN_POINT ( 'NONE',  ( -9.100000000000001421, 3.750000000000001776, 8.800000000000000711 ) ) ;
#4108 = EDGE_CURVE ( 'NONE', #328, #945, #5395, .T. ) ;
#4109 = VERTEX_POINT ( 'NONE', #1621 ) ;
#4110 = CARTESIAN_POINT ( 'NONE',  ( 9.500000000000001776, -2.100000000000000089, 15.69999999999999929 ) ) ;
#4111 = VECTOR ( 'NONE', #5652, 1000.000000000000000 ) ;
#4112 = VECTOR ( 'NONE', #5339, 1000.000000000000000 ) ;
#4113 = PLANE ( 'NONE',  #4918 ) ;
#4114 = VERTEX_POINT ( 'NONE', #98 ) ;
#4115 = FACE_OUTER_BOUND ( 'NONE', #5910, .T. ) ;
#4116 = CARTESIAN_POINT ( 'NONE',  ( 2.490000000000053504, -2.640000000000000568, 19.99999999999999645 ) ) ;
#4117 = LINE ( 'NONE', #1861, #5500 ) ;
#4118 = LINE ( 'NONE', #3474, #2248 ) ;
#4119 = CARTESIAN_POINT ( 'NONE',  ( 0.2999999999999999889, 2.439999999999999947, 14.69999999999999751 ) ) ;
#4120 = ORIENTED_EDGE ( 'NONE', *, *, #4531, .T. ) ;
#4121 = DIRECTION ( 'NONE',  ( 1.000000000000000000, 0.000000000000000000, 0.000000000000000000 ) ) ;
#4122 = ORIENTED_EDGE ( 'NONE', *, *, #3868, .F. ) ;
#4123 = ORIENTED_EDGE ( 'NONE', *, *, #6678, .T. ) ;
#4124 = ORIENTED_EDGE ( 'NONE', *, *, #6115, .F. ) ;
#4125 = DIRECTION ( 'NONE',  ( -1.000000000000000000, -7.228014483236698528E-16, 0.000000000000000000 ) ) ;
#4126 = CARTESIAN_POINT ( 'NONE',  ( -5.129999999999947491, -2.440000000000035918, 19.99999999999999645 ) ) ;
#4127 = DIRECTION ( 'NONE',  ( -1.000000000000000000, -0.000000000000000000, -0.000000000000000000 ) ) ;
#4128 = VECTOR ( 'NONE', #2402, 1000.000000000000000 ) ;
#4129 = EDGE_CURVE ( 'NONE', #3186, #4380, #664, .T. ) ;
#4130 = EDGE_CURVE ( 'NONE', #1202, #4834, #5964, .T. ) ;
#4131 = ADVANCED_FACE ( 'NONE', ( #5429 ), #556, .F. ) ;
#4132 = DIRECTION ( 'NONE',  ( 1.000000000000000000, 0.000000000000000000, 0.000000000000000000 ) ) ;
#4133 = ORIENTED_EDGE ( 'NONE', *, *, #2205, .T. ) ;
#4134 = CARTESIAN_POINT ( 'NONE',  ( 1.763635533909757166E-15, -2.440000000000003944, 19.99999999999999645 ) ) ;
#4135 = ORIENTED_EDGE ( 'NONE', *, *, #4169, .T. ) ;
#4136 = EDGE_CURVE ( 'NONE', #816, #4102, #6143, .T. ) ;
#4137 = DIRECTION ( 'NONE',  ( 0.7071067811865425767, 5.110978055611213600E-16, 0.7071067811865525687 ) ) ;
#4138 = FACE_OUTER_BOUND ( 'NONE', #6086, .T. ) ;
#4139 = ORIENTED_EDGE ( 'NONE', *, *, #6901, .F. ) ;
#4140 = FACE_OUTER_BOUND ( 'NONE', #4275, .T. ) ;
#4141 = PLANE ( 'NONE',  #6022 ) ;
#4142 = CARTESIAN_POINT ( 'NONE',  ( 7.299999999999998934, -3.750000000000001776, 8.800000000000000711 ) ) ;
#4143 = FACE_BOUND ( 'NONE', #1201, .T. ) ;
#4144 = ORIENTED_EDGE ( 'NONE', *, *, #3022, .T. ) ;
#4145 = CARTESIAN_POINT ( 'NONE',  ( 2.589999999999999858, 0.000000000000000000, 19.99999999999999645 ) ) ;
#4146 = DIRECTION ( 'NONE',  ( -0.000000000000000000, -0.000000000000000000, -1.000000000000000000 ) ) ;
#4147 = EDGE_CURVE ( 'NONE', #1941, #6453, #1365, .T. ) ;
#4148 = EDGE_CURVE ( 'NONE', #1153, #5894, #6177, .T. ) ;
#4149 = DIRECTION ( 'NONE',  ( -1.000000000000000000, 0.000000000000000000, 0.000000000000000000 ) ) ;
#4150 = LINE ( 'NONE', #2502, #6367 ) ;
#4151 = AXIS2_PLACEMENT_3D ( 'NONE', #1248, #5516, #4494 ) ;
#4152 = LINE ( 'NONE', #5666, #3459 ) ;
#4153 = DIRECTION ( 'NONE',  ( 0.000000000000000000, 0.000000000000000000, -1.000000000000000000 ) ) ;
#4154 = CARTESIAN_POINT ( 'NONE',  ( -3.340000000000000302, -3.650000000000000799, 0.000000000000000000 ) ) ;
#4155 = EDGE_LOOP ( 'NONE', ( #494, #6665, #2319, #5404 ) ) ;
#4156 = AXIS2_PLACEMENT_3D ( 'NONE', #4940, #606, #6116 ) ;
#4157 = ORIENTED_EDGE ( 'NONE', *, *, #1597, .T. ) ;
#4158 = EDGE_CURVE ( 'NONE', #1124, #2352, #2435, .T. ) ;
#4159 = ORIENTED_EDGE ( 'NONE', *, *, #5962, .F. ) ;
#4160 = EDGE_LOOP ( 'NONE', ( #2581, #3820, #1656, #4781 ) ) ;
#4161 = CARTESIAN_POINT ( 'NONE',  ( -2.272710017320640347E-16, -2.043799877109405472, 0.000000000000000000 ) ) ;
#4162 = FACE_OUTER_BOUND ( 'NONE', #2596, .T. ) ;
#4163 = CARTESIAN_POINT ( 'NONE',  ( 5.880000000000000782, 2.243799877109403873, 8.800000000000000711 ) ) ;
#4164 = CARTESIAN_POINT ( 'NONE',  ( -3.690000000000062119, -3.856200122890594884, 0.000000000000000000 ) ) ;
#4165 = ORIENTED_EDGE ( 'NONE', *, *, #5600, .F. ) ;
#4166 = LINE ( 'NONE', #886, #6557 ) ;
#4167 = ADVANCED_FACE ( 'NONE', ( #2370 ), #5136, .T. ) ;
#4168 = ORIENTED_EDGE ( 'NONE', *, *, #6194, .F. ) ;
#4169 = EDGE_CURVE ( 'NONE', #4114, #518, #5068, .T. ) ;
#4170 = DIRECTION ( 'NONE',  ( 0.000000000000000000, 1.000000000000000000, 0.000000000000000000 ) ) ;
#4171 = PLANE ( 'NONE',  #2971 ) ;
#4172 = CARTESIAN_POINT ( 'NONE',  ( -7.799999999999998046, 0.9500000000000009548, 1.400000000000008793 ) ) ;
#4173 = EDGE_CURVE ( 'NONE', #2045, #260, #2404, .T. ) ;
#4174 = VERTEX_POINT ( 'NONE', #1866 ) ;
#4175 = ADVANCED_FACE ( 'NONE', ( #1224 ), #5672, .F. ) ;
#4176 = CARTESIAN_POINT ( 'NONE',  ( 9.099999999999997868, -3.750000000000001776, 0.000000000000000000 ) ) ;
#4177 = CARTESIAN_POINT ( 'NONE',  ( 2.564999999999999947, 2.439999999999999947, 22.56499999999999773 ) ) ;
#4178 = DIRECTION ( 'NONE',  ( -1.000000000000000000, 0.000000000000000000, 0.000000000000000000 ) ) ;
#4179 = PLANE ( 'NONE',  #5862 ) ;
#4180 = ORIENTED_EDGE ( 'NONE', *, *, #1285, .T. ) ;
#4181 = CARTESIAN_POINT ( 'NONE',  ( 5.130000000000053184, -2.439999999999999947, 19.99999999999999645 ) ) ;
#4182 = LINE ( 'NONE', #5267, #2089 ) ;
#4183 = LINE ( 'NONE', #6382, #5459 ) ;
#4184 = MECHANICAL_CONTEXT ( 'NONE', #6646, 'mechanical' ) ;
#4185 = DIRECTION ( 'NONE',  ( 1.000000000000000000, -1.112002228190260952E-16, 0.000000000000000000 ) ) ;
#4186 = DIRECTION ( 'NONE',  ( 0.000000000000000000, 0.000000000000000000, -1.000000000000000000 ) ) ;
#4187 = DIRECTION ( 'NONE',  ( 1.000000000000000000, 0.000000000000000000, 0.000000000000000000 ) ) ;
#4188 = VECTOR ( 'NONE', #4813, 1000.000000000000000 ) ;
#4189 = EDGE_LOOP ( 'NONE', ( #7008, #1074, #293, #6643 ) ) ;
#4190 = ADVANCED_FACE ( 'NONE', ( #2877 ), #5036, .T. ) ;
#4191 = ORIENTED_EDGE ( 'NONE', *, *, #6983, .T. ) ;
#4192 = ORIENTED_EDGE ( 'NONE', *, *, #5005, .F. ) ;
#4193 = PLANE ( 'NONE',  #2622 ) ;
#4194 = CARTESIAN_POINT ( 'NONE',  ( 1.389999999999937730, -3.856200122890594884, 8.800000000000000711 ) ) ;
#4195 = CARTESIAN_POINT ( 'NONE',  ( -7.799999999999998046, 0.9500000000000009548, 1.400000000000008793 ) ) ;
#4196 = ADVANCED_FACE ( 'NONE', ( #6673 ), #4572, .F. ) ;
#4197 = CARTESIAN_POINT ( 'NONE',  ( 3.929999999999937987, -3.856200122890594884, 0.000000000000000000 ) ) ;
#4198 = VERTEX_POINT ( 'NONE', #3943 ) ;
#4199 = CARTESIAN_POINT ( 'NONE',  ( -1.739999999999999991, 2.243799877109404761, 8.800000000000000711 ) ) ;
#4200 = VERTEX_POINT ( 'NONE', #1297 ) ;
#4201 = VECTOR ( 'NONE', #2193, 1000.000000000000000 ) ;
#4202 = CARTESIAN_POINT ( 'NONE',  ( 3.690000000000000835, 3.849999999999961897, 0.000000000000000000 ) ) ;
#4203 = FACE_OUTER_BOUND ( 'NONE', #4907, .T. ) ;
#4204 = DIRECTION ( 'NONE',  ( 1.000000000000000000, -1.112002228190260952E-16, 0.000000000000000000 ) ) ;
#4205 = AXIS2_PLACEMENT_3D ( 'NONE', #3976, #269, #1329 ) ;
#4206 = EDGE_LOOP ( 'NONE', ( #3419, #1481, #3933, #1223 ) ) ;
#4207 = VERTEX_POINT ( 'NONE', #3406 ) ;
#4208 = LINE ( 'NONE', #5801, #5341 ) ;
#4209 = PLANE ( 'NONE',  #2617 ) ;
#4210 = DIRECTION ( 'NONE',  ( 0.000000000000000000, 0.000000000000000000, 1.000000000000000000 ) ) ;
#4211 = VECTOR ( 'NONE', #4259, 1000.000000000000000 ) ;
#4212 = CARTESIAN_POINT ( 'NONE',  ( -9.100000000000001421, -2.450000000000001954, 8.800000000000000711 ) ) ;
#4213 = ADVANCED_FACE ( 'NONE', ( #6710 ), #1833, .F. ) ;
#4214 = VERTEX_POINT ( 'NONE', #1263 ) ;
#4215 = DIRECTION ( 'NONE',  ( 0.000000000000000000, 0.000000000000000000, -1.000000000000000000 ) ) ;
#4216 = ADVANCED_FACE ( 'NONE', ( #4014 ), #806, .F. ) ;
#4217 = AXIS2_PLACEMENT_3D ( 'NONE', #6303, #4032, #1454 ) ;
#4218 = AXIS2_PLACEMENT_3D ( 'NONE', #1967, #1256, #2907 ) ;
#4219 = CARTESIAN_POINT ( 'NONE',  ( 4.780000000000053539, -2.640000000000000568, 14.69999999999999751 ) ) ;
#4220 = AXIS2_PLACEMENT_3D ( 'NONE', #4820, #487, #6960 ) ;
#4221 = CARTESIAN_POINT ( 'NONE',  ( -1.390000000000062297, -3.856200122890594884, 8.800000000000000711 ) ) ;
#4222 = DIRECTION ( 'NONE',  ( 0.000000000000000000, 0.000000000000000000, -1.000000000000000000 ) ) ;
#4223 = CARTESIAN_POINT ( 'NONE',  ( 1.763635533909756180E-15, -2.440000000000002167, 19.99999999999999645 ) ) ;
#4224 = AXIS2_PLACEMENT_3D ( 'NONE', #3007, #6766, #4566 ) ;
#4225 = LINE ( 'NONE', #3616, #5363 ) ;
#4226 = ORIENTED_EDGE ( 'NONE', *, *, #1484, .F. ) ;
#4227 = ORIENTED_EDGE ( 'NONE', *, *, #3698, .F. ) ;
#4228 = VERTEX_POINT ( 'NONE', #3477 ) ;
#4229 = CARTESIAN_POINT ( 'NONE',  ( -0.8000000000000003775, 0.9500000000000001776, 8.800000000000000711 ) ) ;
#4230 = EDGE_CURVE ( 'NONE', #193, #5437, #4603, .T. ) ;
#4231 = CARTESIAN_POINT ( 'NONE',  ( 3.512224969344600822, 3.337775030655400599, 6.888101771213841040 ) ) ;
#4232 = CARTESIAN_POINT ( 'NONE',  ( -8.700000000000002842, 4.649999999999999467, 10.19999999999999929 ) ) ;
#4233 = FACE_OUTER_BOUND ( 'NONE', #4429, .T. ) ;
#4234 = VERTEX_POINT ( 'NONE', #6742 ) ;
#4235 = ORIENTED_EDGE ( 'NONE', *, *, #3868, .T. ) ;
#4236 = VECTOR ( 'NONE', #6457, 1000.000000000000000 ) ;
#4237 = EDGE_CURVE ( 'NONE', #4049, #6039, #5099, .T. ) ;
#4238 = FACE_OUTER_BOUND ( 'NONE', #1974, .T. ) ;
#4239 = CARTESIAN_POINT ( 'NONE',  ( -7.799999999999998046, 0.9500000000000009548, 1.400000000000008793 ) ) ;
#4240 = VERTEX_POINT ( 'NONE', #6771 ) ;
#4241 = ORIENTED_EDGE ( 'NONE', *, *, #3160, .F. ) ;
#4242 = ADVANCED_FACE ( 'NONE', ( #4085 ), #6247, .F. ) ;
#4243 = CARTESIAN_POINT ( 'NONE',  ( -2.839999999999947011, -2.640000000000017888, 19.74999999999999289 ) ) ;
#4244 = CARTESIAN_POINT ( 'NONE',  ( -5.379999999999999893, 0.000000000000000000, 19.99999999999999645 ) ) ;
#4245 = CARTESIAN_POINT ( 'NONE',  ( 0.000000000000000000, 0.000000000000000000, 15.69999999999999929 ) ) ;
#4246 = ORIENTED_EDGE ( 'NONE', *, *, #3483, .T. ) ;
#4247 = LINE ( 'NONE', #3146, #6940 ) ;
#4248 = DIRECTION ( 'NONE',  ( -0.000000000000000000, 0.000000000000000000, -1.000000000000000000 ) ) ;
#4249 = DIRECTION ( 'NONE',  ( -0.7071067811865425767, 0.000000000000000000, -0.7071067811865525687 ) ) ;
#4250 = CARTESIAN_POINT ( 'NONE',  ( 7.500000000000000000, -3.749999999999999112, 14.69999999999999751 ) ) ;
#4251 = CALENDAR_DATE ( 2026, 7, 4 ) ;
#4252 = ADVANCED_FACE ( 'NONE', ( #3787 ), #437, .T. ) ;
#4253 = CARTESIAN_POINT ( 'NONE',  ( 3.340000000000000302, -2.250000000000037748, 0.000000000000000000 ) ) ;
#4254 = PLANE ( 'NONE',  #93 ) ;
#4255 = LINE ( 'NONE', #1047, #2988 ) ;
#4256 = ORIENTED_EDGE ( 'NONE', *, *, #7033, .T. ) ;
#4257 = ORIENTED_EDGE ( 'NONE', *, *, #6825, .F. ) ;
#4258 = ORIENTED_EDGE ( 'NONE', *, *, #2424, .F. ) ;
#4259 = DIRECTION ( 'NONE',  ( -1.000000000000000000, 0.000000000000000000, 0.000000000000000000 ) ) ;
#4260 = DIRECTION ( 'NONE',  ( 0.5242684176640449722, -0.5242684176640450833, -0.6710329742122042029 ) ) ;
#4261 = LINE ( 'NONE', #4890, #2557 ) ;
#4262 = VECTOR ( 'NONE', #7031, 1000.000000000000000 ) ;
#4263 = CARTESIAN_POINT ( 'NONE',  ( -7.300000000000001599, -3.750000000000001776, 8.800000000000000711 ) ) ;
#4264 = ORIENTED_EDGE ( 'NONE', *, *, #5830, .T. ) ;
#4265 = FACE_OUTER_BOUND ( 'NONE', #3422, .T. ) ;
#4266 = ORIENTED_EDGE ( 'NONE', *, *, #3089, .F. ) ;
#4267 = DIRECTION ( 'NONE',  ( -2.409338161078899674E-16, -1.000000000000000000, 0.000000000000000000 ) ) ;
#4268 = EDGE_CURVE ( 'NONE', #240, #3700, #3582, .T. ) ;
#4269 = DIRECTION ( 'NONE',  ( 8.762697138485633533E-17, 0.7880107536067235685, 0.6156614753256562933 ) ) ;
#4270 = VERTEX_POINT ( 'NONE', #1073 ) ;
#4271 = ORIENTED_EDGE ( 'NONE', *, *, #3065, .F. ) ;
#4272 = DIRECTION ( 'NONE',  ( 0.000000000000000000, 1.000000000000000000, 0.000000000000000000 ) ) ;
#4273 = LINE ( 'NONE', #1559, #5106 ) ;
#4274 = CARTESIAN_POINT ( 'NONE',  ( 5.379999999999999893, 2.640000000000000568, 19.99999999999999645 ) ) ;
#4275 = EDGE_LOOP ( 'NONE', ( #5137, #5909, #3734, #4921 ) ) ;
#4276 = LINE ( 'NONE', #6380, #2972 ) ;
#4277 = DIRECTION ( 'NONE',  ( -1.000000000000000000, 0.000000000000000000, 0.000000000000000000 ) ) ;
#4278 = EDGE_CURVE ( 'NONE', #6719, #1781, #1639, .T. ) ;
#4279 = LINE ( 'NONE', #6443, #380 ) ;
#4280 = VERTEX_POINT ( 'NONE', #1529 ) ;
#4281 = LINE ( 'NONE', #2003, #3991 ) ;
#4282 = VECTOR ( 'NONE', #651, 1000.000000000000000 ) ;
#4283 = DIRECTION ( 'NONE',  ( 0.000000000000000000, -1.000000000000000000, 0.000000000000000000 ) ) ;
#4284 = PLANE ( 'NONE',  #2934 ) ;
#4285 = CARTESIAN_POINT ( 'NONE',  ( -2.240000000000000213, 0.000000000000000000, 14.69999999999999751 ) ) ;
#4286 = ORIENTED_EDGE ( 'NONE', *, *, #3709, .F. ) ;
#4287 = ADVANCED_FACE ( 'NONE', ( #1604 ), #3254, .F. ) ;
#4288 = ORIENTED_EDGE ( 'NONE', *, *, #463, .F. ) ;
#4289 = ORIENTED_EDGE ( 'NONE', *, *, #2336, .T. ) ;
#4290 = DIRECTION ( 'NONE',  ( 1.000000000000000000, 0.000000000000000000, 0.000000000000000000 ) ) ;
#4291 = AXIS2_PLACEMENT_3D ( 'NONE', #5033, #4433, #6601 ) ;
#4292 = DIRECTION ( 'NONE',  ( -0.000000000000000000, -0.000000000000000000, -1.000000000000000000 ) ) ;
#4293 = CARTESIAN_POINT ( 'NONE',  ( -1.150000000000062528, -3.856200122890594884, 8.800000000000000711 ) ) ;
#4294 = FACE_OUTER_BOUND ( 'NONE', #6822, .T. ) ;
#4295 = EDGE_CURVE ( 'NONE', #519, #3827, #2104, .T. ) ;
#4296 = ORIENTED_EDGE ( 'NONE', *, *, #2115, .F. ) ;
#4297 = LINE ( 'NONE', #3132, #5302 ) ;
#4298 = ORIENTED_EDGE ( 'NONE', *, *, #3204, .T. ) ;
#4299 = CARTESIAN_POINT ( 'NONE',  ( 5.380000000000053184, -2.439999999999999947, 19.99999999999999645 ) ) ;
#4300 = CARTESIAN_POINT ( 'NONE',  ( -0.04999999999994596267, -2.440000000000000391, 19.99999999999999645 ) ) ;
#4301 = EDGE_LOOP ( 'NONE', ( #2334, #2780, #106, #2686 ) ) ;
#4302 = ORIENTED_EDGE ( 'NONE', *, *, #669, .T. ) ;
#4303 = AXIS2_PLACEMENT_3D ( 'NONE', #813, #2989, #4093 ) ;
#4304 = CARTESIAN_POINT ( 'NONE',  ( -7.300000000000001599, -3.750000000000001776, 8.800000000000000711 ) ) ;
#4305 = EDGE_CURVE ( 'NONE', #1168, #5823, #6283, .T. ) ;
#4306 = LINE ( 'NONE', #6405, #3302 ) ;
#4307 = CARTESIAN_POINT ( 'NONE',  ( 3.690000000000000835, 2.243799877109404317, 8.800000000000000711 ) ) ;
#4308 = ORIENTED_EDGE ( 'NONE', *, *, #4859, .T. ) ;
#4309 = ORIENTED_EDGE ( 'NONE', *, *, #6700, .T. ) ;
#4310 = DIRECTION ( 'NONE',  ( -0.000000000000000000, -0.000000000000000000, -1.000000000000000000 ) ) ;
#4311 = AXIS2_PLACEMENT_3D ( 'NONE', #78, #6656, #681 ) ;
#4312 = DIRECTION ( 'NONE',  ( 0.000000000000000000, -1.000000000000000000, 0.000000000000000000 ) ) ;
#4313 = ORIENTED_EDGE ( 'NONE', *, *, #2922, .F. ) ;
#4314 = LINE ( 'NONE', #614, #232 ) ;
#4315 = APPROVAL_ROLE ( '' ) ;
#4316 = DIRECTION ( 'NONE',  ( 0.7071067811865474617, 5.110978055611247127E-16, -0.7071067811865474617 ) ) ;
#4317 = EDGE_CURVE ( 'NONE', #5789, #183, #6442, .T. ) ;
#4318 = LINE ( 'NONE', #5309, #5992 ) ;
#4319 = DIRECTION ( 'NONE',  ( 0.000000000000000000, 0.7071067811865502373, -0.7071067811865447972 ) ) ;
#4320 = ORIENTED_EDGE ( 'NONE', *, *, #1593, .F. ) ;
#4321 = VECTOR ( 'NONE', #2897, 1000.000000000000000 ) ;
#4322 = ORIENTED_EDGE ( 'NONE', *, *, #6955, .T. ) ;
#4323 = ORIENTED_EDGE ( 'NONE', *, *, #3210, .F. ) ;
#4324 = VECTOR ( 'NONE', #2647, 1000.000000000000000 ) ;
#4325 = LINE ( 'NONE', #5355, #3530 ) ;
#4326 = EDGE_CURVE ( 'NONE', #5353, #1781, #6478, .T. ) ;
#4327 = CARTESIAN_POINT ( 'NONE',  ( 9.500000000000000000, -3.750000000000000000, 11.09999999999999964 ) ) ;
#4328 = LINE ( 'NONE', #6963, #280 ) ;
#4329 = CARTESIAN_POINT ( 'NONE',  ( -5.379999999999999893, 2.639999999999964597, 19.99999999999999645 ) ) ;
#4330 = EDGE_LOOP ( 'NONE', ( #3629, #3095, #4838, #1379, #6434, #4430 ) ) ;
#4331 = AXIS2_PLACEMENT_3D ( 'NONE', #2000, #5089, #3003 ) ;
#4332 = CARTESIAN_POINT ( 'NONE',  ( -9.100000000000001421, -2.450000000000001954, 0.000000000000000000 ) ) ;
#4333 = ORIENTED_EDGE ( 'NONE', *, *, #5455, .F. ) ;
#4334 = EDGE_CURVE ( 'NONE', #4458, #3105, #577, .T. ) ;
#4335 = CARTESIAN_POINT ( 'NONE',  ( 8.699999999999997513, 2.949999999999999734, 15.69999999999999929 ) ) ;
#4336 = EDGE_CURVE ( 'NONE', #377, #3619, #2071, .T. ) ;
#4337 = CARTESIAN_POINT ( 'NONE',  ( -2.839999999999999858, 2.439999999999982183, 19.99999999999999645 ) ) ;
#4338 = ORIENTED_EDGE ( 'NONE', *, *, #2463, .F. ) ;
#4339 = VERTEX_POINT ( 'NONE', #6409 ) ;
#4340 = EDGE_LOOP ( 'NONE', ( #3737, #303, #665, #2842 ) ) ;
#4341 = EDGE_CURVE ( 'NONE', #3762, #4639, #4874, .T. ) ;
#4342 = LINE ( 'NONE', #1634, #6190 ) ;
#4343 = AXIS2_PLACEMENT_3D ( 'NONE', #101, #1163, #3804 ) ;
#4344 = DIRECTION ( 'NONE',  ( -0.000000000000000000, -0.000000000000000000, -1.000000000000000000 ) ) ;
#4345 = VECTOR ( 'NONE', #2755, 1000.000000000000000 ) ;
#4346 = ORIENTED_EDGE ( 'NONE', *, *, #2570, .T. ) ;
#4347 = LINE ( 'NONE', #6514, #4112 ) ;
#4348 = DIRECTION ( 'NONE',  ( 0.000000000000000000, -1.000000000000000000, 0.000000000000000000 ) ) ;
#4349 = ORIENTED_EDGE ( 'NONE', *, *, #145, .F. ) ;
#4350 = DIRECTION ( 'NONE',  ( -0.000000000000000000, -1.000000000000000000, -0.000000000000000000 ) ) ;
#4351 = CARTESIAN_POINT ( 'NONE',  ( 5.880000000000000782, 2.043799877109403695, 0.000000000000000000 ) ) ;
#4352 = DIRECTION ( 'NONE',  ( -0.000000000000000000, -0.000000000000000000, -1.000000000000000000 ) ) ;
#4353 = CARTESIAN_POINT ( 'NONE',  ( 2.240000000000000213, 2.640000000000000124, 19.74999999999999289 ) ) ;
#4354 = VERTEX_POINT ( 'NONE', #10 ) ;
#4355 = EDGE_CURVE ( 'NONE', #6732, #3318, #1498, .T. ) ;
#4356 = AXIS2_PLACEMENT_3D ( 'NONE', #3574, #1354, #3541 ) ;
#4357 = ORIENTED_EDGE ( 'NONE', *, *, #1159, .F. ) ;
#4358 = EDGE_CURVE ( 'NONE', #7042, #4864, #2721, .T. ) ;
#4359 = EDGE_LOOP ( 'NONE', ( #5015, #1063, #6714, #5505 ) ) ;
#4360 = DIRECTION ( 'NONE',  ( -0.000000000000000000, -0.000000000000000000, -1.000000000000000000 ) ) ;
#4361 = DIRECTION ( 'NONE',  ( 1.000000000000000000, 0.000000000000000000, 0.000000000000000000 ) ) ;
#4362 = DIRECTION ( 'NONE',  ( -0.000000000000000000, -0.000000000000000000, -1.000000000000000000 ) ) ;
#4363 = LINE ( 'NONE', #6531, #2483 ) ;
#4364 = ORIENTED_EDGE ( 'NONE', *, *, #5061, .T. ) ;
#4365 = ADVANCED_FACE ( 'NONE', ( #3713 ), #971, .F. ) ;
#4366 = DIRECTION ( 'NONE',  ( 1.000000000000000000, 0.000000000000000000, 0.000000000000000000 ) ) ;
#4367 = VECTOR ( 'NONE', #6736, 1000.000000000000114 ) ;
#4368 = ORIENTED_EDGE ( 'NONE', *, *, #2246, .F. ) ;
#4369 = CARTESIAN_POINT ( 'NONE',  ( 5.879999999999999893, -0.9499999999999999556, 1.400000000000009459 ) ) ;
#4370 = VECTOR ( 'NONE', #185, 1000.000000000000000 ) ;
#4371 = CARTESIAN_POINT ( 'NONE',  ( -3.340000000000000746, -2.043799877109405028, 0.000000000000000000 ) ) ;
#4372 = EDGE_LOOP ( 'NONE', ( #6319, #5938, #5987, #5090 ) ) ;
#4373 = EDGE_CURVE ( 'NONE', #1727, #1225, #5378, .T. ) ;
#4374 = ADVANCED_FACE ( 'NONE', ( #508 ), #2678, .T. ) ;
#4375 = AXIS2_PLACEMENT_3D ( 'NONE', #3800, #5890, #2725 ) ;
#4376 = ORIENTED_EDGE ( 'NONE', *, *, #6332, .T. ) ;
#4377 = VERTEX_POINT ( 'NONE', #6085 ) ;
#4378 = PLANE ( 'NONE',  #6869 ) ;
#4379 = LINE ( 'NONE', #1668, #1316 ) ;
#4380 = VERTEX_POINT ( 'NONE', #4456 ) ;
#4381 = CARTESIAN_POINT ( 'NONE',  ( 5.030000000000002913, 2.640000000000000124, 19.99999999999999645 ) ) ;
#4382 = LINE ( 'NONE', #4909, #5114 ) ;
#4383 = EDGE_CURVE ( 'NONE', #6492, #4841, #4943, .T. ) ;
#4384 = ADVANCED_FACE ( 'NONE', ( #611 ), #2283, .F. ) ;
#4385 = ORIENTED_EDGE ( 'NONE', *, *, #2993, .F. ) ;
#4386 = CARTESIAN_POINT ( 'NONE',  ( -7.799999999999998046, -0.9499999999999990674, 1.400000000000008793 ) ) ;
#4387 = LINE ( 'NONE', #6551, #392 ) ;
#4388 = DIRECTION ( 'NONE',  ( 1.000000000000000000, -1.112002228190260952E-16, 0.000000000000000000 ) ) ;
#4389 = LINE ( 'NONE', #4881, #4013 ) ;
#4390 = ORIENTED_EDGE ( 'NONE', *, *, #2499, .T. ) ;
#4391 = FACE_OUTER_BOUND ( 'NONE', #5561, .T. ) ;
#4392 = VERTEX_POINT ( 'NONE', #2853 ) ;
#4393 = VECTOR ( 'NONE', #2862, 1000.000000000000000 ) ;
#4394 = EDGE_LOOP ( 'NONE', ( #1764, #3715, #1132, #5967, #558 ) ) ;
#4395 = CARTESIAN_POINT ( 'NONE',  ( -9.500000000000001776, -3.850000000000001421, 10.19999999999999929 ) ) ;
#4396 = DIRECTION ( 'NONE',  ( -1.000000000000000000, -0.000000000000000000, -0.000000000000000000 ) ) ;
#4397 = DIRECTION ( 'NONE',  ( -0.7071067811865474617, 0.000000000000000000, -0.7071067811865474617 ) ) ;
#4398 = EDGE_CURVE ( 'NONE', #4060, #2434, #6621, .T. ) ;
#4399 = ORIENTED_EDGE ( 'NONE', *, *, #5061, .F. ) ;
#4400 = LINE ( 'NONE', #6605, #2146 ) ;
#4401 = ORIENTED_EDGE ( 'NONE', *, *, #4936, .F. ) ;
#4402 = PLANE ( 'NONE',  #1896 ) ;
#4403 = VECTOR ( 'NONE', #3836, 1000.000000000000000 ) ;
#4404 = VECTOR ( 'NONE', #2872, 1000.000000000000000 ) ;
#4405 = ORIENTED_EDGE ( 'NONE', *, *, #5759, .T. ) ;
#4406 = CARTESIAN_POINT ( 'NONE',  ( -5.379999999999947491, -2.440000000000035918, 19.74999999999999289 ) ) ;
#4407 = ADVANCED_FACE ( 'NONE', ( #1744 ), #1141, .F. ) ;
#4408 = VECTOR ( 'NONE', #2714, 1000.000000000000000 ) ;
#4409 = FACE_OUTER_BOUND ( 'NONE', #1844, .T. ) ;
#4410 = ORIENTED_EDGE ( 'NONE', *, *, #3382, .T. ) ;
#4411 = DIRECTION ( 'NONE',  ( -1.000000000000000000, -7.228014483236698528E-16, 0.000000000000000000 ) ) ;
#4412 = VERTEX_POINT ( 'NONE', #717 ) ;
#4413 = ORIENTED_EDGE ( 'NONE', *, *, #1925, .F. ) ;
#4414 = DIRECTION ( 'NONE',  ( 1.000000000000000000, -1.112002228190260952E-16, 0.000000000000000000 ) ) ;
#4415 = EDGE_CURVE ( 'NONE', #4240, #1278, #4491, .T. ) ;
#4416 = VERTEX_POINT ( 'NONE', #5618 ) ;
#4417 = CARTESIAN_POINT ( 'NONE',  ( -0.2999999999999470868, 0.000000000000000000, 14.69999999999999751 ) ) ;
#4418 = CARTESIAN_POINT ( 'NONE',  ( -9.100000000000001421, -3.750000000000001776, 8.800000000000000711 ) ) ;
#4419 = ORIENTED_EDGE ( 'NONE', *, *, #3222, .F. ) ;
#4420 = CARTESIAN_POINT ( 'NONE',  ( 0.000000000000000000, 0.000000000000000000, 19.99999999999999645 ) ) ;
#4421 = LINE ( 'NONE', #1211, #2551 ) ;
#4422 = LINE ( 'NONE', #5451, #1355 ) ;
#4423 = CARTESIAN_POINT ( 'NONE',  ( -2.839999999999999858, 0.000000000000000000, 14.69999999999999751 ) ) ;
#4424 = EDGE_CURVE ( 'NONE', #6220, #6870, #2892, .T. ) ;
#4425 = AXIS2_PLACEMENT_3D ( 'NONE', #6566, #2729, #25 ) ;
#4426 = ORIENTED_EDGE ( 'NONE', *, *, #663, .F. ) ;
#4427 = CARTESIAN_POINT ( 'NONE',  ( -1.149999999999999023, 2.243799877109404317, 0.000000000000000000 ) ) ;
#4429 = EDGE_LOOP ( 'NONE', ( #4296, #597, #6900, #2932 ) ) ;
#4428 = VECTOR ( 'NONE', #2852, 1000.000000000000000 ) ;
#4430 = ORIENTED_EDGE ( 'NONE', *, *, #3307, .T. ) ;
#4431 = CARTESIAN_POINT ( 'NONE',  ( 9.499999999999998224, 2.949999999999999734, 11.90000000000000568 ) ) ;
#4432 = EDGE_CURVE ( 'NONE', #6871, #1278, #2211, .T. ) ;
#4433 = DIRECTION ( 'NONE',  ( -8.762697138485634765E-17, -0.7880107536067236795, 0.6156614753256562933 ) ) ;
#4434 = CARTESIAN_POINT ( 'NONE',  ( 0.2999999999999999889, 0.000000000000000000, 19.99999999999999645 ) ) ;
#4435 = ORIENTED_EDGE ( 'NONE', *, *, #5104, .T. ) ;
#4436 = VECTOR ( 'NONE', #6693, 1000.000000000000000 ) ;
#4437 = DIRECTION ( 'NONE',  ( 0.000000000000000000, 0.000000000000000000, -1.000000000000000000 ) ) ;
#4438 = ORIENTED_EDGE ( 'NONE', *, *, #275, .T. ) ;
#4439 = AXIS2_PLACEMENT_3D ( 'NONE', #4493, #4621, #4558 ) ;
#4440 = CARTESIAN_POINT ( 'NONE',  ( 5.379999999999999005, 2.640000000000000568, 19.74999999999999645 ) ) ;
#4441 = EDGE_CURVE ( 'NONE', #1540, #4938, #2782, .T. ) ;
#4442 = VECTOR ( 'NONE', #4748, 1000.000000000000000 ) ;
#4443 = EDGE_LOOP ( 'NONE', ( #142, #4500, #4122, #5135 ) ) ;
#4444 = LINE ( 'NONE', #632, #1216 ) ;
#4445 = VECTOR ( 'NONE', #6171, 999.9999999999998863 ) ;
#4446 = PLANE ( 'NONE',  #3411 ) ;
#4447 = VECTOR ( 'NONE', #689, 999.9999999999998863 ) ;
#4448 = ORIENTED_EDGE ( 'NONE', *, *, #1413, .T. ) ;
#4449 = LINE ( 'NONE', #3919, #40 ) ;
#4450 = EDGE_CURVE ( 'NONE', #2913, #411, #4521, .T. ) ;
#4451 = EDGE_LOOP ( 'NONE', ( #2025, #5474, #2179, #2212 ) ) ;
#4452 = ORIENTED_EDGE ( 'NONE', *, *, #6547, .T. ) ;
#4453 = DIRECTION ( 'NONE',  ( 1.000000000000000000, 0.000000000000000000, 0.000000000000000000 ) ) ;
#4454 = ORIENTED_EDGE ( 'NONE', *, *, #6288, .F. ) ;
#4455 = DIRECTION ( 'NONE',  ( 0.7071067811865474617, 5.110978055611247127E-16, -0.7071067811865474617 ) ) ;
#4456 = CARTESIAN_POINT ( 'NONE',  ( -5.379999999999999893, 2.639999999999964597, 14.69999999999999751 ) ) ;
#4457 = EDGE_CURVE ( 'NONE', #5275, #4611, #4382, .T. ) ;
#4458 = VERTEX_POINT ( 'NONE', #182 ) ;
#4459 = FACE_OUTER_BOUND ( 'NONE', #3390, .T. ) ;
#4460 = CARTESIAN_POINT ( 'NONE',  ( 6.229999999999938254, -3.856200122890594884, 8.800000000000000711 ) ) ;
#4461 = VECTOR ( 'NONE', #1222, 1000.000000000000000 ) ;
#4462 = CARTESIAN_POINT ( 'NONE',  ( -7.300000000000002487, -2.450000000000001954, 8.800000000000000711 ) ) ;
#4463 = DIRECTION ( 'NONE',  ( -1.000000000000000000, 0.000000000000000000, 0.000000000000000000 ) ) ;
#4464 = ORIENTED_EDGE ( 'NONE', *, *, #5600, .T. ) ;
#4465 = DIRECTION ( 'NONE',  ( 1.000000000000000000, 0.000000000000000000, 0.000000000000000000 ) ) ;
#4466 = ORIENTED_EDGE ( 'NONE', *, *, #6554, .T. ) ;
#4467 = ADVANCED_FACE ( 'NONE', ( #6119 ), #6014, .F. ) ;
#4468 = ORIENTED_EDGE ( 'NONE', *, *, #5828, .T. ) ;
#4469 = DIRECTION ( 'NONE',  ( -0.000000000000000000, -0.000000000000000000, -1.000000000000000000 ) ) ;
#4470 = LINE ( 'NONE', #4958, #5875 ) ;
#4471 = LINE ( 'NONE', #2368, #6957 ) ;
#4472 = EDGE_LOOP ( 'NONE', ( #4678, #807, #4763, #3985 ) ) ;
#4473 = LINE ( 'NONE', #136, #5439 ) ;
#4474 = ORIENTED_EDGE ( 'NONE', *, *, #332, .T. ) ;
#4475 = ADVANCED_FACE ( 'NONE', ( #5513 ), #5585, .F. ) ;
#4476 = CARTESIAN_POINT ( 'NONE',  ( 1.295000000000026352, -2.640000000000000568, 21.29500000000002302 ) ) ;
#4477 = ADVANCED_FACE ( 'NONE', ( #1813 ), #1709, .F. ) ;
#4478 = VERTEX_POINT ( 'NONE', #116 ) ;
#4479 = LINE ( 'NONE', #5072, #6894 ) ;
#4480 = DIRECTION ( 'NONE',  ( 0.000000000000000000, -1.000000000000000000, 0.000000000000000000 ) ) ;
#4481 = ORIENTED_EDGE ( 'NONE', *, *, #2466, .T. ) ;
#4482 = CARTESIAN_POINT ( 'NONE',  ( 6.229999999999938254, -3.856200122890594884, 0.000000000000000000 ) ) ;
#4483 = ORIENTED_EDGE ( 'NONE', *, *, #6343, .F. ) ;
#4484 = ORIENTED_EDGE ( 'NONE', *, *, #2850, .F. ) ;
#4485 = AXIS2_PLACEMENT_3D ( 'NONE', #3532, #1919, #5152 ) ;
#4486 = DIRECTION ( 'NONE',  ( -1.000000000000000000, 1.112002228190260952E-16, 0.000000000000000000 ) ) ;
#4487 = EDGE_CURVE ( 'NONE', #5823, #2371, #3993, .T. ) ;
#4488 = ORIENTED_EDGE ( 'NONE', *, *, #1769, .T. ) ;
#4489 = CARTESIAN_POINT ( 'NONE',  ( 0.000000000000000000, 0.000000000000000000, 19.99999999999999645 ) ) ;
#4490 = VECTOR ( 'NONE', #4646, 1000.000000000000000 ) ;
#4491 = LINE ( 'NONE', #3325, #1808 ) ;
#4492 = ORIENTED_EDGE ( 'NONE', *, *, #5214, .T. ) ;
#4493 = CARTESIAN_POINT ( 'NONE',  ( -7.799999999999998046, 0.9500000000000009548, 1.400000000000008793 ) ) ;
#4494 = DIRECTION ( 'NONE',  ( 0.000000000000000000, -0.000000000000000000, 1.000000000000000000 ) ) ;
#4495 = LINE ( 'NONE', #2216, #4997 ) ;
#4496 = LINE ( 'NONE', #3464, #2804 ) ;
#4497 = EDGE_CURVE ( 'NONE', #579, #6285, #6548, .T. ) ;
#4498 = EDGE_LOOP ( 'NONE', ( #3017, #313, #5070, #4725 ) ) ;
#4499 = CARTESIAN_POINT ( 'NONE',  ( -5.379999999999947491, -2.440000000000035918, 19.74999999999999289 ) ) ;
#4500 = ORIENTED_EDGE ( 'NONE', *, *, #5288, .F. ) ;
#4501 = ORIENTED_EDGE ( 'NONE', *, *, #464, .T. ) ;
#4502 = DIRECTION ( 'NONE',  ( 0.000000000000000000, -1.000000000000000000, 0.000000000000000000 ) ) ;
#4503 = FACE_BOUND ( 'NONE', #1368, .T. ) ;
#4504 = PLANE ( 'NONE',  #484 ) ;
#4505 = ADVANCED_FACE ( 'NONE', ( #1672 ), #6264, .F. ) ;
#4506 = ORIENTED_EDGE ( 'NONE', *, *, #551, .T. ) ;
#4507 = DIRECTION ( 'NONE',  ( 0.000000000000000000, 0.000000000000000000, -1.000000000000000000 ) ) ;
#4508 = VERTEX_POINT ( 'NONE', #2995 ) ;
#4509 = DIRECTION ( 'NONE',  ( -1.000000000000000000, 1.112002228190260952E-16, 0.000000000000000000 ) ) ;
#4510 = ORIENTED_EDGE ( 'NONE', *, *, #5158, .T. ) ;
#4511 = CARTESIAN_POINT ( 'NONE',  ( 0.04999999999999975298, 2.640000000000000124, 19.99999999999999645 ) ) ;
#4512 = VECTOR ( 'NONE', #5336, 1000.000000000000000 ) ;
#4513 = ADVANCED_FACE ( 'NONE', ( #6191 ), #1343, .F. ) ;
#4514 = DIRECTION ( 'NONE',  ( 0.000000000000000000, 0.000000000000000000, -1.000000000000000000 ) ) ;
#4515 = EDGE_LOOP ( 'NONE', ( #688, #4537, #1090, #5216 ) ) ;
#4516 = PLANE ( 'NONE',  #5826 ) ;
#4517 = ORIENTED_EDGE ( 'NONE', *, *, #6973, .T. ) ;
#4518 = DIRECTION ( 'NONE',  ( -1.000000000000000000, -0.000000000000000000, -0.000000000000000000 ) ) ;
#4519 = AXIS2_PLACEMENT_3D ( 'NONE', #5004, #4968, #2270 ) ;
#4520 = LINE ( 'NONE', #4417, #1348 ) ;
#4521 = LINE ( 'NONE', #2816, #2486 ) ;
#4522 = ORIENTED_EDGE ( 'NONE', *, *, #2690, .F. ) ;
#4523 = EDGE_CURVE ( 'NONE', #234, #2488, #2959, .T. ) ;
#4524 = DIRECTION ( 'NONE',  ( -0.7071067811865474617, -0.000000000000000000, 0.7071067811865474617 ) ) ;
#4525 = PLANE ( 'NONE',  #4151 ) ;
#4526 = CARTESIAN_POINT ( 'NONE',  ( 2.590000000000052705, -2.640000000000000568, 19.99999999999999645 ) ) ;
#4527 = LINE ( 'NONE', #5555, #4282 ) ;
#4528 = ORIENTED_EDGE ( 'NONE', *, *, #6554, .F. ) ;
#4529 = DIRECTION ( 'NONE',  ( 0.000000000000000000, -1.000000000000000000, 0.000000000000000000 ) ) ;
#4530 = ORIENTED_EDGE ( 'NONE', *, *, #6570, .F. ) ;
#4531 = EDGE_CURVE ( 'NONE', #6403, #1821, #5148, .T. ) ;
#4532 = ORIENTED_EDGE ( 'NONE', *, *, #4026, .F. ) ;
#4533 = CARTESIAN_POINT ( 'NONE',  ( 3.930000000000001048, 2.243799877109404317, 8.800000000000000711 ) ) ;
#4534 = AXIS2_PLACEMENT_3D ( 'NONE', #5788, #3201, #1479 ) ;
#4535 = CARTESIAN_POINT ( 'NONE',  ( -2.589999999999946123, -2.440000000000017266, 19.99999999999999645 ) ) ;
#4536 = CARTESIAN_POINT ( 'NONE',  ( -5.029999999999947846, 0.000000000000000000, 19.99999999999999645 ) ) ;
#4537 = ORIENTED_EDGE ( 'NONE', *, *, #1791, .F. ) ;
#4538 = DIRECTION ( 'NONE',  ( 0.000000000000000000, 0.000000000000000000, 1.000000000000000000 ) ) ;
#4539 = AXIS2_PLACEMENT_3D ( 'NONE', #3550, #2912, #1797 ) ;
#4540 = ORIENTED_EDGE ( 'NONE', *, *, #2886, .T. ) ;
#4541 = ADVANCED_FACE ( 'NONE', ( #212 ), #6827, .F. ) ;
#4542 = VERTEX_POINT ( 'NONE', #1956 ) ;
#4543 = FACE_OUTER_BOUND ( 'NONE', #4663, .T. ) ;
#4544 = VECTOR ( 'NONE', #5243, 1000.000000000000000 ) ;
#4545 = AXIS2_PLACEMENT_3D ( 'NONE', #5121, #3032, #2529 ) ;
#4546 = DIRECTION ( 'NONE',  ( 0.000000000000000000, 0.000000000000000000, -1.000000000000000000 ) ) ;
#4547 = VERTEX_POINT ( 'NONE', #6722 ) ;
#4548 = AXIS2_PLACEMENT_3D ( 'NONE', #92, #5562, #4993 ) ;
#4549 = DIRECTION ( 'NONE',  ( 0.7071067811865474617, 5.110978055611248113E-16, -0.7071067811865474617 ) ) ;
#4550 = EDGE_LOOP ( 'NONE', ( #8, #1663, #5640, #5997, #634, #831, #2720, #1164, #3835, #3867, #4510, #3907 ) ) ;
#4551 = EDGE_CURVE ( 'NONE', #169, #4992, #1846, .T. ) ;
#4552 = VECTOR ( 'NONE', #2036, 1000.000000000000000 ) ;
#4553 = CARTESIAN_POINT ( 'NONE',  ( -4.280000000000000249, -2.250000000000037748, 8.800000000000000711 ) ) ;
#4554 = CARTESIAN_POINT ( 'NONE',  ( 0.8000000000000003775, 0.9499999999999999556, 8.800000000000000711 ) ) ;
#4555 = EDGE_CURVE ( 'NONE', #6515, #1032, #2525, .T. ) ;
#4556 = EDGE_CURVE ( 'NONE', #4015, #26, #5797, .T. ) ;
#4557 = ORIENTED_EDGE ( 'NONE', *, *, #1679, .T. ) ;
#4558 = DIRECTION ( 'NONE',  ( 1.000000000000000000, -1.112002228190260952E-16, 0.000000000000000000 ) ) ;
#4559 = DIRECTION ( 'NONE',  ( -0.000000000000000000, -1.000000000000000000, -0.000000000000000000 ) ) ;
#4560 = CARTESIAN_POINT ( 'NONE',  ( -9.500000000000001776, 3.849999999999999201, 0.000000000000000000 ) ) ;
#4561 = CARTESIAN_POINT ( 'NONE',  ( -1.150000000000062528, -2.250000000000037748, 0.000000000000000000 ) ) ;
#4562 = ORIENTED_EDGE ( 'NONE', *, *, #79, .F. ) ;
#4563 = PLANE ( 'NONE',  #2055 ) ;
#4564 = VERTEX_POINT ( 'NONE', #3565 ) ;
#4565 = ORIENTED_EDGE ( 'NONE', *, *, #1889, .F. ) ;
#4566 = DIRECTION ( 'NONE',  ( 1.000000000000000000, 0.000000000000000000, 0.000000000000000000 ) ) ;
#4567 = CARTESIAN_POINT ( 'NONE',  ( 3.340000000000000302, -3.650000000000018563, 8.800000000000000711 ) ) ;
#4568 = DIRECTION ( 'NONE',  ( -1.000000000000000000, 0.000000000000000000, 0.000000000000000000 ) ) ;
#4569 = ORIENTED_EDGE ( 'NONE', *, *, #5658, .F. ) ;
#4570 = EDGE_CURVE ( 'NONE', #2543, #704, #890, .T. ) ;
#4571 = EDGE_CURVE ( 'NONE', #5002, #3206, #853, .T. ) ;
#4572 = PLANE ( 'NONE',  #4205 ) ;
#4573 = ORIENTED_EDGE ( 'NONE', *, *, #439, .T. ) ;
#4574 = ORIENTED_EDGE ( 'NONE', *, *, #6155, .T. ) ;
#4575 = CARTESIAN_POINT ( 'NONE',  ( -7.799999999999998046, -0.9499999999999990674, 8.800000000000000711 ) ) ;
#4576 = LINE ( 'NONE', #1906, #2467 ) ;
#4577 = EDGE_CURVE ( 'NONE', #4109, #1602, #5761, .T. ) ;
#4578 = DIRECTION ( 'NONE',  ( -6.672013369141568175E-16, 1.000000000000000000, 0.000000000000000000 ) ) ;
#4579 = VECTOR ( 'NONE', #603, 1000.000000000000000 ) ;
#4580 = ORIENTED_EDGE ( 'NONE', *, *, #4065, .T. ) ;
#4581 = LINE ( 'NONE', #815, #3935 ) ;
#4582 = EDGE_LOOP ( 'NONE', ( #6775, #4483, #81, #5194 ) ) ;
#4583 = DIRECTION ( 'NONE',  ( -0.000000000000000000, -0.000000000000000000, -1.000000000000000000 ) ) ;
#4584 = CARTESIAN_POINT ( 'NONE',  ( 4.280000000000001137, 0.9500000000000000666, 1.400000000000008127 ) ) ;
#4585 = ORIENTED_EDGE ( 'NONE', *, *, #3690, .F. ) ;
#4586 = AXIS2_PLACEMENT_3D ( 'NONE', #6804, #1323, #2540 ) ;
#4587 = CARTESIAN_POINT ( 'NONE',  ( -8.700000000000001066, 3.750000000000000000, 15.69999999999999929 ) ) ;
#4588 = CARTESIAN_POINT ( 'NONE',  ( 4.280000000000001137, -3.650000000000036326, 0.000000000000000000 ) ) ;
#4589 = DIRECTION ( 'NONE',  ( -1.000000000000000000, -7.228014483236698528E-16, 0.000000000000000000 ) ) ;
#4590 = DIRECTION ( 'NONE',  ( 0.000000000000000000, -0.000000000000000000, -1.000000000000000000 ) ) ;
#4591 = EDGE_CURVE ( 'NONE', #979, #5799, #354, .T. ) ;
#4592 = ORIENTED_EDGE ( 'NONE', *, *, #6268, .T. ) ;
#4593 = DIRECTION ( 'NONE',  ( 0.000000000000000000, 1.000000000000000000, 0.000000000000000000 ) ) ;
#4594 = EDGE_CURVE ( 'NONE', #6453, #4174, #3029, .T. ) ;
#4595 = CARTESIAN_POINT ( 'NONE',  ( -0.2999999999999999889, 2.640000000000000124, 19.74999999999999289 ) ) ;
#4596 = VERTEX_POINT ( 'NONE', #1416 ) ;
#4597 = DIRECTION ( 'NONE',  ( -0.000000000000000000, -0.000000000000000000, -1.000000000000000000 ) ) ;
#4598 =( LENGTH_UNIT ( ) NAMED_UNIT ( * ) SI_UNIT ( .MILLI., .METRE. ) );
#4599 = CARTESIAN_POINT ( 'NONE',  ( -5.879999999999999893, -2.043799877109404584, 0.000000000000000000 ) ) ;
#4600 = DIRECTION ( 'NONE',  ( 0.000000000000000000, -0.000000000000000000, -1.000000000000000000 ) ) ;
#4601 = CARTESIAN_POINT ( 'NONE',  ( 3.690000000000000835, 2.243799877109404317, 8.800000000000000711 ) ) ;
#4602 = ORIENTED_EDGE ( 'NONE', *, *, #1027, .F. ) ;
#4603 = LINE ( 'NONE', #5636, #5556 ) ;
#4604 = ORIENTED_EDGE ( 'NONE', *, *, #421, .F. ) ;
#4605 = ORIENTED_EDGE ( 'NONE', *, *, #1838, .F. ) ;
#4606 = ORIENTED_EDGE ( 'NONE', *, *, #3473, .T. ) ;
#4607 = DIRECTION ( 'NONE',  ( 1.000000000000000000, 0.000000000000000000, 0.000000000000000000 ) ) ;
#4608 = ADVANCED_FACE ( 'NONE', ( #4691 ), #4617, .F. ) ;
#4609 = LINE ( 'NONE', #4680, #992 ) ;
#4610 = DIRECTION ( 'NONE',  ( 0.000000000000000000, -0.000000000000000000, 1.000000000000000000 ) ) ;
#4611 = VERTEX_POINT ( 'NONE', #6861 ) ;
#4612 = CARTESIAN_POINT ( 'NONE',  ( 9.500000000000001776, 2.100000000000000089, 15.69999999999999929 ) ) ;
#4613 = VERTEX_POINT ( 'NONE', #1991 ) ;
#4614 = VECTOR ( 'NONE', #1388, 1000.000000000000000 ) ;
#4615 = EDGE_CURVE ( 'NONE', #4564, #605, #1450, .T. ) ;
#4616 = CARTESIAN_POINT ( 'NONE',  ( 1.390000000000001013, 3.849999999999961897, 8.800000000000000711 ) ) ;
#4617 = PLANE ( 'NONE',  #5686 ) ;
#4618 = VERTEX_POINT ( 'NONE', #316 ) ;
#4619 = ADVANCED_FACE ( 'NONE', ( #4138 ), #4171, .F. ) ;
#4620 = VECTOR ( 'NONE', #3590, 1000.000000000000000 ) ;
#4621 = DIRECTION ( 'NONE',  ( 8.762697138485633533E-17, 0.7880107536067235685, 0.6156614753256562933 ) ) ;
#4622 = CARTESIAN_POINT ( 'NONE',  ( 0.05000000000005266204, 0.000000000000000000, 19.99999999999999645 ) ) ;
#4623 = DIRECTION ( 'NONE',  ( 0.000000000000000000, 0.000000000000000000, -1.000000000000000000 ) ) ;
#4624 = DIRECTION ( 'NONE',  ( 1.000000000000000000, 0.000000000000000000, -0.000000000000000000 ) ) ;
#4625 = ORIENTED_EDGE ( 'NONE', *, *, #3271, .T. ) ;
#4626 = CARTESIAN_POINT ( 'NONE',  ( -0.7999999999999999334, 2.243799877109404317, 0.000000000000000000 ) ) ;
#4627 = AXIS2_PLACEMENT_3D ( 'NONE', #5096, #1862, #4600 ) ;
#4628 = VERTEX_POINT ( 'NONE', #5255 ) ;
#4629 = EDGE_CURVE ( 'NONE', #1095, #5002, #390, .T. ) ;
#4630 = ADVANCED_FACE ( 'NONE', ( #4203 ), #3101, .T. ) ;
#4631 = CARTESIAN_POINT ( 'NONE',  ( 2.840000000000053149, 0.000000000000000000, 19.74999999999999645 ) ) ;
#4632 = CARTESIAN_POINT ( 'NONE',  ( -6.230000000000063487, -2.250000000000037748, 0.000000000000000000 ) ) ;
#4633 = EDGE_CURVE ( 'NONE', #1761, #1446, #2022, .T. ) ;
#4634 = FACE_OUTER_BOUND ( 'NONE', #2123, .T. ) ;
#4635 = CARTESIAN_POINT ( 'NONE',  ( 5.880000000000000782, -2.043799877109406360, 0.000000000000000000 ) ) ;
#4636 = DIRECTION ( 'NONE',  ( -0.000000000000000000, -1.000000000000000000, -0.000000000000000000 ) ) ;
#4637 = ORIENTED_EDGE ( 'NONE', *, *, #5406, .F. ) ;
#4638 = DIRECTION ( 'NONE',  ( 0.000000000000000000, 0.000000000000000000, 1.000000000000000000 ) ) ;
#4639 = VERTEX_POINT ( 'NONE', #5663 ) ;
#4640 = VECTOR ( 'NONE', #5320, 1000.000000000000000 ) ;
#4641 = ORIENTED_EDGE ( 'NONE', *, *, #3915, .F. ) ;
#4642 = ADVANCED_FACE ( 'NONE', ( #4115 ), #1859, .T. ) ;
#4643 = ORIENTED_EDGE ( 'NONE', *, *, #5948, .F. ) ;
#4644 = CARTESIAN_POINT ( 'NONE',  ( 1.763635533909777677E-15, -2.440000000000031921, 14.69999999999999751 ) ) ;
#4645 = PLANE ( 'NONE',  #5764 ) ;
#4646 = DIRECTION ( 'NONE',  ( -1.000000000000000000, -0.000000000000000000, -0.000000000000000000 ) ) ;
#4647 = VECTOR ( 'NONE', #4132, 1000.000000000000000 ) ;
#4648 = DIRECTION ( 'NONE',  ( 1.000000000000000000, 0.000000000000000000, 0.000000000000000000 ) ) ;
#4649 = ORIENTED_EDGE ( 'NONE', *, *, #3389, .T. ) ;
#4650 = DIRECTION ( 'NONE',  ( 1.000000000000000000, 7.228014483236698528E-16, 0.000000000000000000 ) ) ;
#4651 = VECTOR ( 'NONE', #1308, 1000.000000000000000 ) ;
#4652 = EDGE_LOOP ( 'NONE', ( #1548, #4390, #3583, #6930, #3620 ) ) ;
#4653 = DIRECTION ( 'NONE',  ( -1.000000000000000000, -1.369518533665900312E-16, 0.000000000000000000 ) ) ;
#4654 = VECTOR ( 'NONE', #218, 1000.000000000000000 ) ;
#4655 = CARTESIAN_POINT ( 'NONE',  ( -1.150000000000062528, -3.856200122890594884, 0.000000000000000000 ) ) ;
#4656 = ADVANCED_FACE ( 'NONE', ( #6135 ), #832, .F. ) ;
#4657 = VERTEX_POINT ( 'NONE', #1357 ) ;
#4658 = VECTOR ( 'NONE', #6791, 1000.000000000000000 ) ;
#4659 = CARTESIAN_POINT ( 'NONE',  ( 1.149999999999937517, -2.250000000000037748, 0.000000000000000000 ) ) ;
#4660 = FACE_OUTER_BOUND ( 'NONE', #1424, .T. ) ;
#4661 = CARTESIAN_POINT ( 'NONE',  ( -1.389999999999998792, 2.243799877109404317, 8.800000000000000711 ) ) ;
#4662 = CARTESIAN_POINT ( 'NONE',  ( 1.390000000000001013, 2.243799877109404317, 8.800000000000000711 ) ) ;
#4663 = EDGE_LOOP ( 'NONE', ( #3777, #1205, #3803, #6507, #5538 ) ) ;
#4664 = CARTESIAN_POINT ( 'NONE',  ( 3.930000000000001048, 2.243799877109404317, 8.800000000000000711 ) ) ;
#4665 = VECTOR ( 'NONE', #926, 1000.000000000000000 ) ;
#4666 = ADVANCED_FACE ( 'NONE', ( #3041 ), #4043, .F. ) ;
#4667 = VECTOR ( 'NONE', #51, 1000.000000000000000 ) ;
#4668 = FACE_OUTER_BOUND ( 'NONE', #1106, .T. ) ;
#4669 = DIRECTION ( 'NONE',  ( -0.000000000000000000, -1.000000000000000000, -0.000000000000000000 ) ) ;
#4670 = CARTESIAN_POINT ( 'NONE',  ( -9.100000000000001421, 2.450000000000001954, 0.000000000000000000 ) ) ;
#4671 = FACE_OUTER_BOUND ( 'NONE', #6294, .T. ) ;
#4672 = LINE ( 'NONE', #5741, #2818 ) ;
#4673 = DIRECTION ( 'NONE',  ( 1.000000000000000000, -0.000000000000000000, 0.000000000000000000 ) ) ;
#4674 = VERTEX_POINT ( 'NONE', #5598 ) ;
#4675 = ADVANCED_FACE ( 'NONE', ( #4006 ), #3577, .F. ) ;
#4676 = ORIENTED_EDGE ( 'NONE', *, *, #2922, .T. ) ;
#4677 = EDGE_LOOP ( 'NONE', ( #873, #227, #6765, #3469 ) ) ;
#4678 = ORIENTED_EDGE ( 'NONE', *, *, #1889, .T. ) ;
#4679 = LINE ( 'NONE', #6215, #4544 ) ;
#4681 = VECTOR ( 'NONE', #959, 1000.000000000000000 ) ;
#4680 = CARTESIAN_POINT ( 'NONE',  ( -9.500000000000001776, 2.949999999999999289, 10.19999999999999929 ) ) ;
#4682 = DIRECTION ( 'NONE',  ( 1.000000000000000000, 0.000000000000000000, 0.000000000000000000 ) ) ;
#4683 = VECTOR ( 'NONE', #5848, 1000.000000000000000 ) ;
#4684 = DIRECTION ( 'NONE',  ( -0.000000000000000000, -0.000000000000000000, -1.000000000000000000 ) ) ;
#4685 = EDGE_CURVE ( 'NONE', #6882, #5442, #1321, .T. ) ;
#4686 = ORIENTED_EDGE ( 'NONE', *, *, #6825, .T. ) ;
#4687 = DIRECTION ( 'NONE',  ( 0.000000000000000000, 0.000000000000000000, -1.000000000000000000 ) ) ;
#4688 = ORIENTED_EDGE ( 'NONE', *, *, #3483, .F. ) ;
#4689 = VECTOR ( 'NONE', #3952, 1000.000000000000000 ) ;
#4690 = CARTESIAN_POINT ( 'NONE',  ( -5.879999999999999893, -2.250000000000037748, 8.800000000000000711 ) ) ;
#4691 = FACE_OUTER_BOUND ( 'NONE', #641, .T. ) ;
#4692 = LINE ( 'NONE', #5220, #6838 ) ;
#4693 = ORIENTED_EDGE ( 'NONE', *, *, #600, .T. ) ;
#4694 = DIRECTION ( 'NONE',  ( -1.000000000000000000, 0.000000000000000000, 0.000000000000000000 ) ) ;
#4695 = CARTESIAN_POINT ( 'NONE',  ( -9.100000000000001421, 3.750000000000001776, 0.000000000000000000 ) ) ;
#4696 = EDGE_CURVE ( 'NONE', #6586, #3810, #1290, .T. ) ;
#4697 = PLANE ( 'NONE',  #1470 ) ;
#4698 = FACE_OUTER_BOUND ( 'NONE', #814, .T. ) ;
#4699 = ORIENTED_EDGE ( 'NONE', *, *, #720, .T. ) ;
#4700 = LINE ( 'NONE', #1353, #6489 ) ;
#4701 = CARTESIAN_POINT ( 'NONE',  ( 3.689999999999937774, -3.856200122890594884, 8.800000000000000711 ) ) ;
#4702 = CARTESIAN_POINT ( 'NONE',  ( 5.379999999999999893, 2.439999999999999947, 19.74999999999999645 ) ) ;
#4703 = DATE_AND_TIME ( #3651, #3155 ) ;
#4704 = VECTOR ( 'NONE', #2251, 1000.000000000000000 ) ;
#4705 = LINE ( 'NONE', #6878, #6185 ) ;
#4706 = EDGE_CURVE ( 'NONE', #5635, #6214, #261, .T. ) ;
#4707 = LINE ( 'NONE', #407, #428 ) ;
#4708 = CYLINDRICAL_SURFACE ( 'NONE', #2186, 0.8000000000000003775 ) ;
#4709 = ORIENTED_EDGE ( 'NONE', *, *, #6700, .F. ) ;
#4710 = AXIS2_PLACEMENT_3D ( 'NONE', #3591, #3128, #880 ) ;
#4711 = ORIENTED_EDGE ( 'NONE', *, *, #4355, .F. ) ;
#4712 = ORIENTED_EDGE ( 'NONE', *, *, #1005, .T. ) ;
#4713 = CARTESIAN_POINT ( 'NONE',  ( -6.229999999999999538, 2.243799877109404317, 0.000000000000000000 ) ) ;
#4714 = EDGE_CURVE ( 'NONE', #1602, #7028, #3437, .T. ) ;
#4715 = DIRECTION ( 'NONE',  ( 0.000000000000000000, -1.000000000000000000, 0.000000000000000000 ) ) ;
#4716 = CARTESIAN_POINT ( 'NONE',  ( -3.340000000000000302, -2.250000000000037748, 8.800000000000000711 ) ) ;
#4717 = DIRECTION ( 'NONE',  ( -0.7071067811865474617, -0.000000000000000000, 0.7071067811865474617 ) ) ;
#4718 = ORIENTED_EDGE ( 'NONE', *, *, #4033, .F. ) ;
#4719 = DIRECTION ( 'NONE',  ( -1.000000000000000000, 0.000000000000000000, 0.000000000000000000 ) ) ;
#4720 = ORIENTED_EDGE ( 'NONE', *, *, #1116, .T. ) ;
#4721 = EDGE_CURVE ( 'NONE', #4841, #5398, #1394, .T. ) ;
#4722 = PLANE ( 'NONE',  #6581 ) ;
#4723 = DIRECTION ( 'NONE',  ( 0.000000000000000000, -0.000000000000000000, 1.000000000000000000 ) ) ;
#4724 = CARTESIAN_POINT ( 'NONE',  ( -7.799999999999998046, 0.9500000000000009548, 8.800000000000000711 ) ) ;
#4725 = ORIENTED_EDGE ( 'NONE', *, *, #5687, .T. ) ;
#4726 = ORIENTED_EDGE ( 'NONE', *, *, #1915, .F. ) ;
#4727 = CARTESIAN_POINT ( 'NONE',  ( 1.149999999999937517, -3.856200122890594884, 8.800000000000000711 ) ) ;
#4728 = LINE ( 'NONE', #3107, #5108 ) ;
#4729 = DIRECTION ( 'NONE',  ( -0.000000000000000000, -0.6156614753256562933, 0.7880107536067235685 ) ) ;
#4730 = DIRECTION ( 'NONE',  ( 7.228014483236698528E-16, -1.000000000000000000, 0.000000000000000000 ) ) ;
#4731 = VERTEX_POINT ( 'NONE', #1826 ) ;
#4732 = DIRECTION ( 'NONE',  ( -0.000000000000000000, -0.000000000000000000, -1.000000000000000000 ) ) ;
#4733 = VECTOR ( 'NONE', #2019, 1000.000000000000000 ) ;
#4734 = CARTESIAN_POINT ( 'NONE',  ( 4.280000000000001137, -3.650000000000036326, 8.800000000000000711 ) ) ;
#4735 = EDGE_CURVE ( 'NONE', #6978, #2944, #294, .T. ) ;
#4736 = AXIS2_PLACEMENT_3D ( 'NONE', #4194, #4715, #2548 ) ;
#4737 = DIRECTION ( 'NONE',  ( 0.000000000000000000, 1.000000000000000000, 0.000000000000000000 ) ) ;
#4738 = DATE_TIME_ROLE ( 'creation_date' ) ;
#4739 = DIRECTION ( 'NONE',  ( 8.762697138485633533E-17, 0.7880107536067235685, 0.6156614753256562933 ) ) ;
#4740 = DIRECTION ( 'NONE',  ( 0.000000000000000000, 1.000000000000000000, 0.000000000000000000 ) ) ;
#4741 = PLANE ( 'NONE',  #3100 ) ;
#4742 = AXIS2_PLACEMENT_3D ( 'NONE', #4846, #4778, #942 ) ;
#4743 = ORIENTED_EDGE ( 'NONE', *, *, #4295, .F. ) ;
#4744 = ORIENTED_EDGE ( 'NONE', *, *, #2728, .T. ) ;
#4745 = EDGE_CURVE ( 'NONE', #839, #36, #3471, .T. ) ;
#4746 = VECTOR ( 'NONE', #4044, 1000.000000000000000 ) ;
#4747 = ORIENTED_EDGE ( 'NONE', *, *, #3752, .T. ) ;
#4748 = DIRECTION ( 'NONE',  ( -0.000000000000000000, 0.6156614753256561823, 0.7880107536067235685 ) ) ;
#4749 = DIRECTION ( 'NONE',  ( -1.000000000000000000, 1.112002228190260952E-16, 0.000000000000000000 ) ) ;
#4750 = DIRECTION ( 'NONE',  ( -0.000000000000000000, -1.000000000000000000, -0.000000000000000000 ) ) ;
#4751 = DIRECTION ( 'NONE',  ( 1.000000000000000000, 0.000000000000000000, 0.000000000000000000 ) ) ;
#4752 = ORIENTED_EDGE ( 'NONE', *, *, #855, .F. ) ;
#4753 = EDGE_CURVE ( 'NONE', #1835, #6882, #6703, .T. ) ;
#4754 = LINE ( 'NONE', #5858, #88 ) ;
#4755 = VERTEX_POINT ( 'NONE', #760 ) ;
#4756 = VECTOR ( 'NONE', #4514, 1000.000000000000000 ) ;
#4757 = LINE ( 'NONE', #6934, #6468 ) ;
#4758 = VECTOR ( 'NONE', #3992, 1000.000000000000000 ) ;
#4759 = DIRECTION ( 'NONE',  ( -1.000000000000000000, -0.000000000000000000, -0.000000000000000000 ) ) ;
#4760 = EDGE_CURVE ( 'NONE', #2256, #5039, #1930, .T. ) ;
#4761 = EDGE_CURVE ( 'NONE', #6081, #755, #2400, .T. ) ;
#4762 = ORIENTED_EDGE ( 'NONE', *, *, #1173, .F. ) ;
#4763 = ORIENTED_EDGE ( 'NONE', *, *, #2744, .F. ) ;
#4764 = DIRECTION ( 'NONE',  ( -0.000000000000000000, -0.000000000000000000, -1.000000000000000000 ) ) ;
#4765 = DIRECTION ( 'NONE',  ( 0.000000000000000000, -1.000000000000000000, 0.000000000000000000 ) ) ;
#4766 = CARTESIAN_POINT ( 'NONE',  ( -5.879999999999999893, -0.9499999999999992895, 8.800000000000000711 ) ) ;
#4767 = AXIS2_PLACEMENT_3D ( 'NONE', #4575, #5783, #6745 ) ;
#4768 = CARTESIAN_POINT ( 'NONE',  ( -7.300000000000002487, 2.450000000000001510, 8.800000000000000711 ) ) ;
#4769 = ORIENTED_EDGE ( 'NONE', *, *, #4577, .T. ) ;
#4770 = LINE ( 'NONE', #2642, #6262 ) ;
#4771 = VECTOR ( 'NONE', #1347, 1000.000000000000000 ) ;
#4772 = CARTESIAN_POINT ( 'NONE',  ( -9.168629150101526903, 4.649999999999999467, 10.19999999999999396 ) ) ;
#4773 = AXIS2_PLACEMENT_3D ( 'NONE', #5415, #684, #3357 ) ;
#4774 = CARTESIAN_POINT ( 'NONE',  ( -8.893799877109403340, -2.043799877109404584, 0.000000000000000000 ) ) ;
#4775 = VECTOR ( 'NONE', #6493, 1000.000000000000000 ) ;
#4776 = CARTESIAN_POINT ( 'NONE',  ( -8.700000000000001066, 3.750000000000000000, 15.69999999999999929 ) ) ;
#4777 = LINE ( 'NONE', #1076, #5389 ) ;
#4778 = DIRECTION ( 'NONE',  ( 0.000000000000000000, -1.000000000000000000, 0.000000000000000000 ) ) ;
#4779 = VECTOR ( 'NONE', #44, 1000.000000000000000 ) ;
#4780 = DIRECTION ( 'NONE',  ( -0.000000000000000000, -0.000000000000000000, -1.000000000000000000 ) ) ;
#4781 = ORIENTED_EDGE ( 'NONE', *, *, #3013, .T. ) ;
#4782 = AXIS2_PLACEMENT_3D ( 'NONE', #864, #364, #1318 ) ;
#4783 = ORIENTED_EDGE ( 'NONE', *, *, #2455, .F. ) ;
#4784 = ORIENTED_EDGE ( 'NONE', *, *, #977, .F. ) ;
#4785 = CARTESIAN_POINT ( 'NONE',  ( -7.500000000000000000, -3.749999999999999112, 14.69999999999999751 ) ) ;
#4786 = DIRECTION ( 'NONE',  ( -0.000000000000000000, -0.000000000000000000, -1.000000000000000000 ) ) ;
#4787 = LINE ( 'NONE', #2516, #1755 ) ;
#4788 = ADVANCED_FACE ( 'NONE', ( #2937 ), #6840, .F. ) ;
#4789 = FACE_OUTER_BOUND ( 'NONE', #1815, .T. ) ;
#4790 = ORIENTED_EDGE ( 'NONE', *, *, #669, .F. ) ;
#4791 = DIRECTION ( 'NONE',  ( 0.000000000000000000, -0.000000000000000000, -1.000000000000000000 ) ) ;
#4792 = VERTEX_POINT ( 'NONE', #5064 ) ;
#4793 = VECTOR ( 'NONE', #4814, 1000.000000000000000 ) ;
#4794 = EDGE_CURVE ( 'NONE', #3030, #5457, #194, .T. ) ;
#4795 =( BOUNDED_CURVE ( )  B_SPLINE_CURVE ( 3, ( #5773, #972, #2607, #3039 ),
 .UNSPECIFIED., .F., .F. ) 
 B_SPLINE_CURVE_WITH_KNOTS ( ( 4, 4 ),
 ( 0.000000000000000000, 1.570796326794896558 ),
 .UNSPECIFIED. ) 
 CURVE ( )  GEOMETRIC_REPRESENTATION_ITEM ( )  RATIONAL_B_SPLINE_CURVE ( ( 1.000000000000000000, 0.8047378541243649375, 0.8047378541243649375, 1.000000000000000000 ) ) 
 REPRESENTATION_ITEM ( '' )  );
#4796 = CARTESIAN_POINT ( 'NONE',  ( -2.239999999999947367, -2.640000000000017888, 14.69999999999999751 ) ) ;
#4797 = DIRECTION ( 'NONE',  ( 1.156482317317871478E-16, -1.000000000000000000, 0.000000000000000000 ) ) ;
#4798 = ORIENTED_EDGE ( 'NONE', *, *, #3184, .T. ) ;
#4799 = ORIENTED_EDGE ( 'NONE', *, *, #4441, .T. ) ;
#4800 = CARTESIAN_POINT ( 'NONE',  ( 5.379999999999999893, 2.439999999999999947, 14.69999999999999751 ) ) ;
#4801 = ADVANCED_FACE ( 'NONE', ( #5915 ), #4842, .F. ) ;
#4802 = DIRECTION ( 'NONE',  ( -0.000000000000000000, -0.000000000000000000, -1.000000000000000000 ) ) ;
#4803 = LINE ( 'NONE', #6977, #3267 ) ;
#4804 = ORIENTED_EDGE ( 'NONE', *, *, #6685, .T. ) ;
#4805 = ORIENTED_EDGE ( 'NONE', *, *, #1142, .T. ) ;
#4806 = CARTESIAN_POINT ( 'NONE',  ( 4.780000000000000249, 2.640000000000000124, 14.69999999999999751 ) ) ;
#4807 = DIRECTION ( 'NONE',  ( 0.000000000000000000, -0.000000000000000000, -1.000000000000000000 ) ) ;
#4808 = FACE_OUTER_BOUND ( 'NONE', #3576, .T. ) ;
#4809 = ORIENTED_EDGE ( 'NONE', *, *, #6859, .F. ) ;
#4810 = DIRECTION ( 'NONE',  ( 0.000000000000000000, 1.000000000000000000, 0.000000000000000000 ) ) ;
#4811 = CARTESIAN_POINT ( 'NONE',  ( 7.499999999999999112, -1.499999999999998890, 11.19999999999999751 ) ) ;
#4812 = EDGE_CURVE ( 'NONE', #3072, #2229, #3116, .T. ) ;
#4813 = DIRECTION ( 'NONE',  ( -1.000000000000000000, -7.228014483236698528E-16, 0.000000000000000000 ) ) ;
#4814 = DIRECTION ( 'NONE',  ( -0.000000000000000000, -0.000000000000000000, -1.000000000000000000 ) ) ;
#4815 = ADVANCED_FACE ( 'NONE', ( #1044 ), #1007, .T. ) ;
#4816 = ORIENTED_EDGE ( 'NONE', *, *, #6811, .T. ) ;
#4817 = VECTOR ( 'NONE', #5699, 1000.000000000000000 ) ;
#4818 = EDGE_LOOP ( 'NONE', ( #5183, #1307, #4999, #1219 ) ) ;
#4819 = ORIENTED_EDGE ( 'NONE', *, *, #384, .F. ) ;
#4820 = CARTESIAN_POINT ( 'NONE',  ( 9.099999999999997868, 2.450000000000001066, 8.800000000000000711 ) ) ;
#4821 = LINE ( 'NONE', #5392, #6782 ) ;
#4822 = DIRECTION ( 'NONE',  ( 1.000000000000000000, 7.228014483236698528E-16, 0.000000000000000000 ) ) ;
#4823 = VECTOR ( 'NONE', #6852, 1000.000000000000000 ) ;
#4824 = DIRECTION ( 'NONE',  ( 0.000000000000000000, 0.000000000000000000, -1.000000000000000000 ) ) ;
#4825 = EDGE_LOOP ( 'NONE', ( #4241, #6711, #7035, #2137 ) ) ;
#4826 = CARTESIAN_POINT ( 'NONE',  ( 3.929999999999937987, -3.856200122890594884, 8.800000000000000711 ) ) ;
#4827 = EDGE_CURVE ( 'NONE', #6287, #1304, #369, .T. ) ;
#4828 = ORIENTED_EDGE ( 'NONE', *, *, #6536, .T. ) ;
#4829 = VECTOR ( 'NONE', #4549, 1000.000000000000114 ) ;
#4830 = DIRECTION ( 'NONE',  ( 1.000000000000000000, -2.409338161078899674E-16, 0.000000000000000000 ) ) ;
#4831 = FACE_OUTER_BOUND ( 'NONE', #5989, .T. ) ;
#4832 = EDGE_CURVE ( 'NONE', #4848, #2256, #2107, .T. ) ;
#4833 = EDGE_LOOP ( 'NONE', ( #3724, #5645, #1840, #4963 ) ) ;
#4834 = VERTEX_POINT ( 'NONE', #3149 ) ;
#4835 = LINE ( 'NONE', #963, #966 ) ;
#4836 = DIRECTION ( 'NONE',  ( -0.000000000000000000, 0.000000000000000000, -1.000000000000000000 ) ) ;
#4837 = CARTESIAN_POINT ( 'NONE',  ( 6.230000000000001315, 2.243799877109404317, 8.800000000000000711 ) ) ;
#4838 = ORIENTED_EDGE ( 'NONE', *, *, #2791, .T. ) ;
#4839 = CARTESIAN_POINT ( 'NONE',  ( -2.839999999999999858, 2.639999999999982361, 14.69999999999999751 ) ) ;
#4840 = CARTESIAN_POINT ( 'NONE',  ( 0.000000000000000000, -2.640000000000036096, 19.99999999999999645 ) ) ;
#4841 = VERTEX_POINT ( 'NONE', #2571 ) ;
#4842 = PLANE ( 'NONE',  #3529 ) ;
#4843 = CALENDAR_DATE ( 2026, 7, 4 ) ;
#4844 = AXIS2_PLACEMENT_3D ( 'NONE', #5189, #6794, #896 ) ;
#4845 = DIRECTION ( 'NONE',  ( -1.000000000000000000, -0.000000000000000000, -0.000000000000000000 ) ) ;
#4846 = CARTESIAN_POINT ( 'NONE',  ( 0.000000000000000000, -2.640000000000000568, 19.99999999999999645 ) ) ;
#4847 = LINE ( 'NONE', #4285, #1955 ) ;
#4848 = VERTEX_POINT ( 'NONE', #5809 ) ;
#4849 = ORIENTED_EDGE ( 'NONE', *, *, #654, .F. ) ;
#4850 = EDGE_CURVE ( 'NONE', #3794, #6994, #1428, .T. ) ;
#4851 = ORIENTED_EDGE ( 'NONE', *, *, #5612, .T. ) ;
#4852 = DIRECTION ( 'NONE',  ( -1.000000000000000000, -7.228014483236698528E-16, 0.000000000000000000 ) ) ;
#4853 = CIRCLE ( 'NONE', #3617, 0.8000000000000003775 ) ;
#4854 = DIRECTION ( 'NONE',  ( 0.000000000000000000, 1.000000000000000000, 0.000000000000000000 ) ) ;
#4855 = CARTESIAN_POINT ( 'NONE',  ( 1.763635533909757166E-15, -2.440000000000003944, 14.69999999999999751 ) ) ;
#4856 = EDGE_CURVE ( 'NONE', #3958, #6129, #2538, .T. ) ;
#4857 = CARTESIAN_POINT ( 'NONE',  ( 1.740000000000000213, -0.9499999999999996225, 1.400000000000009237 ) ) ;
#4858 = EDGE_LOOP ( 'NONE', ( #5035, #2997, #3317, #3887 ) ) ;
#4859 = EDGE_CURVE ( 'NONE', #6153, #411, #510, .T. ) ;
#4860 = DIRECTION ( 'NONE',  ( 0.000000000000000000, 1.000000000000000000, 0.000000000000000000 ) ) ;
#4861 = ORIENTED_EDGE ( 'NONE', *, *, #3242, .F. ) ;
#4862 = CYLINDRICAL_SURFACE ( 'NONE', #5781, 0.8000000000000003775 ) ;
#4863 = VERTEX_POINT ( 'NONE', #2681 ) ;
#4864 = VERTEX_POINT ( 'NONE', #6910 ) ;
#4865 = ORIENTED_EDGE ( 'NONE', *, *, #7006, .F. ) ;
#4866 = AXIS2_PLACEMENT_3D ( 'NONE', #2772, #4932, #2236 ) ;
#4867 = DIRECTION ( 'NONE',  ( 0.000000000000000000, 1.000000000000000000, 0.000000000000000000 ) ) ;
#4868 = FACE_OUTER_BOUND ( 'NONE', #401, .T. ) ;
#4869 = CARTESIAN_POINT ( 'NONE',  ( -4.280000000000000249, 2.243799877109404317, 8.800000000000000711 ) ) ;
#4870 = EDGE_CURVE ( 'NONE', #26, #3644, #5306, .T. ) ;
#4871 = ORIENTED_EDGE ( 'NONE', *, *, #104, .T. ) ;
#4872 = DIRECTION ( 'NONE',  ( 0.000000000000000000, -0.7071067811865447972, -0.7071067811865502373 ) ) ;
#4873 = AXIS2_PLACEMENT_3D ( 'NONE', #3853, #151, #5017 ) ;
#4874 = LINE ( 'NONE', #1937, #3063 ) ;
#4875 = VECTOR ( 'NONE', #716, 1000.000000000000000 ) ;
#4876 = VERTEX_POINT ( 'NONE', #4702 ) ;
#4877 = VECTOR ( 'NONE', #2705, 1000.000000000000000 ) ;
#4878 = DIRECTION ( 'NONE',  ( 0.000000000000000000, 0.000000000000000000, 1.000000000000000000 ) ) ;
#4879 = CARTESIAN_POINT ( 'NONE',  ( -5.129999999999999893, 2.639999999999964597, 19.99999999999999645 ) ) ;
#4880 = CARTESIAN_POINT ( 'NONE',  ( -9.500000000000001776, -2.949999999999999734, 15.69999999999999929 ) ) ;
#4881 = CARTESIAN_POINT ( 'NONE',  ( -7.799999999999998046, -0.9499999999999990674, 1.400000000000008793 ) ) ;
#4882 = EDGE_CURVE ( 'NONE', #5662, #4270, #4281, .T. ) ;
#4883 = ORIENTED_EDGE ( 'NONE', *, *, #6148, .T. ) ;
#4884 = VECTOR ( 'NONE', #1053, 1000.000000000000000 ) ;
#4885 = ORIENTED_EDGE ( 'NONE', *, *, #439, .F. ) ;
#4886 = ORIENTED_EDGE ( 'NONE', *, *, #1903, .F. ) ;
#4887 = VECTOR ( 'NONE', #4737, 1000.000000000000000 ) ;
#4888 = FACE_OUTER_BOUND ( 'NONE', #3552, .T. ) ;
#4889 = LINE ( 'NONE', #2657, #3384 ) ;
#4890 = CARTESIAN_POINT ( 'NONE',  ( 2.272710017320640840E-16, 2.043799877109405916, 0.000000000000000000 ) ) ;
#4891 = EDGE_CURVE ( 'NONE', #5887, #2482, #4183, .T. ) ;
#4892 = DIRECTION ( 'NONE',  ( 0.000000000000000000, 0.000000000000000000, 1.000000000000000000 ) ) ;
#4893 = ORIENTED_EDGE ( 'NONE', *, *, #6789, .F. ) ;
#4894 = VECTOR ( 'NONE', #4593, 1000.000000000000000 ) ;
#4895 = LINE ( 'NONE', #3239, #2242 ) ;
#4896 = VERTEX_POINT ( 'NONE', #440 ) ;
#4897 = LINE ( 'NONE', #4369, #2737 ) ;
#4898 = EDGE_CURVE ( 'NONE', #3900, #6006, #3683, .T. ) ;
#4899 = CARTESIAN_POINT ( 'NONE',  ( -1.149999999999999023, 3.849999999999961897, 0.000000000000000000 ) ) ;
#4900 = VERTEX_POINT ( 'NONE', #3612 ) ;
#4901 = ORIENTED_EDGE ( 'NONE', *, *, #2914, .T. ) ;
#4902 = ORIENTED_EDGE ( 'NONE', *, *, #2246, .T. ) ;
#4903 = CARTESIAN_POINT ( 'NONE',  ( -7.500000000000000888, -1.500000000000000666, 11.19999999999999751 ) ) ;
#4904 = AXIS2_PLACEMENT_3D ( 'NONE', #3703, #3103, #2060 ) ;
#4905 = CARTESIAN_POINT ( 'NONE',  ( -2.239999999999947367, -2.640000000000017888, 19.74999999999999645 ) ) ;
#4906 = VECTOR ( 'NONE', #1830, 1000.000000000000000 ) ;
#4907 = EDGE_LOOP ( 'NONE', ( #5265, #498, #3192, #2346 ) ) ;
#4908 = DIRECTION ( 'NONE',  ( 0.000000000000000000, -0.000000000000000000, 1.000000000000000000 ) ) ;
#4909 = CARTESIAN_POINT ( 'NONE',  ( 9.499999999999998224, 4.650000000000001243, 0.000000000000000000 ) ) ;
#4910 = EDGE_CURVE ( 'NONE', #5956, #1771, #1501, .T. ) ;
#4911 = EDGE_LOOP ( 'NONE', ( #3073, #7014, #4376, #6071 ) ) ;
#4912 = CARTESIAN_POINT ( 'NONE',  ( -1.739999999999999991, -2.043799877109405472, 0.000000000000000000 ) ) ;
#4913 = DIRECTION ( 'NONE',  ( 0.000000000000000000, 0.000000000000000000, 1.000000000000000000 ) ) ;
#4914 = LINE ( 'NONE', #4462, #1246 ) ;
#4915 = LINE ( 'NONE', #6991, #144 ) ;
#4916 = ORIENTED_EDGE ( 'NONE', *, *, #2124, .F. ) ;
#4917 = CARTESIAN_POINT ( 'NONE',  ( 6.230000000000001315, 2.243799877109404317, 0.000000000000000000 ) ) ;
#4918 = AXIS2_PLACEMENT_3D ( 'NONE', #5736, #5193, #6837 ) ;
#4919 = ORIENTED_EDGE ( 'NONE', *, *, #2090, .T. ) ;
#4920 = EDGE_CURVE ( 'NONE', #2229, #5178, #2609, .T. ) ;
#4921 = ORIENTED_EDGE ( 'NONE', *, *, #1791, .T. ) ;
#4922 = CARTESIAN_POINT ( 'NONE',  ( 8.699999999999997513, 3.850000000000001421, 0.000000000000000000 ) ) ;
#4923 = LINE ( 'NONE', #6634, #4068 ) ;
#4924 = LINE ( 'NONE', #3731, #4236 ) ;
#4925 = ORIENTED_EDGE ( 'NONE', *, *, #5466, .F. ) ;
#4926 = DIRECTION ( 'NONE',  ( -1.000000000000000000, -0.000000000000000000, -0.000000000000000000 ) ) ;
#4927 = VERTEX_POINT ( 'NONE', #478 ) ;
#4928 = CARTESIAN_POINT ( 'NONE',  ( 2.240000000000000213, 2.640000000000000124, 14.69999999999999751 ) ) ;
#4929 = VECTOR ( 'NONE', #2683, 1000.000000000000000 ) ;
#4930 = ORIENTED_EDGE ( 'NONE', *, *, #6947, .T. ) ;
#4931 = FACE_OUTER_BOUND ( 'NONE', #2184, .T. ) ;
#4932 = DIRECTION ( 'NONE',  ( -0.000000000000000000, 0.000000000000000000, -1.000000000000000000 ) ) ;
#4933 = ORIENTED_EDGE ( 'NONE', *, *, #2948, .F. ) ;
#4934 = PLANE ( 'NONE',  #1625 ) ;
#4935 = VECTOR ( 'NONE', #591, 1000.000000000000000 ) ;
#4936 = EDGE_CURVE ( 'NONE', #4542, #618, #1463, .T. ) ;
#4937 = VERTEX_POINT ( 'NONE', #4250 ) ;
#4938 = VERTEX_POINT ( 'NONE', #902 ) ;
#4939 = EDGE_CURVE ( 'NONE', #3297, #1278, #6411, .T. ) ;
#4940 = CARTESIAN_POINT ( 'NONE',  ( 7.300000000000000711, 3.750000000000001776, 8.800000000000000711 ) ) ;
#4941 = ORIENTED_EDGE ( 'NONE', *, *, #3969, .F. ) ;
#4942 = CARTESIAN_POINT ( 'NONE',  ( 0.3000000000000537237, -2.439999999999999947, 19.74999999999999645 ) ) ;
#4943 = LINE ( 'NONE', #3387, #1238 ) ;
#4944 = EDGE_CURVE ( 'NONE', #2422, #2764, #2141, .T. ) ;
#4945 = EDGE_LOOP ( 'NONE', ( #2, #4688, #4605, #1452 ) ) ;
#4946 = DIRECTION ( 'NONE',  ( 1.000000000000000000, 0.000000000000000000, 0.000000000000000000 ) ) ;
#4947 = LINE ( 'NONE', #3897, #1071 ) ;
#4948 = PLANE ( 'NONE',  #3735 ) ;
#4949 = CARTESIAN_POINT ( 'NONE',  ( -0.000000000000000000, -2.640000000000036096, 14.69999999999999751 ) ) ;
#4950 = ORIENTED_EDGE ( 'NONE', *, *, #2406, .F. ) ;
#4951 = CARTESIAN_POINT ( 'NONE',  ( 4.780000000000000249, 2.439999999999999947, 19.74999999999999289 ) ) ;
#4952 = EDGE_CURVE ( 'NONE', #6249, #1515, #3327, .T. ) ;
#4953 = ORIENTED_EDGE ( 'NONE', *, *, #2341, .T. ) ;
#4954 = VECTOR ( 'NONE', #5518, 1000.000000000000000 ) ;
#4955 = ORIENTED_EDGE ( 'NONE', *, *, #1510, .T. ) ;
#4956 = PLANE ( 'NONE',  #4548 ) ;
#4957 = CC_DESIGN_APPROVAL ( #2067, ( #6069 ) ) ;
#4958 = CARTESIAN_POINT ( 'NONE',  ( -6.229999999999999538, 3.849999999999961897, 8.800000000000000711 ) ) ;
#4959 = LINE ( 'NONE', #95, #6046 ) ;
#4960 = VERTEX_POINT ( 'NONE', #5552 ) ;
#4961 = ADVANCED_FACE ( 'NONE', ( #2288 ), #119, .T. ) ;
#4962 = DIRECTION ( 'NONE',  ( 1.000000000000000000, 0.000000000000000000, -0.000000000000000000 ) ) ;
#4963 = ORIENTED_EDGE ( 'NONE', *, *, #6194, .T. ) ;
#4964 = CARTESIAN_POINT ( 'NONE',  ( 4.280000000000001137, 0.9499999999999996225, 8.800000000000000711 ) ) ;
#4965 = VECTOR ( 'NONE', #4860, 1000.000000000000000 ) ;
#4966 = VECTOR ( 'NONE', #4396, 1000.000000000000000 ) ;
#4967 = VERTEX_POINT ( 'NONE', #2180 ) ;
#4968 = DIRECTION ( 'NONE',  ( 0.000000000000000000, 1.000000000000000000, -0.000000000000000000 ) ) ;
#4969 = ADVANCED_FACE ( 'NONE', ( #6482 ), #2857, .F. ) ;
#4970 = VECTOR ( 'NONE', #4082, 1000.000000000000000 ) ;
#4971 = CARTESIAN_POINT ( 'NONE',  ( -1.390000000000062297, -3.856200122890594884, 0.000000000000000000 ) ) ;
#4972 = EDGE_LOOP ( 'NONE', ( #3457, #3217, #3688, #5990 ) ) ;
#4973 = LINE ( 'NONE', #710, #6175 ) ;
#4974 = VECTOR ( 'NONE', #6841, 1000.000000000000000 ) ;
#4975 = ORIENTED_EDGE ( 'NONE', *, *, #6155, .F. ) ;
#4976 = EDGE_LOOP ( 'NONE', ( #4405, #5972, #4747, #4023, #5350, #804 ) ) ;
#4977 = DIRECTION ( 'NONE',  ( 1.000000000000000000, 0.000000000000000000, 0.000000000000000000 ) ) ;
#4978 = VERTEX_POINT ( 'NONE', #3928 ) ;
#4979 = CARTESIAN_POINT ( 'NONE',  ( -0.2999999999999470868, 0.000000000000000000, 19.99999999999999645 ) ) ;
#4980 = ADVANCED_FACE ( 'NONE', ( #82 ), #2213, .F. ) ;
#4981 = DIRECTION ( 'NONE',  ( 1.000000000000000000, -1.112002228190260952E-16, 0.000000000000000000 ) ) ;
#4982 = ORIENTED_EDGE ( 'NONE', *, *, #3152, .F. ) ;
#4983 = PLANE ( 'NONE',  #4773 ) ;
#4984 = LINE ( 'NONE', #5023, #6863 ) ;
#4985 = LINE ( 'NONE', #3964, #6816 ) ;
#4986 = FACE_OUTER_BOUND ( 'NONE', #4677, .T. ) ;
#4987 = VECTOR ( 'NONE', #1376, 1000.000000000000114 ) ;
#4988 = ORIENTED_EDGE ( 'NONE', *, *, #2792, .T. ) ;
#4989 = LINE ( 'NONE', #3396, #6602 ) ;
#4991 = ORIENTED_EDGE ( 'NONE', *, *, #1569, .T. ) ;
#4990 = AXIS2_PLACEMENT_3D ( 'NONE', #993, #5860, #3243 ) ;
#4992 = VERTEX_POINT ( 'NONE', #4912 ) ;
#4993 = DIRECTION ( 'NONE',  ( 1.000000000000000000, 7.228014483236698528E-16, 0.000000000000000000 ) ) ;
#4994 = LINE ( 'NONE', #2332, #4404 ) ;
#4995 = DIRECTION ( 'NONE',  ( 0.000000000000000000, -0.000000000000000000, -1.000000000000000000 ) ) ;
#4996 = ORIENTED_EDGE ( 'NONE', *, *, #318, .T. ) ;
#4997 = VECTOR ( 'NONE', #6552, 1000.000000000000000 ) ;
#4998 = DIRECTION ( 'NONE',  ( -0.000000000000000000, -0.000000000000000000, -1.000000000000000000 ) ) ;
#4999 = ORIENTED_EDGE ( 'NONE', *, *, #2079, .F. ) ;
#5000 = VECTOR ( 'NONE', #4764, 1000.000000000000000 ) ;
#5001 = CARTESIAN_POINT ( 'NONE',  ( 9.099999999999997868, 3.750000000000001776, 8.800000000000000711 ) ) ;
#5002 = VERTEX_POINT ( 'NONE', #1075 ) ;
#5003 = ADVANCED_FACE ( 'NONE', ( #4459 ), #4983, .F. ) ;
#5005 = EDGE_CURVE ( 'NONE', #6937, #2749, #3256, .T. ) ;
#5004 = CARTESIAN_POINT ( 'NONE',  ( 9.099999999999997868, 3.750000000000001776, 8.800000000000000711 ) ) ;
#5006 = VECTOR ( 'NONE', #2364, 1000.000000000000000 ) ;
#5007 = LINE ( 'NONE', #4899, #900 ) ;
#5008 = VECTOR ( 'NONE', #1886, 1000.000000000000000 ) ;
#5009 = ORIENTED_EDGE ( 'NONE', *, *, #6491, .T. ) ;
#5010 = CARTESIAN_POINT ( 'NONE',  ( 2.490000000000053504, 0.000000000000000000, 19.99999999999999645 ) ) ;
#5011 = ORIENTED_EDGE ( 'NONE', *, *, #5364, .F. ) ;
#5012 = VERTEX_POINT ( 'NONE', #648 ) ;
#5013 = EDGE_CURVE ( 'NONE', #3516, #5386, #6088, .T. ) ;
#5014 = LINE ( 'NONE', #148, #3584 ) ;
#5015 = ORIENTED_EDGE ( 'NONE', *, *, #4065, .F. ) ;
#5016 = CARTESIAN_POINT ( 'NONE',  ( 1.150000000000000799, 3.849999999999961897, 8.800000000000000711 ) ) ;
#5017 = DIRECTION ( 'NONE',  ( 0.000000000000000000, -0.000000000000000000, -1.000000000000000000 ) ) ;
#5018 = ORIENTED_EDGE ( 'NONE', *, *, #2753, .T. ) ;
#5019 = ADVANCED_FACE ( 'NONE', ( #6550 ), #5021, .F. ) ;
#5020 = AXIS2_PLACEMENT_3D ( 'NONE', #4239, #4269, #3634 ) ;
#5021 = PLANE ( 'NONE',  #3654 ) ;
#5022 = EDGE_CURVE ( 'NONE', #36, #3946, #4314, .T. ) ;
#5023 = CARTESIAN_POINT ( 'NONE',  ( 9.500000000000001776, -2.100000000000000089, 15.69999999999999929 ) ) ;
#5024 = VECTOR ( 'NONE', #5985, 1000.000000000000000 ) ;
#5025 = DIRECTION ( 'NONE',  ( 0.000000000000000000, -1.000000000000000000, 0.000000000000000000 ) ) ;
#5026 = DIRECTION ( 'NONE',  ( -0.000000000000000000, 0.000000000000000000, -1.000000000000000000 ) ) ;
#5027 = ORIENTED_EDGE ( 'NONE', *, *, #6947, .F. ) ;
#5028 = DIRECTION ( 'NONE',  ( -0.7880107536067236795, 0.000000000000000000, 0.6156614753256562933 ) ) ;
#5029 = DIRECTION ( 'NONE',  ( 9.130123557772669567E-17, -1.000000000000000000, 0.000000000000000000 ) ) ;
#5030 = ORIENTED_EDGE ( 'NONE', *, *, #6968, .T. ) ;
#5031 = LINE ( 'NONE', #22, #6595 ) ;
#5032 = EDGE_CURVE ( 'NONE', #4596, #2378, #2712, .T. ) ;
#5033 = CARTESIAN_POINT ( 'NONE',  ( -7.799999999999998046, -0.9499999999999990674, 1.400000000000008793 ) ) ;
#5034 = DIRECTION ( 'NONE',  ( 0.000000000000000000, 1.000000000000000000, 0.000000000000000000 ) ) ;
#5035 = ORIENTED_EDGE ( 'NONE', *, *, #5149, .F. ) ;
#5036 = CYLINDRICAL_SURFACE ( 'NONE', #1465, 0.8000000000000003775 ) ;
#5037 = ORIENTED_EDGE ( 'NONE', *, *, #5503, .T. ) ;
#5038 = PLANE ( 'NONE',  #28 ) ;
#5039 = VERTEX_POINT ( 'NONE', #2784 ) ;
#5040 = DIRECTION ( 'NONE',  ( 0.000000000000000000, 0.000000000000000000, 1.000000000000000000 ) ) ;
#5041 = FACE_OUTER_BOUND ( 'NONE', #3311, .T. ) ;
#5042 = VECTOR ( 'NONE', #2902, 1000.000000000000000 ) ;
#5043 = EDGE_CURVE ( 'NONE', #6870, #1835, #3789, .T. ) ;
#5044 = ORIENTED_EDGE ( 'NONE', *, *, #2682, .T. ) ;
#5045 = CARTESIAN_POINT ( 'NONE',  ( 2.240000000000053060, 0.000000000000000000, 19.99999999999999645 ) ) ;
#5046 = EDGE_LOOP ( 'NONE', ( #2975, #4264, #1973, #6275, #3351, #1975, #5594, #6316, #3218, #4289, #1384, #3918, #5229, #1458, #772, #50, #6652, #1489, #2766, #4481, #1742, #2936, #5670, #822, #6301, #5436, #6114, #5935, #2511, #4699, #1939, #4871, #4991, #4235, #4488, #1885, #2169, #2507, #3585, #2126, #5637, #7019, #6251, #1985, #4474, #6132, #4133, #2057, #4452, #4191, #980, #5287, #3436, #5543, #6770, #1112, #2513, #1199, #492, #1403, #1062, #6540, #4625, #1825, #1317, #6420, #2702, #2889, #1193, #791, #6574, #2880, #5770, #2814, #2470, #4157, #568, #6971, #2344, #483, #6481, #5815, #3851, #387 ) ) ;
#5047 = ORIENTED_EDGE ( 'NONE', *, *, #4551, .T. ) ;
#5048 = VECTOR ( 'NONE', #4913, 1000.000000000000000 ) ;
#5049 = CARTESIAN_POINT ( 'NONE',  ( 0.05000000000005266204, -2.440000000000000391, 19.99999999999999645 ) ) ;
#5050 = DIRECTION ( 'NONE',  ( 1.000000000000000000, 0.000000000000000000, -0.000000000000000000 ) ) ;
#5051 = VECTOR ( 'NONE', #1373, 1000.000000000000000 ) ;
#5052 = DIRECTION ( 'NONE',  ( -1.000000000000000000, -9.130123557772669567E-17, 0.000000000000000000 ) ) ;
#5053 = ADVANCED_FACE ( 'NONE', ( #6516 ), #3821, .F. ) ;
#5054 = ORIENTED_EDGE ( 'NONE', *, *, #663, .T. ) ;
#5055 = LINE ( 'NONE', #2353, #5800 ) ;
#5056 = CARTESIAN_POINT ( 'NONE',  ( -0.000000000000000000, -2.640000000000000568, 14.69999999999999751 ) ) ;
#5057 = DIRECTION ( 'NONE',  ( -0.000000000000000000, -0.000000000000000000, -1.000000000000000000 ) ) ;
#5058 = DIRECTION ( 'NONE',  ( -1.000000000000000000, 1.112002228190260952E-16, 0.000000000000000000 ) ) ;
#5059 = EDGE_LOOP ( 'NONE', ( #6690, #4323, #3673, #433 ) ) ;
#5060 = DIRECTION ( 'NONE',  ( 0.000000000000000000, -0.000000000000000000, -1.000000000000000000 ) ) ;
#5061 = EDGE_CURVE ( 'NONE', #1792, #1410, #3288, .T. ) ;
#5062 = DIRECTION ( 'NONE',  ( 0.000000000000000000, 1.000000000000000000, 0.000000000000000000 ) ) ;
#5063 = ORIENTED_EDGE ( 'NONE', *, *, #225, .F. ) ;
#5064 = CARTESIAN_POINT ( 'NONE',  ( 2.840000000000053149, -2.439999999999999947, 14.69999999999999751 ) ) ;
#5065 = DIRECTION ( 'NONE',  ( 1.000000000000000000, 0.000000000000000000, -0.000000000000000000 ) ) ;
#5066 = CARTESIAN_POINT ( 'NONE',  ( -1.389999999999998792, 2.243799877109404317, 8.800000000000000711 ) ) ;
#5067 = ORIENTED_EDGE ( 'NONE', *, *, #225, .T. ) ;
#5068 = LINE ( 'NONE', #2943, #6465 ) ;
#5069 = EDGE_CURVE ( 'NONE', #2802, #4508, #3856, .T. ) ;
#5070 = ORIENTED_EDGE ( 'NONE', *, *, #5939, .F. ) ;
#5071 = ORIENTED_EDGE ( 'NONE', *, *, #3458, .T. ) ;
#5072 = CARTESIAN_POINT ( 'NONE',  ( -7.799999999999998046, -0.9499999999999990674, 8.800000000000000711 ) ) ;
#5073 = EDGE_CURVE ( 'NONE', #5170, #1622, #6658, .T. ) ;
#5074 = CARTESIAN_POINT ( 'NONE',  ( 9.500000000000001776, -2.100000000000000089, 14.69999999999999751 ) ) ;
#5075 = ORIENTED_EDGE ( 'NONE', *, *, #612, .F. ) ;
#5076 = AXIS2_PLACEMENT_3D ( 'NONE', #2409, #3092, #1980 ) ;
#5077 = DIRECTION ( 'NONE',  ( 7.228014483236698528E-16, -1.000000000000000000, 0.000000000000000000 ) ) ;
#5078 = EDGE_LOOP ( 'NONE', ( #208, #5817, #5793, #178 ) ) ;
#5079 = VECTOR ( 'NONE', #5198, 1000.000000000000000 ) ;
#5080 = DIRECTION ( 'NONE',  ( -0.000000000000000000, -0.000000000000000000, -1.000000000000000000 ) ) ;
#5081 = CARTESIAN_POINT ( 'NONE',  ( -7.799999999999998046, -0.9499999999999990674, 8.800000000000000711 ) ) ;
#5082 = VERTEX_POINT ( 'NONE', #1849 ) ;
#5083 = LINE ( 'NONE', #2390, #3083 ) ;
#5084 = LINE ( 'NONE', #4622, #570 ) ;
#5085 = EDGE_CURVE ( 'NONE', #1269, #4731, #5621, .T. ) ;
#5086 = DIRECTION ( 'NONE',  ( -0.000000000000000000, 0.000000000000000000, 1.000000000000000000 ) ) ;
#5087 = CARTESIAN_POINT ( 'NONE',  ( 2.490000000000003766, 2.439999999999999947, 19.99999999999999645 ) ) ;
#5088 = ORIENTED_EDGE ( 'NONE', *, *, #622, .T. ) ;
#5089 = DIRECTION ( 'NONE',  ( 0.000000000000000000, -1.000000000000000000, 0.000000000000000000 ) ) ;
#5090 = ORIENTED_EDGE ( 'NONE', *, *, #171, .F. ) ;
#5091 = ORIENTED_EDGE ( 'NONE', *, *, #4158, .T. ) ;
#5092 = DIRECTION ( 'NONE',  ( 0.000000000000000000, 1.000000000000000000, 0.000000000000000000 ) ) ;
#5093 = DIRECTION ( 'NONE',  ( 1.000000000000000000, -1.112002228190260952E-16, 0.000000000000000000 ) ) ;
#5094 = AXIS2_PLACEMENT_3D ( 'NONE', #5996, #1120, #3304 ) ;
#5095 = EDGE_CURVE ( 'NONE', #1507, #4392, #154, .T. ) ;
#5096 = CARTESIAN_POINT ( 'NONE',  ( 0.000000000000000000, 2.439999999999999947, 19.99999999999999645 ) ) ;
#5097 = DIRECTION ( 'NONE',  ( -0.7071067811865474617, 0.000000000000000000, -0.7071067811865474617 ) ) ;
#5098 = ORIENTED_EDGE ( 'NONE', *, *, #5464, .F. ) ;
#5099 = LINE ( 'NONE', #236, #5209 ) ;
#5100 = VECTOR ( 'NONE', #4538, 1000.000000000000000 ) ;
#5101 = EDGE_LOOP ( 'NONE', ( #2226, #6682, #3521, #6956 ) ) ;
#5102 = VERTEX_POINT ( 'NONE', #2965 ) ;
#5103 = LINE ( 'NONE', #4161, #6362 ) ;
#5104 = EDGE_CURVE ( 'NONE', #4228, #4458, #823, .T. ) ;
#5105 = DIRECTION ( 'NONE',  ( -1.000000000000000000, 0.000000000000000000, 0.000000000000000000 ) ) ;
#5106 = VECTOR ( 'NONE', #2099, 1000.000000000000000 ) ;
#5107 = EDGE_CURVE ( 'NONE', #2675, #6847, #5693, .T. ) ;
#5108 = VECTOR ( 'NONE', #3743, 1000.000000000000000 ) ;
#5109 = VECTOR ( 'NONE', #1385, 1000.000000000000000 ) ;
#5110 = ORIENTED_EDGE ( 'NONE', *, *, #5069, .F. ) ;
#5111 = VECTOR ( 'NONE', #3971, 1000.000000000000000 ) ;
#5112 = LINE ( 'NONE', #2479, #857 ) ;
#5113 = ORIENTED_EDGE ( 'NONE', *, *, #1413, .F. ) ;
#5114 = VECTOR ( 'NONE', #5052, 1000.000000000000000 ) ;
#5115 = ADVANCED_FACE ( 'NONE', ( #1312 ), #184, .F. ) ;
#5116 = VECTOR ( 'NONE', #2495, 1000.000000000000000 ) ;
#5117 = LINE ( 'NONE', #249, #5671 ) ;
#5118 = DIRECTION ( 'NONE',  ( 7.228014483236698528E-16, -1.000000000000000000, 0.000000000000000000 ) ) ;
#5119 = ORIENTED_EDGE ( 'NONE', *, *, #1520, .F. ) ;
#5120 = FACE_OUTER_BOUND ( 'NONE', #7009, .T. ) ;
#5121 = CARTESIAN_POINT ( 'NONE',  ( 2.840000000000053149, 0.000000000000000000, 19.74999999999999645 ) ) ;
#5122 = LINE ( 'NONE', #6232, #5335 ) ;
#5123 = FACE_BOUND ( 'NONE', #6462, .T. ) ;
#5124 = ORIENTED_EDGE ( 'NONE', *, *, #714, .T. ) ;
#5125 = LINE ( 'NONE', #258, #3426 ) ;
#5126 = CARTESIAN_POINT ( 'NONE',  ( -2.240000000000000213, 0.000000000000000000, 19.74999999999999645 ) ) ;
#5127 = EDGE_CURVE ( 'NONE', #5894, #2888, #2927, .T. ) ;
#5128 = VECTOR ( 'NONE', #3793, 1000.000000000000000 ) ;
#5129 = VERTEX_POINT ( 'NONE', #285 ) ;
#5130 = DIRECTION ( 'NONE',  ( 0.000000000000000000, 1.000000000000000000, 0.000000000000000000 ) ) ;
#5131 = CARTESIAN_POINT ( 'NONE',  ( -1.295000000000018137, 2.439999999999982183, 21.29499999999999815 ) ) ;
#5132 = PLANE ( 'NONE',  #5268 ) ;
#5133 = CARTESIAN_POINT ( 'NONE',  ( 9.099999999999997868, -2.450000000000001954, 8.800000000000000711 ) ) ;
#5134 = LINE ( 'NONE', #4601, #3558 ) ;
#5135 = ORIENTED_EDGE ( 'NONE', *, *, #3405, .F. ) ;
#5136 = PLANE ( 'NONE',  #4539 ) ;
#5137 = ORIENTED_EDGE ( 'NONE', *, *, #4326, .T. ) ;
#5138 = EDGE_CURVE ( 'NONE', #5902, #652, #216, .T. ) ;
#5139 = EDGE_LOOP ( 'NONE', ( #1910, #955, #2545, #2846 ) ) ;
#5140 = LINE ( 'NONE', #2986, #2157 ) ;
#5141 = CARTESIAN_POINT ( 'NONE',  ( -7.500000000000000888, -1.500000000000000666, 14.69999999999999751 ) ) ;
#5142 = LINE ( 'NONE', #3482, #2033 ) ;
#5143 = ORIENTED_EDGE ( 'NONE', *, *, #5669, .T. ) ;
#5144 = EDGE_CURVE ( 'NONE', #5238, #1060, #3495, .T. ) ;
#5145 = PLANE ( 'NONE',  #2679 ) ;
#5146 = ORIENTED_EDGE ( 'NONE', *, *, #3058, .T. ) ;
#5147 = CARTESIAN_POINT ( 'NONE',  ( 1.390000000000001013, 2.243799877109404317, 0.000000000000000000 ) ) ;
#5148 = LINE ( 'NONE', #4554, #3883 ) ;
#5149 = EDGE_CURVE ( 'NONE', #945, #5902, #5654, .T. ) ;
#5150 = ORIENTED_EDGE ( 'NONE', *, *, #4020, .T. ) ;
#5151 = DIRECTION ( 'NONE',  ( -0.7071067811865474617, 0.000000000000000000, -0.7071067811865474617 ) ) ;
#5152 = DIRECTION ( 'NONE',  ( 1.000000000000000000, 0.000000000000000000, 0.000000000000000000 ) ) ;
#5153 = CARTESIAN_POINT ( 'NONE',  ( 9.099999999999997868, -2.450000000000001954, 0.000000000000000000 ) ) ;
#5154 = LINE ( 'NONE', #6270, #3718 ) ;
#5155 = VECTOR ( 'NONE', #1652, 1000.000000000000000 ) ;
#5156 = ORIENTED_EDGE ( 'NONE', *, *, #3160, .T. ) ;
#5157 = LINE ( 'NONE', #5660, #6824 ) ;
#5158 = EDGE_CURVE ( 'NONE', #3445, #3958, #5055, .T. ) ;
#5159 = LINE ( 'NONE', #6909, #500 ) ;
#5160 = ORIENTED_EDGE ( 'NONE', *, *, #33, .T. ) ;
#5161 = CARTESIAN_POINT ( 'NONE',  ( -7.799999999999998046, -0.9499999999999990674, 8.800000000000000711 ) ) ;
#5162 = LINE ( 'NONE', #4116, #4746 ) ;
#5163 = CARTESIAN_POINT ( 'NONE',  ( 2.490000000000053504, -2.440000000000000391, 19.99999999999999645 ) ) ;
#5164 = LINE ( 'NONE', #297, #6562 ) ;
#5165 = LINE ( 'NONE', #1432, #2301 ) ;
#5166 = ORIENTED_EDGE ( 'NONE', *, *, #4108, .T. ) ;
#5167 = CARTESIAN_POINT ( 'NONE',  ( 0.2999999999999999889, 0.000000000000000000, 19.74999999999999645 ) ) ;
#5168 = ORIENTED_EDGE ( 'NONE', *, *, #6622, .F. ) ;
#5169 = VERTEX_POINT ( 'NONE', #6266 ) ;
#5170 = VERTEX_POINT ( 'NONE', #784 ) ;
#5171 = CARTESIAN_POINT ( 'NONE',  ( 0.000000000000000000, 0.000000000000000000, 19.99999999999999645 ) ) ;
#5172 = DIRECTION ( 'NONE',  ( -1.000000000000000000, -7.228014483236698528E-16, 0.000000000000000000 ) ) ;
#5173 = CARTESIAN_POINT ( 'NONE',  ( 5.879999999999999893, 0.9499999999999995115, 1.400000000000008793 ) ) ;
#5174 = ADVANCED_FACE ( 'NONE', ( #5120 ), #253, .F. ) ;
#5175 = LINE ( 'NONE', #6748, #4756 ) ;
#5176 = EDGE_LOOP ( 'NONE', ( #3865, #6117, #72, #2286, #4385 ) ) ;
#5177 = PLANE ( 'NONE',  #3593 ) ;
#5178 = VERTEX_POINT ( 'NONE', #4587 ) ;
#5179 = VECTOR ( 'NONE', #4344, 1000.000000000000000 ) ;
#5180 = EDGE_CURVE ( 'NONE', #1605, #5923, #5729, .T. ) ;
#5181 = CARTESIAN_POINT ( 'NONE',  ( 9.500000000000000000, -2.949999999999999734, 15.69999999999999929 ) ) ;
#5182 = DIRECTION ( 'NONE',  ( -1.000000000000000000, 0.000000000000000000, 0.000000000000000000 ) ) ;
#5183 = ORIENTED_EDGE ( 'NONE', *, *, #4760, .T. ) ;
#5184 = VECTOR ( 'NONE', #2736, 1000.000000000000000 ) ;
#5185 = DIRECTION ( 'NONE',  ( 0.000000000000000000, -0.000000000000000000, 1.000000000000000000 ) ) ;
#5186 = CARTESIAN_POINT ( 'NONE',  ( 0.8000000000000001554, 2.243799877109404317, 0.000000000000000000 ) ) ;
#5187 = EDGE_CURVE ( 'NONE', #5973, #3301, #1880, .T. ) ;
#5188 = FACE_OUTER_BOUND ( 'NONE', #5755, .T. ) ;
#5189 = CARTESIAN_POINT ( 'NONE',  ( 9.099999999999997868, -3.750000000000001776, 8.800000000000000711 ) ) ;
#5190 = EDGE_CURVE ( 'NONE', #6732, #1771, #1346, .T. ) ;
#5191 = EDGE_LOOP ( 'NONE', ( #6795, #1999, #6560, #5467 ) ) ;
#5192 = CARTESIAN_POINT ( 'NONE',  ( -7.799999999999998046, -0.9499999999999990674, 1.400000000000008793 ) ) ;
#5193 = DIRECTION ( 'NONE',  ( -0.7071067811865475727, -0.000000000000000000, -0.7071067811865475727 ) ) ;
#5194 = ORIENTED_EDGE ( 'NONE', *, *, #6944, .T. ) ;
#5195 = DIRECTION ( 'NONE',  ( -0.000000000000000000, -0.000000000000000000, -1.000000000000000000 ) ) ;
#5196 = DIRECTION ( 'NONE',  ( -1.000000000000000000, 0.000000000000000000, 0.000000000000000000 ) ) ;
#5197 = FACE_OUTER_BOUND ( 'NONE', #35, .T. ) ;
#5198 = DIRECTION ( 'NONE',  ( -1.000000000000000000, 1.112002228190260952E-16, 0.000000000000000000 ) ) ;
#5199 = CARTESIAN_POINT ( 'NONE',  ( 9.499999999999998224, -2.949999999999999289, 11.90000000000000746 ) ) ;
#5200 = ADVANCED_FACE ( 'NONE', ( #5588 ), #721, .F. ) ;
#5201 = ORIENTED_EDGE ( 'NONE', *, *, #6784, .T. ) ;
#5202 = ORIENTED_EDGE ( 'NONE', *, *, #2166, .T. ) ;
#5203 = VECTOR ( 'NONE', #1514, 1000.000000000000000 ) ;
#5204 = ORIENTED_EDGE ( 'NONE', *, *, #5107, .T. ) ;
#5205 = VERTEX_POINT ( 'NONE', #751 ) ;
#5206 = DIRECTION ( 'NONE',  ( 1.000000000000000000, -1.112002228190260952E-16, 0.000000000000000000 ) ) ;
#5207 = DIRECTION ( 'NONE',  ( 0.000000000000000000, -1.000000000000000000, 0.000000000000000000 ) ) ;
#5208 = LINE ( 'NONE', #4163, #1414 ) ;
#5209 = VECTOR ( 'NONE', #6210, 1000.000000000000114 ) ;
#5210 = LINE ( 'NONE', #3164, #3972 ) ;
#5211 = ORIENTED_EDGE ( 'NONE', *, *, #1856, .F. ) ;
#5212 = LINE ( 'NONE', #350, #4733 ) ;
#5213 = VECTOR ( 'NONE', #4063, 1000.000000000000000 ) ;
#5214 = EDGE_CURVE ( 'NONE', #1129, #605, #5083, .T. ) ;
#5215 = VECTOR ( 'NONE', #2565, 1000.000000000000000 ) ;
#5216 = ORIENTED_EDGE ( 'NONE', *, *, #2761, .F. ) ;
#5217 = PLANE ( 'NONE',  #677 ) ;
#5218 = VECTOR ( 'NONE', #1037, 1000.000000000000000 ) ;
#5219 = DIRECTION ( 'NONE',  ( 1.000000000000000000, -0.000000000000000000, -0.000000000000000000 ) ) ;
#5220 = CARTESIAN_POINT ( 'NONE',  ( 1.390000000000001013, 2.243799877109404317, 0.000000000000000000 ) ) ;
#5221 = EDGE_CURVE ( 'NONE', #3157, #5954, #4897, .T. ) ;
#5222 = ORIENTED_EDGE ( 'NONE', *, *, #2533, .F. ) ;
#5223 = VECTOR ( 'NONE', #1606, 1000.000000000000000 ) ;
#5224 = LINE ( 'NONE', #6302, #3729 ) ;
#5225 = CARTESIAN_POINT ( 'NONE',  ( 2.240000000000053060, 0.000000000000000000, 14.69999999999999751 ) ) ;
#5226 = CARTESIAN_POINT ( 'NONE',  ( 4.280000000000001137, 0.9499999999999996225, 1.400000000000008793 ) ) ;
#5227 = FACE_BOUND ( 'NONE', #4582, .T. ) ;
#5228 = ORIENTED_EDGE ( 'NONE', *, *, #6530, .F. ) ;
#5229 = ORIENTED_EDGE ( 'NONE', *, *, #882, .T. ) ;
#5230 = LINE ( 'NONE', #4145, #5807 ) ;
#5231 = VECTOR ( 'NONE', #2865, 1000.000000000000000 ) ;
#5232 = CARTESIAN_POINT ( 'NONE',  ( 0.8000000000000001554, 2.043799877109404584, 0.000000000000000000 ) ) ;
#5233 = DIRECTION ( 'NONE',  ( 1.000000000000000000, 0.000000000000000000, -0.000000000000000000 ) ) ;
#5234 = DIRECTION ( 'NONE',  ( 1.000000000000000000, 0.000000000000000000, 0.000000000000000000 ) ) ;
#5235 = DIRECTION ( 'NONE',  ( 0.000000000000000000, -0.000000000000000000, -1.000000000000000000 ) ) ;
#5236 = PLANE ( 'NONE',  #3166 ) ;
#5237 = DIRECTION ( 'NONE',  ( 0.000000000000000000, -1.000000000000000000, 0.000000000000000000 ) ) ;
#5238 = VERTEX_POINT ( 'NONE', #2563 ) ;
#5239 = ORIENTED_EDGE ( 'NONE', *, *, #1947, .F. ) ;
#5240 = EDGE_CURVE ( 'NONE', #6363, #1690, #5294, .T. ) ;
#5241 = EDGE_CURVE ( 'NONE', #5744, #3587, #962, .T. ) ;
#5242 = EDGE_LOOP ( 'NONE', ( #29, #1576, #3342, #5405 ) ) ;
#5243 = DIRECTION ( 'NONE',  ( 0.000000000000000000, 1.000000000000000000, 0.000000000000000000 ) ) ;
#5245 = VECTOR ( 'NONE', #702, 1000.000000000000000 ) ;
#5244 = FACE_OUTER_BOUND ( 'NONE', #5374, .T. ) ;
#5246 = CARTESIAN_POINT ( 'NONE',  ( -7.799999999999998046, -0.9499999999999990674, 8.800000000000000711 ) ) ;
#5247 = AXIS2_PLACEMENT_3D ( 'NONE', #3941, #4568, #4048 ) ;
#5248 = DIRECTION ( 'NONE',  ( 0.000000000000000000, -0.000000000000000000, 1.000000000000000000 ) ) ;
#5249 = ORIENTED_EDGE ( 'NONE', *, *, #3065, .T. ) ;
#5250 = DIRECTION ( 'NONE',  ( -1.000000000000000000, -7.228014483236698528E-16, 0.000000000000000000 ) ) ;
#5251 = EDGE_LOOP ( 'NONE', ( #2773, #4953, #5018, #712 ) ) ;
#5252 = ADVANCED_FACE ( 'NONE', ( #4140 ), #6373, .F. ) ;
#5253 = VECTOR ( 'NONE', #3349, 1000.000000000000000 ) ;
#5254 = FACE_OUTER_BOUND ( 'NONE', #5046, .T. ) ;
#5255 = CARTESIAN_POINT ( 'NONE',  ( -9.500000000000001776, -2.100000000000000089, 14.69999999999999751 ) ) ;
#5256 = DIRECTION ( 'NONE',  ( 0.000000000000000000, 1.000000000000000000, 0.000000000000000000 ) ) ;
#5257 = ORIENTED_EDGE ( 'NONE', *, *, #4383, .T. ) ;
#5258 = CARTESIAN_POINT ( 'NONE',  ( -3.340000000000000302, -3.650000000000000799, 8.800000000000000711 ) ) ;
#5259 = DIRECTION ( 'NONE',  ( 0.000000000000000000, 1.000000000000000000, 0.000000000000000000 ) ) ;
#5260 = DIRECTION ( 'NONE',  ( 0.000000000000000000, 1.000000000000000000, 0.000000000000000000 ) ) ;
#5261 = CARTESIAN_POINT ( 'NONE',  ( 3.339999999999999414, -0.9500000000000001776, 8.800000000000000711 ) ) ;
#5262 = ADVANCED_FACE ( 'NONE', ( #6336 ), #2164, .F. ) ;
#5263 = ADVANCED_FACE ( 'NONE', ( #319 ), #6865, .F. ) ;
#5264 = VERTEX_POINT ( 'NONE', #4176 ) ;
#5265 = ORIENTED_EDGE ( 'NONE', *, *, #1641, .T. ) ;
#5266 = LINE ( 'NONE', #1497, #6034 ) ;
#5267 = CARTESIAN_POINT ( 'NONE',  ( -0.04999999999999724110, 2.640000000000000124, 19.99999999999999645 ) ) ;
#5268 = AXIS2_PLACEMENT_3D ( 'NONE', #263, #6313, #4185 ) ;
#5269 = CARTESIAN_POINT ( 'NONE',  ( 0.000000000000000000, 0.000000000000000000, 19.99999999999999645 ) ) ;
#5270 = COORDINATED_UNIVERSAL_TIME_OFFSET ( 4, 0, .AHEAD. ) ;
#5271 = CARTESIAN_POINT ( 'NONE',  ( -7.500000000000000000, -3.749999999999999112, 14.69999999999999751 ) ) ;
#5272 = CARTESIAN_POINT ( 'NONE',  ( 2.490000000000003766, 2.640000000000000124, 19.99999999999999645 ) ) ;
#5273 = CARTESIAN_POINT ( 'NONE',  ( 7.500000000000000000, -2.100000000000000089, 15.69999999999999929 ) ) ;
#5274 = EDGE_CURVE ( 'NONE', #1835, #4792, #1994, .T. ) ;
#5275 = VERTEX_POINT ( 'NONE', #3274 ) ;
#5276 = VECTOR ( 'NONE', #4414, 1000.000000000000000 ) ;
#5277 = EDGE_LOOP ( 'NONE', ( #3385, #6106, #5160, #5597 ) ) ;
#5278 = ORIENTED_EDGE ( 'NONE', *, *, #131, .F. ) ;
#5279 = DIRECTION ( 'NONE',  ( 0.000000000000000000, 0.000000000000000000, 1.000000000000000000 ) ) ;
#5280 = PLANE ( 'NONE',  #6444 ) ;
#5281 = CARTESIAN_POINT ( 'NONE',  ( 9.168629150101525127, -3.750000000000000444, 11.09999999999999787 ) ) ;
#5282 = ADVANCED_FACE ( 'NONE', ( #429 ), #1453, .T. ) ;
#5283 = EDGE_CURVE ( 'NONE', #5816, #214, #4208, .T. ) ;
#5284 = DIRECTION ( 'NONE',  ( -0.000000000000000000, -1.000000000000000000, -0.000000000000000000 ) ) ;
#5285 = ORIENTED_EDGE ( 'NONE', *, *, #1034, .F. ) ;
#5286 = LINE ( 'NONE', #4199, #1326 ) ;
#5287 = ORIENTED_EDGE ( 'NONE', *, *, #6530, .T. ) ;
#5288 = EDGE_CURVE ( 'NONE', #6616, #4198, #6535, .T. ) ;
#5289 = PLANE ( 'NONE',  #5559 ) ;
#5290 = CARTESIAN_POINT ( 'NONE',  ( -0.04999999999994684391, -2.640000000000000568, 19.99999999999999645 ) ) ;
#5291 = VECTOR ( 'NONE', #7012, 1000.000000000000000 ) ;
#5292 = ORIENTED_EDGE ( 'NONE', *, *, #4531, .F. ) ;
#5293 = ORIENTED_EDGE ( 'NONE', *, *, #1510, .F. ) ;
#5294 = LINE ( 'NONE', #1959, #6713 ) ;
#5295 = CARTESIAN_POINT ( 'NONE',  ( -1.149999999999999023, 2.243799877109404317, 8.800000000000000711 ) ) ;
#5296 = LINE ( 'NONE', #2173, #1585 ) ;
#5297 = FACE_OUTER_BOUND ( 'NONE', #3828, .T. ) ;
#5298 = ORIENTED_EDGE ( 'NONE', *, *, #6295, .T. ) ;
#5299 = EDGE_LOOP ( 'NONE', ( #1473, #4410, #2741, #2660, #338, #4438 ) ) ;
#5300 = DIRECTION ( 'NONE',  ( -1.000000000000000000, 1.112002228190260952E-16, -0.000000000000000000 ) ) ;
#5301 = DIRECTION ( 'NONE',  ( -0.000000000000000000, -0.000000000000000000, -1.000000000000000000 ) ) ;
#5302 = VECTOR ( 'NONE', #2056, 1000.000000000000000 ) ;
#5303 = CARTESIAN_POINT ( 'NONE',  ( 4.280000000000001137, -0.9500000000000016209, 8.800000000000000711 ) ) ;
#5304 = VECTOR ( 'NONE', #6494, 1000.000000000000000 ) ;
#5305 = EDGE_CURVE ( 'NONE', #2866, #3137, #3674, .T. ) ;
#5306 = LINE ( 'NONE', #4221, #2279 ) ;
#5307 = APPLICATION_PROTOCOL_DEFINITION ( 'international standard', 'config_control_design', 1994, #325 ) ;
#5308 = PLANE ( 'NONE',  #507 ) ;
#5309 = CARTESIAN_POINT ( 'NONE',  ( -4.779999999999947846, -2.440000000000035474, 19.99999999999999645 ) ) ;
#5310 = PLANE ( 'NONE',  #3216 ) ;
#5311 = VECTOR ( 'NONE', #4388, 1000.000000000000000 ) ;
#5312 = ORIENTED_EDGE ( 'NONE', *, *, #6219, .F. ) ;
#5313 = ORIENTED_EDGE ( 'NONE', *, *, #6996, .T. ) ;
#5314 = CC_DESIGN_SECURITY_CLASSIFICATION ( #99, ( #1907 ) ) ;
#5315 = EDGE_CURVE ( 'NONE', #4102, #6151, #4853, .T. ) ;
#5316 = VERTEX_POINT ( 'NONE', #32 ) ;
#5317 = DIRECTION ( 'NONE',  ( -1.000000000000000000, 0.000000000000000000, 0.000000000000000000 ) ) ;
#5318 = DIRECTION ( 'NONE',  ( -0.000000000000000000, -0.000000000000000000, -1.000000000000000000 ) ) ;
#5319 = DIRECTION ( 'NONE',  ( -0.000000000000000000, -0.000000000000000000, 1.000000000000000000 ) ) ;
#5320 = DIRECTION ( 'NONE',  ( -1.000000000000000000, -0.000000000000000000, -0.000000000000000000 ) ) ;
#5321 = ORIENTED_EDGE ( 'NONE', *, *, #2481, .F. ) ;
#5322 = CARTESIAN_POINT ( 'NONE',  ( -8.700000000000001066, 3.849999999999999201, 10.19999999999999929 ) ) ;
#5323 = EDGE_CURVE ( 'NONE', #1232, #6534, #5433, .T. ) ;
#5324 = VERTEX_POINT ( 'NONE', #562 ) ;
#5325 = VECTOR ( 'NONE', #4638, 1000.000000000000000 ) ;
#5326 = CARTESIAN_POINT ( 'NONE',  ( -2.240000000000000213, 0.000000000000000000, 19.99999999999999645 ) ) ;
#5327 = VECTOR ( 'NONE', #7003, 1000.000000000000000 ) ;
#5328 = CARTESIAN_POINT ( 'NONE',  ( 7.499999999999999112, -1.499999999999998890, 11.19999999999999751 ) ) ;
#5329 = EDGE_LOOP ( 'NONE', ( #6307, #744, #2921, #526 ) ) ;
#5330 = EDGE_LOOP ( 'NONE', ( #2735, #210, #2945, #6030 ) ) ;
#5331 = EDGE_CURVE ( 'NONE', #4109, #272, #3106, .T. ) ;
#5332 = PLANE ( 'NONE',  #6592 ) ;
#5333 =( BOUNDED_CURVE ( )  B_SPLINE_CURVE ( 3, ( #6777, #3589, #878, #379 ),
 .UNSPECIFIED., .F., .F. ) 
 B_SPLINE_CURVE_WITH_KNOTS ( ( 4, 4 ),
 ( 4.712388980384689674, 6.283185307179586232 ),
 .UNSPECIFIED. ) 
 CURVE ( )  GEOMETRIC_REPRESENTATION_ITEM ( )  RATIONAL_B_SPLINE_CURVE ( ( 1.000000000000000000, 0.8047378541243649375, 0.8047378541243649375, 1.000000000000000000 ) ) 
 REPRESENTATION_ITEM ( '' )  );
#5334 = DIRECTION ( 'NONE',  ( 0.000000000000000000, -1.000000000000000000, 0.000000000000000000 ) ) ;
#5335 = VECTOR ( 'NONE', #6728, 1000.000000000000000 ) ;
#5336 = DIRECTION ( 'NONE',  ( 0.000000000000000000, 0.000000000000000000, 1.000000000000000000 ) ) ;
#5337 = EDGE_LOOP ( 'NONE', ( #4540, #746, #1083, #1296 ) ) ;
#5338 = ORIENTED_EDGE ( 'NONE', *, *, #6087, .F. ) ;
#5339 = DIRECTION ( 'NONE',  ( 0.5242684176640450833, 0.5242684176640450833, 0.6710329742122043140 ) ) ;
#5340 = DIRECTION ( 'NONE',  ( -0.000000000000000000, -0.000000000000000000, -1.000000000000000000 ) ) ;
#5341 = VECTOR ( 'NONE', #6830, 1000.000000000000000 ) ;
#5342 = DIRECTION ( 'NONE',  ( 0.000000000000000000, -1.000000000000000000, 0.000000000000000000 ) ) ;
#5343 = ORIENTED_EDGE ( 'NONE', *, *, #4794, .T. ) ;
#5344 = DIRECTION ( 'NONE',  ( 0.000000000000000000, 1.000000000000000000, 0.000000000000000000 ) ) ;
#5345 = APPROVAL_ROLE ( '' ) ;
#5346 = FACE_OUTER_BOUND ( 'NONE', #2358, .T. ) ;
#5347 = DIRECTION ( 'NONE',  ( 0.000000000000000000, -0.000000000000000000, 1.000000000000000000 ) ) ;
#5348 = VECTOR ( 'NONE', #5703, 1000.000000000000000 ) ;
#5349 = CARTESIAN_POINT ( 'NONE',  ( 5.880000000000000782, -0.9500000000000016209, 8.800000000000000711 ) ) ;
#5350 = ORIENTED_EDGE ( 'NONE', *, *, #5753, .F. ) ;
#5351 = VECTOR ( 'NONE', #1563, 1000.000000000000000 ) ;
#5352 = EDGE_CURVE ( 'NONE', #4628, #6820, #3066, .T. ) ;
#5353 = VERTEX_POINT ( 'NONE', #4659 ) ;
#5354 = ORIENTED_EDGE ( 'NONE', *, *, #1814, .F. ) ;
#5355 = CARTESIAN_POINT ( 'NONE',  ( 3.929999999999937987, -2.250000000000037748, 8.800000000000000711 ) ) ;
#5356 = DIRECTION ( 'NONE',  ( -0.000000000000000000, -0.000000000000000000, -1.000000000000000000 ) ) ;
#5357 = CARTESIAN_POINT ( 'NONE',  ( -2.839999999999947011, -2.640000000000017888, 14.69999999999999751 ) ) ;
#5358 = EDGE_CURVE ( 'NONE', #1082, #631, #5224, .T. ) ;
#5359 = CARTESIAN_POINT ( 'NONE',  ( -7.799999999999998046, -0.9499999999999990674, 1.400000000000008793 ) ) ;
#5360 = ORIENTED_EDGE ( 'NONE', *, *, #2893, .T. ) ;
#5361 = CYLINDRICAL_SURFACE ( 'NONE', #3493, 0.8000000000000003775 ) ;
#5362 = VERTEX_POINT ( 'NONE', #3602 ) ;
#5363 = VECTOR ( 'NONE', #907, 1000.000000000000000 ) ;
#5364 = EDGE_CURVE ( 'NONE', #4200, #2488, #5765, .T. ) ;
#5365 = DIRECTION ( 'NONE',  ( 0.000000000000000000, 1.000000000000000000, 0.000000000000000000 ) ) ;
#5366 = CARTESIAN_POINT ( 'NONE',  ( -8.893799877109403340, 0.000000000000000000, 0.000000000000000000 ) ) ;
#5367 = ORIENTED_EDGE ( 'NONE', *, *, #6572, .F. ) ;
#5368 = ORIENTED_EDGE ( 'NONE', *, *, #15, .F. ) ;
#5369 = CARTESIAN_POINT ( 'NONE',  ( 4.280000000000001137, 2.243799877109404317, 8.800000000000000711 ) ) ;
#5370 = CARTESIAN_POINT ( 'NONE',  ( 5.380000000000053184, 0.000000000000000000, 19.99999999999999645 ) ) ;
#5371 = CARTESIAN_POINT ( 'NONE',  ( 7.500000000000000000, -3.749999999999999112, 15.69999999999999929 ) ) ;
#5372 = ADVANCED_FACE ( 'NONE', ( #4543 ), #6715, .F. ) ;
#5373 = EDGE_LOOP ( 'NONE', ( #2627, #1400, #1334, #2654 ) ) ;
#5374 = EDGE_LOOP ( 'NONE', ( #4501, #3293, #3742, #5030 ) ) ;
#5375 = CARTESIAN_POINT ( 'NONE',  ( -2.839999999999999858, 2.439999999999982183, 19.74999999999999289 ) ) ;
#5376 = ADVANCED_FACE ( 'NONE', ( #4931 ), #706, .F. ) ;
#5377 = ADVANCED_FACE ( 'NONE', ( #2881 ), #2917, .F. ) ;
#5378 = LINE ( 'NONE', #2177, #3635 ) ;
#5379 = ORIENTED_EDGE ( 'NONE', *, *, #4594, .F. ) ;
#5380 = CARTESIAN_POINT ( 'NONE',  ( -3.689999999999998614, 3.849999999999961897, 0.000000000000000000 ) ) ;
#5381 = PERSON_AND_ORGANIZATION_ROLE ( 'creator' ) ;
#5382 = CARTESIAN_POINT ( 'NONE',  ( 7.800000000000001599, 0.9499999999999992895, 8.800000000000000711 ) ) ;
#5383 = CARTESIAN_POINT ( 'NONE',  ( 2.840000000000053149, 0.000000000000000000, 19.99999999999999645 ) ) ;
#5384 = LINE ( 'NONE', #5452, #1050 ) ;
#5385 = ADVANCED_FACE ( 'NONE', ( #3374 ), #173, .F. ) ;
#5386 = VERTEX_POINT ( 'NONE', #4511 ) ;
#5387 = VECTOR ( 'NONE', #866, 1000.000000000000000 ) ;
#5388 = VERTEX_POINT ( 'NONE', #2232 ) ;
#5389 = VECTOR ( 'NONE', #4222, 1000.000000000000000 ) ;
#5390 = VERTEX_POINT ( 'NONE', #3412 ) ;
#5391 = CARTESIAN_POINT ( 'NONE',  ( -1.390000000000062297, -2.250000000000037748, 8.800000000000000711 ) ) ;
#5392 = CARTESIAN_POINT ( 'NONE',  ( 7.499999999999999112, -1.499999999999998890, 11.19999999999999751 ) ) ;
#5393 = LINE ( 'NONE', #2763, #4040 ) ;
#5394 = VECTOR ( 'NONE', #3832, 1000.000000000000000 ) ;
#5395 = LINE ( 'NONE', #7032, #3059 ) ;
#5396 = VERTEX_POINT ( 'NONE', #668 ) ;
#5397 = LINE ( 'NONE', #3879, #3837 ) ;
#5398 = VERTEX_POINT ( 'NONE', #6609 ) ;
#5399 = EDGE_CURVE ( 'NONE', #6212, #4088, #4479, .T. ) ;
#5400 = ADVANCED_FACE ( 'NONE', ( #3882 ), #3448, .T. ) ;
#5401 = AXIS2_PLACEMENT_3D ( 'NONE', #6152, #2953, #312 ) ;
#5402 = DIRECTION ( 'NONE',  ( 1.112002228190260952E-16, 1.000000000000000000, -0.000000000000000000 ) ) ;
#5403 = ORIENTED_EDGE ( 'NONE', *, *, #4633, .F. ) ;
#5404 = ORIENTED_EDGE ( 'NONE', *, *, #1500, .F. ) ;
#5405 = ORIENTED_EDGE ( 'NONE', *, *, #6916, .F. ) ;
#5406 = EDGE_CURVE ( 'NONE', #6081, #6092, #1837, .T. ) ;
#5407 = DIRECTION ( 'NONE',  ( -0.000000000000000000, -1.000000000000000000, -0.000000000000000000 ) ) ;
#5408 = DIRECTION ( 'NONE',  ( 0.000000000000000000, 0.000000000000000000, 1.000000000000000000 ) ) ;
#5409 = CARTESIAN_POINT ( 'NONE',  ( 0.000000000000000000, -2.640000000000000568, 19.99999999999999645 ) ) ;
#5410 = EDGE_LOOP ( 'NONE', ( #3418, #2806, #55, #6000 ) ) ;
#5411 = CARTESIAN_POINT ( 'NONE',  ( -5.379999999999999893, 2.639999999999964597, 19.74999999999999289 ) ) ;
#5412 = CARTESIAN_POINT ( 'NONE',  ( -3.690000000000062119, -3.856200122890594884, 8.800000000000000711 ) ) ;
#5413 = ADVANCED_FACE ( 'NONE', ( #6644 ), #6042, .T. ) ;
#5414 = EDGE_LOOP ( 'NONE', ( #499, #6112, #2026, #6829, #4643, #2819 ) ) ;
#5415 = CARTESIAN_POINT ( 'NONE',  ( 1.150000000000000799, 2.243799877109404317, 8.800000000000000711 ) ) ;
#5416 = VECTOR ( 'NONE', #3282, 1000.000000000000000 ) ;
#5417 = EDGE_CURVE ( 'NONE', #1629, #2097, #1768, .T. ) ;
#5418 = CARTESIAN_POINT ( 'NONE',  ( 0.3000000000000528910, -2.640000000000000568, 14.69999999999999751 ) ) ;
#5419 = DIRECTION ( 'NONE',  ( -0.000000000000000000, 0.000000000000000000, 1.000000000000000000 ) ) ;
#5420 = DIRECTION ( 'NONE',  ( 0.000000000000000000, 0.000000000000000000, 1.000000000000000000 ) ) ;
#5421 = EDGE_LOOP ( 'NONE', ( #2554, #657, #2969, #1595 ) ) ;
#5422 = ORIENTED_EDGE ( 'NONE', *, *, #5323, .F. ) ;
#5423 = VERTEX_POINT ( 'NONE', #4406 ) ;
#5424 = CARTESIAN_POINT ( 'NONE',  ( 1.294999999999999707, 2.439999999999999947, 21.29499999999999815 ) ) ;
#5425 = EDGE_CURVE ( 'NONE', #1761, #6513, #6107, .T. ) ;
#5426 = AXIS2_PLACEMENT_3D ( 'NONE', #5535, #2839, #5607 ) ;
#5427 = DIRECTION ( 'NONE',  ( 0.000000000000000000, -0.000000000000000000, 1.000000000000000000 ) ) ;
#5428 = CARTESIAN_POINT ( 'NONE',  ( 2.839999999999999858, 2.640000000000000568, 19.99999999999999645 ) ) ;
#5429 = FACE_OUTER_BOUND ( 'NONE', #5414, .T. ) ;
#5430 = EDGE_LOOP ( 'NONE', ( #4919, #1868, #920, #1550 ) ) ;
#5431 = DIRECTION ( 'NONE',  ( 1.000000000000000000, 0.000000000000000000, 0.000000000000000000 ) ) ;
#5432 = ORIENTED_EDGE ( 'NONE', *, *, #3038, .F. ) ;
#5433 = LINE ( 'NONE', #3806, #1551 ) ;
#5434 = CARTESIAN_POINT ( 'NONE',  ( -8.700000000000001066, 2.949999999999999289, 15.69999999999999929 ) ) ;
#5435 = EDGE_CURVE ( 'NONE', #3516, #3966, #1801, .T. ) ;
#5436 = ORIENTED_EDGE ( 'NONE', *, *, #3331, .T. ) ;
#5437 = VERTEX_POINT ( 'NONE', #5470 ) ;
#5438 = ORIENTED_EDGE ( 'NONE', *, *, #6205, .F. ) ;
#5439 = VECTOR ( 'NONE', #525, 1000.000000000000000 ) ;
#5440 = LINE ( 'NONE', #74, #6075 ) ;
#5441 = LINE ( 'NONE', #2637, #532 ) ;
#5442 = VERTEX_POINT ( 'NONE', #2770 ) ;
#5443 = CARTESIAN_POINT ( 'NONE',  ( 3.929999999999937987, -2.250000000000037748, 8.800000000000000711 ) ) ;
#5444 = AXIS2_PLACEMENT_3D ( 'NONE', #5872, #3182, #4807 ) ;
#5445 = CARTESIAN_POINT ( 'NONE',  ( 1.149999999999937517, -3.856200122890594884, 0.000000000000000000 ) ) ;
#5446 = ADVANCED_FACE ( 'NONE', ( #66 ), #6571, .F. ) ;
#5447 = ORIENTED_EDGE ( 'NONE', *, *, #3914, .F. ) ;
#5448 = VECTOR ( 'NONE', #5868, 1000.000000000000000 ) ;
#5449 = CARTESIAN_POINT ( 'NONE',  ( 0.8000000000000001554, 2.243799877109404761, 8.800000000000000711 ) ) ;
#5450 = CARTESIAN_POINT ( 'NONE',  ( -2.239999999999947367, -2.440000000000017266, 19.74999999999999645 ) ) ;
#5451 = CARTESIAN_POINT ( 'NONE',  ( 3.340000000000000302, -3.650000000000018563, 8.800000000000000711 ) ) ;
#5452 = CARTESIAN_POINT ( 'NONE',  ( -9.100000000000001421, -3.750000000000001776, 8.800000000000000711 ) ) ;
#5453 = VECTOR ( 'NONE', #430, 1000.000000000000000 ) ;
#5454 = VERTEX_POINT ( 'NONE', #103 ) ;
#5455 = EDGE_CURVE ( 'NONE', #5205, #2722, #4444, .T. ) ;
#5456 = VECTOR ( 'NONE', #2012, 1000.000000000000000 ) ;
#5457 = VERTEX_POINT ( 'NONE', #1945 ) ;
#5458 = ORIENTED_EDGE ( 'NONE', *, *, #4891, .F. ) ;
#5459 = VECTOR ( 'NONE', #4149, 1000.000000000000000 ) ;
#5460 = LINE ( 'NONE', #6098, #1477 ) ;
#5461 = CARTESIAN_POINT ( 'NONE',  ( 8.699999999999997513, -3.849999999999998757, 10.19999999999999929 ) ) ;
#5462 = DIRECTION ( 'NONE',  ( 0.7071067811865474617, 5.110978055611248113E-16, -0.7071067811865474617 ) ) ;
#5463 = ORIENTED_EDGE ( 'NONE', *, *, #1331, .F. ) ;
#5464 = EDGE_CURVE ( 'NONE', #6388, #2634, #2515, .T. ) ;
#5465 = CARTESIAN_POINT ( 'NONE',  ( -4.280000000000000249, 2.043799877109404584, 0.000000000000000000 ) ) ;
#5466 = EDGE_CURVE ( 'NONE', #90, #6039, #2475, .T. ) ;
#5467 = ORIENTED_EDGE ( 'NONE', *, *, #6058, .T. ) ;
#5468 = CARTESIAN_POINT ( 'NONE',  ( 2.839999999999999858, 0.000000000000000000, 14.69999999999999751 ) ) ;
#5469 = EDGE_LOOP ( 'NONE', ( #4606, #2864, #1998, #3476 ) ) ;
#5470 = CARTESIAN_POINT ( 'NONE',  ( -2.240000000000000213, 2.639999999999982805, 14.69999999999999751 ) ) ;
#5471 = PLANE ( 'NONE',  #3068 ) ;
#5472 = ORIENTED_EDGE ( 'NONE', *, *, #757, .T. ) ;
#5473 = CARTESIAN_POINT ( 'NONE',  ( -4.280000000000000249, -0.9499999999999992895, 1.400000000000009015 ) ) ;
#5474 = ORIENTED_EDGE ( 'NONE', *, *, #2095, .F. ) ;
#5475 = ORIENTED_EDGE ( 'NONE', *, *, #4326, .F. ) ;
#5476 = CARTESIAN_POINT ( 'NONE',  ( -1.149999999999999023, 2.243799877109404317, 8.800000000000000711 ) ) ;
#5477 = EDGE_CURVE ( 'NONE', #5757, #2378, #879, .T. ) ;
#5478 = CARTESIAN_POINT ( 'NONE',  ( 0.8000000000000001554, -3.650000000000000799, 0.000000000000000000 ) ) ;
#5479 = ORIENTED_EDGE ( 'NONE', *, *, #4629, .F. ) ;
#5480 = PLANE ( 'NONE',  #5791 ) ;
#5481 = DIRECTION ( 'NONE',  ( -1.000000000000000000, -0.000000000000000000, -0.000000000000000000 ) ) ;
#5482 = ORIENTED_EDGE ( 'NONE', *, *, #1947, .T. ) ;
#5483 = DIRECTION ( 'NONE',  ( -0.000000000000000000, 0.000000000000000000, 1.000000000000000000 ) ) ;
#5484 = DIRECTION ( 'NONE',  ( 0.000000000000000000, 1.000000000000000000, 0.000000000000000000 ) ) ;
#5485 = ADVANCED_FACE ( 'NONE', ( #6216 ), #5751, .F. ) ;
#5486 = DIRECTION ( 'NONE',  ( -0.000000000000000000, -0.000000000000000000, -1.000000000000000000 ) ) ;
#5487 = LINE ( 'NONE', #6127, #416 ) ;
#5488 = ORIENTED_EDGE ( 'NONE', *, *, #574, .F. ) ;
#5489 = DIRECTION ( 'NONE',  ( 0.000000000000000000, 1.000000000000000000, 0.000000000000000000 ) ) ;
#5490 = EDGE_LOOP ( 'NONE', ( #3877, #5054, #3910, #1483 ) ) ;
#5491 = EDGE_LOOP ( 'NONE', ( #5546, #4368, #4711, #1541 ) ) ;
#5492 = LINE ( 'NONE', #2260, #1706 ) ;
#5493 = EDGE_CURVE ( 'NONE', #340, #4412, #3052, .T. ) ;
#5494 = CARTESIAN_POINT ( 'NONE',  ( -5.379999999999947491, 0.000000000000000000, 19.99999999999999645 ) ) ;
#5495 = CARTESIAN_POINT ( 'NONE',  ( -3.340000000000000302, 2.243799877109404761, 8.800000000000000711 ) ) ;
#5496 = ORIENTED_EDGE ( 'NONE', *, *, #3801, .T. ) ;
#5497 = PLANE ( 'NONE',  #4425 ) ;
#5498 = EDGE_LOOP ( 'NONE', ( #5507, #929, #637, #5851 ) ) ;
#5499 = DIRECTION ( 'NONE',  ( -0.000000000000000000, -0.000000000000000000, -1.000000000000000000 ) ) ;
#5500 = VECTOR ( 'NONE', #2503, 1000.000000000000000 ) ;
#5501 = EDGE_LOOP ( 'NONE', ( #6835, #6538, #62, #6708 ) ) ;
#5502 = DIRECTION ( 'NONE',  ( 0.000000000000000000, -1.000000000000000000, -0.000000000000000000 ) ) ;
#5503 = EDGE_CURVE ( 'NONE', #2697, #979, #5676, .T. ) ;
#5504 = DIRECTION ( 'NONE',  ( 0.000000000000000000, -1.000000000000000000, 0.000000000000000000 ) ) ;
#5505 = ORIENTED_EDGE ( 'NONE', *, *, #6724, .F. ) ;
#5506 = CARTESIAN_POINT ( 'NONE',  ( 0.000000000000000000, 0.000000000000000000, 8.800000000000000711 ) ) ;
#5507 = ORIENTED_EDGE ( 'NONE', *, *, #3979, .F. ) ;
#5508 = ORIENTED_EDGE ( 'NONE', *, *, #888, .F. ) ;
#5509 = ADVANCED_FACE ( 'NONE', ( #5244 ), #4645, .F. ) ;
#5510 = CARTESIAN_POINT ( 'NONE',  ( 7.800000000000001599, 0.9499999999999992895, 1.400000000000008793 ) ) ;
#5511 = ORIENTED_EDGE ( 'NONE', *, *, #4341, .T. ) ;
#5512 = CARTESIAN_POINT ( 'NONE',  ( -1.739999999999999991, -3.650000000000000799, 8.800000000000000711 ) ) ;
#5513 = FACE_OUTER_BOUND ( 'NONE', #3024, .T. ) ;
#5514 = VERTEX_POINT ( 'NONE', #3556 ) ;
#5515 = DIRECTION ( 'NONE',  ( 1.112002228190260952E-16, 1.000000000000000000, -0.000000000000000000 ) ) ;
#5516 = DIRECTION ( 'NONE',  ( 0.000000000000000000, 1.000000000000000000, 0.000000000000000000 ) ) ;
#5517 = CARTESIAN_POINT ( 'NONE',  ( -7.799999999999998046, -0.9499999999999990674, 8.800000000000000711 ) ) ;
#5518 = DIRECTION ( 'NONE',  ( 0.000000000000000000, 0.000000000000000000, 1.000000000000000000 ) ) ;
#5519 = ORIENTED_EDGE ( 'NONE', *, *, #5531, .T. ) ;
#5520 = FACE_OUTER_BOUND ( 'NONE', #2277, .T. ) ;
#5521 = DIRECTION ( 'NONE',  ( -0.7071067811865474617, -0.000000000000000000, 0.7071067811865474617 ) ) ;
#5522 = ADVANCED_FACE ( 'NONE', ( #4162 ), #6322, .F. ) ;
#5523 = VECTOR ( 'NONE', #4035, 1000.000000000000000 ) ;
#5524 = ORIENTED_EDGE ( 'NONE', *, *, #1375, .T. ) ;
#5525 = LINE ( 'NONE', #658, #6026 ) ;
#5526 = FACE_OUTER_BOUND ( 'NONE', #5534, .T. ) ;
#5527 = LINE ( 'NONE', #2940, #5590 ) ;
#5528 = ORIENTED_EDGE ( 'NONE', *, *, #1876, .T. ) ;
#5529 = PLANE ( 'NONE',  #4092 ) ;
#5530 = VERTEX_POINT ( 'NONE', #1439 ) ;
#5531 = EDGE_CURVE ( 'NONE', #3528, #1523, #6778, .T. ) ;
#5532 = DIRECTION ( 'NONE',  ( 0.000000000000000000, 1.000000000000000000, 0.000000000000000000 ) ) ;
#5533 = VECTOR ( 'NONE', #1196, 1000.000000000000000 ) ;
#5534 = EDGE_LOOP ( 'NONE', ( #3562, #6717, #2616, #2703, #1574 ) ) ;
#5535 = CARTESIAN_POINT ( 'NONE',  ( -0.04999999999994684391, 0.000000000000000000, 19.99999999999999645 ) ) ;
#5536 = VECTOR ( 'NONE', #6064, 1000.000000000000000 ) ;
#5537 = CARTESIAN_POINT ( 'NONE',  ( -0.2999999999999999889, 0.000000000000000000, 14.69999999999999751 ) ) ;
#5538 = ORIENTED_EDGE ( 'NONE', *, *, #2271, .F. ) ;
#5539 = ADVANCED_FACE ( 'NONE', ( #5642 ), #774, .T. ) ;
#5540 = EDGE_CURVE ( 'NONE', #3206, #2394, #2987, .T. ) ;
#5541 = CARTESIAN_POINT ( 'NONE',  ( -9.100000000000001421, 3.750000000000001776, 8.800000000000000711 ) ) ;
#5542 = AXIS2_PLACEMENT_3D ( 'NONE', #511, #940, #5234 ) ;
#5543 = ORIENTED_EDGE ( 'NONE', *, *, #817, .T. ) ;
#5544 = VERTEX_POINT ( 'NONE', #4126 ) ;
#5545 = DIRECTION ( 'NONE',  ( -1.000000000000000000, 1.112002228190260952E-16, 0.000000000000000000 ) ) ;
#5546 = ORIENTED_EDGE ( 'NONE', *, *, #3698, .T. ) ;
#5547 = PLANE ( 'NONE',  #3864 ) ;
#5548 = DIRECTION ( 'NONE',  ( 1.334402673828312846E-15, 1.000000000000000000, -0.000000000000000000 ) ) ;
#5549 = EDGE_CURVE ( 'NONE', #4198, #4084, #4576, .T. ) ;
#5550 = VECTOR ( 'NONE', #1770, 1000.000000000000000 ) ;
#5551 = EDGE_LOOP ( 'NONE', ( #4604, #1831, #592, #160 ) ) ;
#5552 = CARTESIAN_POINT ( 'NONE',  ( 9.099999999999997868, 2.450000000000001066, 0.000000000000000000 ) ) ;
#5553 = CARTESIAN_POINT ( 'NONE',  ( -7.500000000000000000, 3.749999999999999112, 14.69999999999999751 ) ) ;
#5554 = CARTESIAN_POINT ( 'NONE',  ( 9.500000000000001776, 2.100000000000000089, 14.69999999999999751 ) ) ;
#5555 = CARTESIAN_POINT ( 'NONE',  ( -2.489999999999947367, 0.000000000000000000, 19.99999999999999645 ) ) ;
#5556 = VECTOR ( 'NONE', #768, 1000.000000000000000 ) ;
#5557 = EDGE_LOOP ( 'NONE', ( #1787, #6612, #6733, #3618 ) ) ;
#5558 = FACE_OUTER_BOUND ( 'NONE', #5330, .T. ) ;
#5560 = LINE ( 'NONE', #1184, #3917 ) ;
#5559 = AXIS2_PLACEMENT_3D ( 'NONE', #3170, #5402, #2559 ) ;
#5561 = EDGE_LOOP ( 'NONE', ( #2468, #3350, #1718, #1662 ) ) ;
#5562 = DIRECTION ( 'NONE',  ( 7.228014483236698528E-16, -1.000000000000000000, 0.000000000000000000 ) ) ;
#5563 = LINE ( 'NONE', #1155, #997 ) ;
#5564 = DIRECTION ( 'NONE',  ( -1.000000000000000000, -7.228014483236698528E-16, 0.000000000000000000 ) ) ;
#5565 = EDGE_CURVE ( 'NONE', #272, #2295, #274, .T. ) ;
#5566 = EDGE_LOOP ( 'NONE', ( #114, #5614, #45, #6919, #6048, #4676 ) ) ;
#5567 = AXIS2_PLACEMENT_3D ( 'NONE', #255, #5086, #2392 ) ;
#5568 = DIRECTION ( 'NONE',  ( -1.000000000000000000, 0.000000000000000000, 0.000000000000000000 ) ) ;
#5569 = VERTEX_POINT ( 'NONE', #3518 ) ;
#5570 = VECTOR ( 'NONE', #5151, 1000.000000000000114 ) ;
#5571 = CARTESIAN_POINT ( 'NONE',  ( 8.893799877109406893, -2.043799877109406360, 0.000000000000000000 ) ) ;
#5572 = ORIENTED_EDGE ( 'NONE', *, *, #4019, .T. ) ;
#5573 = DIRECTION ( 'NONE',  ( -0.000000000000000000, -0.000000000000000000, -1.000000000000000000 ) ) ;
#5574 = ADVANCED_FACE ( 'NONE', ( #812 ), #6289, .F. ) ;
#5575 = AXIS2_PLACEMENT_3D ( 'NONE', #2976, #6239, #868 ) ;
#5576 = DIRECTION ( 'NONE',  ( 0.000000000000000000, 0.000000000000000000, 1.000000000000000000 ) ) ;
#5577 = VECTOR ( 'NONE', #1822, 1000.000000000000000 ) ;
#5578 = EDGE_LOOP ( 'NONE', ( #5379, #678, #5779, #3571 ) ) ;
#5579 = FACE_OUTER_BOUND ( 'NONE', #2380, .T. ) ;
#5580 = EDGE_LOOP ( 'NONE', ( #3047, #4709, #4562, #5625 ) ) ;
#5581 = ORIENTED_EDGE ( 'NONE', *, *, #3242, .T. ) ;
#5582 = FACE_OUTER_BOUND ( 'NONE', #454, .T. ) ;
#5583 = ORIENTED_EDGE ( 'NONE', *, *, #1475, .T. ) ;
#5584 = CYLINDRICAL_SURFACE ( 'NONE', #1810, 0.8000000000000003775 ) ;
#5585 = PLANE ( 'NONE',  #3202 ) ;
#5586 = VERTEX_POINT ( 'NONE', #5141 ) ;
#5587 = VECTOR ( 'NONE', #5762, 1000.000000000000000 ) ;
#5588 = FACE_OUTER_BOUND ( 'NONE', #4029, .T. ) ;
#5589 = PLANE ( 'NONE',  #3241 ) ;
#5590 = VECTOR ( 'NONE', #5034, 1000.000000000000000 ) ;
#5591 = DIRECTION ( 'NONE',  ( -0.000000000000000000, -0.6156614753256561823, -0.7880107536067235685 ) ) ;
#5592 = DIRECTION ( 'NONE',  ( 0.000000000000000000, 1.000000000000000000, 0.000000000000000000 ) ) ;
#5593 = EDGE_CURVE ( 'NONE', #4240, #3499, #4609, .T. ) ;
#5594 = ORIENTED_EDGE ( 'NONE', *, *, #6543, .T. ) ;
#5595 = DIRECTION ( 'NONE',  ( 0.000000000000000000, 1.000000000000000000, 0.000000000000000000 ) ) ;
#5596 = CARTESIAN_POINT ( 'NONE',  ( -7.500000000000000000, -2.100000000000000089, 14.69999999999999751 ) ) ;
#5597 = ORIENTED_EDGE ( 'NONE', *, *, #1005, .F. ) ;
#5598 = CARTESIAN_POINT ( 'NONE',  ( -4.280000000000000249, 2.243799877109404317, 0.000000000000000000 ) ) ;
#5599 = CARTESIAN_POINT ( 'NONE',  ( 2.590000000000052705, -2.440000000000000391, 19.99999999999999645 ) ) ;
#5600 = EDGE_CURVE ( 'NONE', #4618, #5514, #1372, .T. ) ;
#5601 = CARTESIAN_POINT ( 'NONE',  ( -4.280000000000000249, -3.650000000000000799, 8.800000000000000711 ) ) ;
#5602 = PLANE ( 'NONE',  #3784 ) ;
#5603 = VERTEX_POINT ( 'NONE', #2621 ) ;
#5604 = DIRECTION ( 'NONE',  ( 1.000000000000000000, 0.000000000000000000, 0.000000000000000000 ) ) ;
#5605 = EDGE_LOOP ( 'NONE', ( #458, #162, #6201, #4039, #6497, #1469, #5863, #3691 ) ) ;
#5606 = ORIENTED_EDGE ( 'NONE', *, *, #3808, .T. ) ;
#5607 = DIRECTION ( 'NONE',  ( 0.000000000000000000, 1.000000000000000000, 0.000000000000000000 ) ) ;
#5608 = FACE_OUTER_BOUND ( 'NONE', #1561, .T. ) ;
#5609 = ORIENTED_EDGE ( 'NONE', *, *, #4812, .T. ) ;
#5610 = VECTOR ( 'NONE', #4283, 1000.000000000000000 ) ;
#5611 = LINE ( 'NONE', #1339, #2768 ) ;
#5612 = EDGE_CURVE ( 'NONE', #304, #6258, #1085, .T. ) ;
#5613 = EDGE_CURVE ( 'NONE', #4228, #2305, #3233, .T. ) ;
#5614 = ORIENTED_EDGE ( 'NONE', *, *, #5043, .T. ) ;
#5615 = VECTOR ( 'NONE', #5484, 1000.000000000000000 ) ;
#5616 = CARTESIAN_POINT ( 'NONE',  ( -5.379999999999999893, 2.439999999999964420, 19.99999999999999645 ) ) ;
#5617 = VECTOR ( 'NONE', #6817, 1000.000000000000000 ) ;
#5618 = CARTESIAN_POINT ( 'NONE',  ( -3.340000000000000302, 2.043799877109404584, 0.000000000000000000 ) ) ;
#5619 = ADVANCED_FACE ( 'NONE', ( #6962 ), #488, .T. ) ;
#5620 = ORIENTED_EDGE ( 'NONE', *, *, #4556, .F. ) ;
#5621 = LINE ( 'NONE', #3962, #4658 ) ;
#5622 = DIRECTION ( 'NONE',  ( 0.000000000000000000, -0.000000000000000000, -1.000000000000000000 ) ) ;
#5623 = CARTESIAN_POINT ( 'NONE',  ( 0.8000000000000003775, -0.9499999999999999556, 8.800000000000000711 ) ) ;
#5624 = LINE ( 'NONE', #3965, #2120 ) ;
#5625 = ORIENTED_EDGE ( 'NONE', *, *, #1760, .F. ) ;
#5626 = DIRECTION ( 'NONE',  ( -1.000000000000000000, 1.112002228190260952E-16, 0.000000000000000000 ) ) ;
#5627 = CARTESIAN_POINT ( 'NONE',  ( -1.390000000000062297, -3.856200122890594884, 8.800000000000000711 ) ) ;
#5628 = EDGE_CURVE ( 'NONE', #4992, #2045, #1512, .T. ) ;
#5629 = CC_DESIGN_PERSON_AND_ORGANIZATION_ASSIGNMENT ( #3117, #2572, ( #99 ) ) ;
#5630 = VERTEX_POINT ( 'NONE', #1476 ) ;
#5631 = DIRECTION ( 'NONE',  ( 0.000000000000000000, -1.000000000000000000, 0.000000000000000000 ) ) ;
#5632 = CARTESIAN_POINT ( 'NONE',  ( -8.700000000000001066, -3.750000000000000000, 15.69999999999999929 ) ) ;
#5633 = PLANE ( 'NONE',  #771 ) ;
#5634 = LINE ( 'NONE', #6208, #6502 ) ;
#5635 = VERTEX_POINT ( 'NONE', #3199 ) ;
#5636 = CARTESIAN_POINT ( 'NONE',  ( -2.240000000000000213, 2.639999999999982805, 19.99999999999999645 ) ) ;
#5637 = ORIENTED_EDGE ( 'NONE', *, *, #5399, .T. ) ;
#5638 = ADVANCED_FACE ( 'NONE', ( #413 ), #6392, .F. ) ;
#5639 = EDGE_CURVE ( 'NONE', #4967, #1095, #4821, .T. ) ;
#5640 = ORIENTED_EDGE ( 'NONE', *, *, #1292, .T. ) ;
#5641 = DIRECTION ( 'NONE',  ( 0.000000000000000000, 0.000000000000000000, 1.000000000000000000 ) ) ;
#5642 = FACE_OUTER_BOUND ( 'NONE', #6452, .T. ) ;
#5643 = CARTESIAN_POINT ( 'NONE',  ( 4.280000000000001137, -2.250000000000037748, 8.800000000000000711 ) ) ;
#5644 = VECTOR ( 'NONE', #6533, 1000.000000000000000 ) ;
#5645 = ORIENTED_EDGE ( 'NONE', *, *, #4334, .T. ) ;
#5646 = AXIS2_PLACEMENT_3D ( 'NONE', #6456, #3765, #4854 ) ;
#5647 = CARTESIAN_POINT ( 'NONE',  ( -2.839999999999947011, -2.440000000000017710, 19.74999999999999289 ) ) ;
#5648 = ORIENTED_EDGE ( 'NONE', *, *, #5127, .F. ) ;
#5649 = VECTOR ( 'NONE', #264, 1000.000000000000000 ) ;
#5650 = ADVANCED_FACE ( 'NONE', ( #3661 ), #5280, .F. ) ;
#5651 = CARTESIAN_POINT ( 'NONE',  ( 1.390000000000001013, 3.849999999999961897, 0.000000000000000000 ) ) ;
#5652 = DIRECTION ( 'NONE',  ( -0.000000000000000000, 0.6156614753256562933, -0.7880107536067235685 ) ) ;
#5653 = EDGE_LOOP ( 'NONE', ( #505, #4302, #4686, #2273 ) ) ;
#5654 = LINE ( 'NONE', #6691, #3197 ) ;
#5655 = LINE ( 'NONE', #4588, #1472 ) ;
#5656 = FACE_OUTER_BOUND ( 'NONE', #6967, .T. ) ;
#5657 = CARTESIAN_POINT ( 'NONE',  ( 5.030000000000003801, 0.000000000000000000, 19.99999999999999645 ) ) ;
#5658 = EDGE_CURVE ( 'NONE', #1690, #4114, #4889, .T. ) ;
#5659 = ORIENTED_EDGE ( 'NONE', *, *, #5720, .T. ) ;
#5660 = CARTESIAN_POINT ( 'NONE',  ( -3.689999999999998614, 2.243799877109404317, 0.000000000000000000 ) ) ;
#5661 = CARTESIAN_POINT ( 'NONE',  ( -4.780000000000000249, 0.000000000000000000, 19.99999999999999645 ) ) ;
#5662 = VERTEX_POINT ( 'NONE', #3694 ) ;
#5663 = CARTESIAN_POINT ( 'NONE',  ( 3.339999999999999414, -0.9500000000000002887, 1.400000000000008793 ) ) ;
#5664 = LINE ( 'NONE', #6704, #4974 ) ;
#5665 = VECTOR ( 'NONE', #2228, 1000.000000000000000 ) ;
#5666 = CARTESIAN_POINT ( 'NONE',  ( -9.500000000000001776, 3.209238430557093125E-14, 14.84999999999999609 ) ) ;
#5667 = DIRECTION ( 'NONE',  ( 0.000000000000000000, 0.000000000000000000, 1.000000000000000000 ) ) ;
#5668 = FACE_OUTER_BOUND ( 'NONE', #6618, .T. ) ;
#5669 = EDGE_CURVE ( 'NONE', #3515, #5635, #6997, .T. ) ;
#5670 = ORIENTED_EDGE ( 'NONE', *, *, #3535, .T. ) ;
#5671 = VECTOR ( 'NONE', #4583, 1000.000000000000000 ) ;
#5672 = PLANE ( 'NONE',  #2381 ) ;
#5673 = VERTEX_POINT ( 'NONE', #5853 ) ;
#5674 = ORIENTED_EDGE ( 'NONE', *, *, #2309, .T. ) ;
#5675 = DIRECTION ( 'NONE',  ( 1.000000000000000000, 0.000000000000000000, 0.000000000000000000 ) ) ;
#5676 = LINE ( 'NONE', #242, #3838 ) ;
#5677 = VECTOR ( 'NONE', #2323, 1000.000000000000000 ) ;
#5678 = ADVANCED_FACE ( 'NONE', ( #450 ), #5820, .F. ) ;
#5679 = VECTOR ( 'NONE', #6975, 1000.000000000000000 ) ;
#5680 = CARTESIAN_POINT ( 'NONE',  ( -9.500000000000001776, -2.949999999999999734, 11.90000000000000568 ) ) ;
#5681 = AXIS2_PLACEMENT_3D ( 'NONE', #6903, #2027, #359 ) ;
#5682 = EDGE_LOOP ( 'NONE', ( #3230, #3839, #2131, #4399 ) ) ;
#5683 = AXIS2_PLACEMENT_3D ( 'NONE', #4922, #1220, #6136 ) ;
#5684 = CARTESIAN_POINT ( 'NONE',  ( -9.100000000000001421, -2.450000000000001954, 8.800000000000000711 ) ) ;
#5685 = EDGE_LOOP ( 'NONE', ( #2397, #1171, #539, #6317 ) ) ;
#5686 = AXIS2_PLACEMENT_3D ( 'NONE', #6755, #5118, #4064 ) ;
#5687 = EDGE_CURVE ( 'NONE', #1304, #3403, #3162, .T. ) ;
#5688 = VECTOR ( 'NONE', #6093, 1000.000000000000000 ) ;
#5689 = CARTESIAN_POINT ( 'NONE',  ( 1.389999999999937730, -3.856200122890594884, 8.800000000000000711 ) ) ;
#5690 = DIRECTION ( 'NONE',  ( 0.000000000000000000, 1.000000000000000000, 0.000000000000000000 ) ) ;
#5691 = ORIENTED_EDGE ( 'NONE', *, *, #4341, .F. ) ;
#5692 = EDGE_CURVE ( 'NONE', #2259, #5603, #2191, .T. ) ;
#5693 = LINE ( 'NONE', #4069, #1028 ) ;
#5694 = LINE ( 'NONE', #824, #6364 ) ;
#5695 = DIRECTION ( 'NONE',  ( 0.000000000000000000, 0.000000000000000000, 1.000000000000000000 ) ) ;
#5696 = DIRECTION ( 'NONE',  ( 0.000000000000000000, 0.000000000000000000, 1.000000000000000000 ) ) ;
#5697 = ORIENTED_EDGE ( 'NONE', *, *, #318, .F. ) ;
#5698 = DIRECTION ( 'NONE',  ( 0.000000000000000000, 1.000000000000000000, 0.000000000000000000 ) ) ;
#5699 = DIRECTION ( 'NONE',  ( -1.000000000000000000, 1.112002228190260952E-16, -0.000000000000000000 ) ) ;
#5700 = VECTOR ( 'NONE', #5462, 1000.000000000000114 ) ;
#5701 = EDGE_CURVE ( 'NONE', #1225, #783, #2691, .T. ) ;
#5702 = ORIENTED_EDGE ( 'NONE', *, *, #6660, .T. ) ;
#5703 = DIRECTION ( 'NONE',  ( -0.000000000000000000, -0.000000000000000000, -1.000000000000000000 ) ) ;
#5704 = CARTESIAN_POINT ( 'NONE',  ( 7.500000000000000000, 3.749999999999999112, 14.69999999999999751 ) ) ;
#5705 = DIRECTION ( 'NONE',  ( 0.000000000000000000, -0.000000000000000000, -1.000000000000000000 ) ) ;
#5706 = CARTESIAN_POINT ( 'NONE',  ( -0.04999999999999628353, 2.640000000000000124, 19.99999999999999645 ) ) ;
#5707 = CARTESIAN_POINT ( 'NONE',  ( -0.8000000000000003775, -0.9499999999999997335, 8.800000000000000711 ) ) ;
#5708 = ORIENTED_EDGE ( 'NONE', *, *, #6279, .T. ) ;
#5709 = DIRECTION ( 'NONE',  ( 0.000000000000000000, 0.000000000000000000, 1.000000000000000000 ) ) ;
#5710 = ORIENTED_EDGE ( 'NONE', *, *, #5180, .F. ) ;
#5711 = ADVANCED_FACE ( 'NONE', ( #6422 ), #1543, .T. ) ;
#5712 = ORIENTED_EDGE ( 'NONE', *, *, #239, .F. ) ;
#5713 = VERTEX_POINT ( 'NONE', #7030 ) ;
#5714 = CARTESIAN_POINT ( 'NONE',  ( -4.280000000000000249, -3.650000000000000799, 8.800000000000000711 ) ) ;
#5715 = DIRECTION ( 'NONE',  ( -0.000000000000000000, -0.000000000000000000, 1.000000000000000000 ) ) ;
#5716 = LINE ( 'NONE', #4232, #6645 ) ;
#5717 = CARTESIAN_POINT ( 'NONE',  ( -0.2999999999999999889, 2.439999999999999947, 14.69999999999999751 ) ) ;
#5718 = EDGE_LOOP ( 'NONE', ( #3255, #4798, #2790, #1377 ) ) ;
#5719 = DIRECTION ( 'NONE',  ( 0.000000000000000000, -0.000000000000000000, 1.000000000000000000 ) ) ;
#5720 = EDGE_CURVE ( 'NONE', #2783, #6341, #2153, .T. ) ;
#5721 = VERTEX_POINT ( 'NONE', #1619 ) ;
#5722 = ADVANCED_FACE ( 'NONE', ( #3799 ), #5960, .F. ) ;
#5723 = VECTOR ( 'NONE', #3148, 1000.000000000000000 ) ;
#5724 = LINE ( 'NONE', #282, #337 ) ;
#5725 = DIRECTION ( 'NONE',  ( -0.000000000000000000, -0.6156614753256561823, -0.7880107536067235685 ) ) ;
#5726 = ADVANCED_FACE ( 'NONE', ( #733 ), #1221, .F. ) ;
#5727 = ORIENTED_EDGE ( 'NONE', *, *, #3995, .F. ) ;
#5728 = ADVANCED_FACE ( 'NONE', ( #3940, #6137, #2298, #3401, #4503, #3367 ), #2909, .F. ) ;
#5729 = LINE ( 'NONE', #6757, #6145 ) ;
#5730 = LINE ( 'NONE', #6337, #6705 ) ;
#5731 = PLANE ( 'NONE',  #5567 ) ;
#5732 = PLANE ( 'NONE',  #3948 ) ;
#5733 = AXIS2_PLACEMENT_3D ( 'NONE', #1775, #1239, #5545 ) ;
#5734 = VERTEX_POINT ( 'NONE', #94 ) ;
#5735 = PLANE ( 'NONE',  #4782 ) ;
#5736 = CARTESIAN_POINT ( 'NONE',  ( -4.780000000000000249, 0.000000000000000000, 19.74999999999999645 ) ) ;
#5737 = ORIENTED_EDGE ( 'NONE', *, *, #3271, .F. ) ;
#5738 = DIRECTION ( 'NONE',  ( 0.000000000000000000, -0.000000000000000000, 1.000000000000000000 ) ) ;
#5739 = LINE ( 'NONE', #5632, #5865 ) ;
#5740 = DIRECTION ( 'NONE',  ( -0.000000000000000000, -0.000000000000000000, -1.000000000000000000 ) ) ;
#5741 = CARTESIAN_POINT ( 'NONE',  ( 9.500000000000000000, -3.750000000000000000, 15.69999999999999929 ) ) ;
#5742 = DIRECTION ( 'NONE',  ( 0.000000000000000000, 0.000000000000000000, -1.000000000000000000 ) ) ;
#5743 = VECTOR ( 'NONE', #6222, 1000.000000000000000 ) ;
#5744 = VERTEX_POINT ( 'NONE', #590 ) ;
#5745 = ADVANCED_FACE ( 'NONE', ( #3439 ), #6670, .T. ) ;
#5746 = ADVANCED_FACE ( 'NONE', ( #5526 ), #1725, .F. ) ;
#5747 = ORIENTED_EDGE ( 'NONE', *, *, #357, .F. ) ;
#5748 = EDGE_LOOP ( 'NONE', ( #4517, #6846, #6684, #6360 ) ) ;
#5749 = ORIENTED_EDGE ( 'NONE', *, *, #800, .T. ) ;
#5750 = LINE ( 'NONE', #3517, #567 ) ;
#5751 = PLANE ( 'NONE',  #5076 ) ;
#5752 = FACE_OUTER_BOUND ( 'NONE', #176, .T. ) ;
#5753 = EDGE_CURVE ( 'NONE', #5362, #135, #4994, .T. ) ;
#5754 = LINE ( 'NONE', #4263, #557 ) ;
#5755 = EDGE_LOOP ( 'NONE', ( #4720, #1929, #342, #1393 ) ) ;
#5756 = FACE_OUTER_BOUND ( 'NONE', #3645, .T. ) ;
#5757 = VERTEX_POINT ( 'NONE', #1758 ) ;
#5758 = AXIS2_PLACEMENT_3D ( 'NONE', #2787, #4463, #2823 ) ;
#5759 = EDGE_CURVE ( 'NONE', #1633, #6068, #1794, .T. ) ;
#5760 = DIRECTION ( 'NONE',  ( 1.000000000000000000, 0.000000000000000000, 0.000000000000000000 ) ) ;
#5761 = LINE ( 'NONE', #1878, #694 ) ;
#5762 = DIRECTION ( 'NONE',  ( 0.000000000000000000, -1.000000000000000000, 0.000000000000000000 ) ) ;
#5763 = ORIENTED_EDGE ( 'NONE', *, *, #6438, .F. ) ;
#5764 = AXIS2_PLACEMENT_3D ( 'NONE', #6815, #381, #845 ) ;
#5765 = LINE ( 'NONE', #3982, #2360 ) ;
#5766 = PLANE ( 'NONE',  #4545 ) ;
#5767 = LINE ( 'NONE', #2133, #118 ) ;
#5768 = FACE_BOUND ( 'NONE', #3951, .T. ) ;
#5769 = VERTEX_POINT ( 'NONE', #3973 ) ;
#5770 = ORIENTED_EDGE ( 'NONE', *, *, #6499, .T. ) ;
#5771 = DIRECTION ( 'NONE',  ( -0.000000000000000000, -1.000000000000000000, -0.000000000000000000 ) ) ;
#5772 = EDGE_CURVE ( 'NONE', #839, #3261, #1258, .T. ) ;
#5773 = CARTESIAN_POINT ( 'NONE',  ( 8.699999999999997513, -4.649999999999998579, 10.19999999999999929 ) ) ;
#5774 = DIRECTION ( 'NONE',  ( 1.000000000000000000, -1.112002228190260952E-16, 0.000000000000000000 ) ) ;
#5775 = DIRECTION ( 'NONE',  ( -0.000000000000000000, -0.6156614753256562933, 0.7880107536067235685 ) ) ;
#5776 = DIRECTION ( 'NONE',  ( 0.000000000000000000, -1.000000000000000000, 0.000000000000000000 ) ) ;
#5777 = CARTESIAN_POINT ( 'NONE',  ( 5.030000000000003801, 2.640000000000000124, 19.99999999999999645 ) ) ;
#5778 = CARTESIAN_POINT ( 'NONE',  ( 1.150000000000000799, 3.849999999999961897, 8.800000000000000711 ) ) ;
#5779 = ORIENTED_EDGE ( 'NONE', *, *, #7033, .F. ) ;
#5780 = ORIENTED_EDGE ( 'NONE', *, *, #1679, .F. ) ;
#5781 = AXIS2_PLACEMENT_3D ( 'NONE', #6077, #3376, #1231 ) ;
#5782 = ORIENTED_EDGE ( 'NONE', *, *, #1418, .F. ) ;
#5783 = DIRECTION ( 'NONE',  ( -1.112002228190260952E-16, -1.000000000000000000, 0.000000000000000000 ) ) ;
#5784 = EDGE_CURVE ( 'NONE', #6011, #618, #4923, .T. ) ;
#5785 = CARTESIAN_POINT ( 'NONE',  ( -5.879999999999999893, -3.650000000000000799, 8.800000000000000711 ) ) ;
#5786 = LINE ( 'NONE', #1478, #4490 ) ;
#5787 = VECTOR ( 'NONE', #1780, 1000.000000000000000 ) ;
#5788 = CARTESIAN_POINT ( 'NONE',  ( 0.8000000000000001554, -3.650000000000000799, 8.800000000000000711 ) ) ;
#5789 = VERTEX_POINT ( 'NONE', #5993 ) ;
#5790 = FACE_OUTER_BOUND ( 'NONE', #2633, .T. ) ;
#5791 = AXIS2_PLACEMENT_3D ( 'NONE', #4489, #3817, #679 ) ;
#5792 = VECTOR ( 'NONE', #273, 1000.000000000000000 ) ;
#5793 = ORIENTED_EDGE ( 'NONE', *, *, #6761, .F. ) ;
#5794 = EDGE_CURVE ( 'NONE', #6286, #6285, #2795, .T. ) ;
#5795 = DIRECTION ( 'NONE',  ( 1.000000000000000000, 0.000000000000000000, -0.000000000000000000 ) ) ;
#5796 = VECTOR ( 'NONE', #3399, 1000.000000000000000 ) ;
#5797 = LINE ( 'NONE', #2415, #2053 ) ;
#5798 = DIRECTION ( 'NONE',  ( -0.7071067811865425767, 0.000000000000000000, -0.7071067811865525687 ) ) ;
#5799 = VERTEX_POINT ( 'NONE', #132 ) ;
#5800 = VECTOR ( 'NONE', #4104, 1000.000000000000000 ) ;
#5801 = CARTESIAN_POINT ( 'NONE',  ( 5.880000000000000782, -2.250000000000037748, 8.800000000000000711 ) ) ;
#5802 = LINE ( 'NONE', #469, #3468 ) ;
#5803 = PLANE ( 'NONE',  #911 ) ;
#5804 = PLANE ( 'NONE',  #3606 ) ;
#5805 = VERTEX_POINT ( 'NONE', #6099 ) ;
#5806 = DIRECTION ( 'NONE',  ( 0.000000000000000000, -0.000000000000000000, 1.000000000000000000 ) ) ;
#5807 = VECTOR ( 'NONE', #5698, 1000.000000000000000 ) ;
#5808 = DIRECTION ( 'NONE',  ( -0.000000000000000000, -1.000000000000000000, -0.000000000000000000 ) ) ;
#5809 = CARTESIAN_POINT ( 'NONE',  ( -3.689999999999998614, 3.849999999999961897, 0.000000000000000000 ) ) ;
#5810 = APPROVAL_STATUS ( 'not_yet_approved' ) ;
#5811 = EDGE_CURVE ( 'NONE', #304, #4978, #4470, .T. ) ;
#5812 = DIRECTION ( 'NONE',  ( -0.7071067811865475727, -0.000000000000000000, -0.7071067811865475727 ) ) ;
#5813 = CARTESIAN_POINT ( 'NONE',  ( -0.7999999999999999334, -0.9500000000000016209, 8.800000000000000711 ) ) ;
#5814 = CARTESIAN_POINT ( 'NONE',  ( -8.700000000000001066, 3.750000000000000000, 11.09999999999999964 ) ) ;
#5815 = ORIENTED_EDGE ( 'NONE', *, *, #3979, .T. ) ;
#5816 = VERTEX_POINT ( 'NONE', #6563 ) ;
#5817 = ORIENTED_EDGE ( 'NONE', *, *, #3949, .F. ) ;
#5818 = EDGE_CURVE ( 'NONE', #5169, #2990, #1685, .T. ) ;
#5819 = DIRECTION ( 'NONE',  ( -0.000000000000000000, -0.000000000000000000, -1.000000000000000000 ) ) ;
#5820 = PLANE ( 'NONE',  #3161 ) ;
#5821 = LINE ( 'NONE', #6154, #4823 ) ;
#5822 = DIRECTION ( 'NONE',  ( -1.000000000000000000, 1.112002228190260952E-16, 0.000000000000000000 ) ) ;
#5823 = VERTEX_POINT ( 'NONE', #6033 ) ;
#5824 = PLANE ( 'NONE',  #764 ) ;
#5825 = ORIENTED_EDGE ( 'NONE', *, *, #3249, .F. ) ;
#5826 = AXIS2_PLACEMENT_3D ( 'NONE', #5684, #4024, #5719 ) ;
#5827 = DIRECTION ( 'NONE',  ( 0.000000000000000000, -1.000000000000000000, 0.000000000000000000 ) ) ;
#5828 = EDGE_CURVE ( 'NONE', #5264, #4280, #5563, .T. ) ;
#5829 = PLANE ( 'NONE',  #4904 ) ;
#5830 = EDGE_CURVE ( 'NONE', #214, #2422, #2261, .T. ) ;
#5831 = ORIENTED_EDGE ( 'NONE', *, *, #2718, .T. ) ;
#5832 = ORIENTED_EDGE ( 'NONE', *, *, #1457, .T. ) ;
#5833 = DIRECTION ( 'NONE',  ( -0.000000000000000000, 0.6156614753256562933, -0.7880107536067235685 ) ) ;
#5834 = DIRECTION ( 'NONE',  ( 0.000000000000000000, 1.000000000000000000, 0.000000000000000000 ) ) ;
#5835 = CARTESIAN_POINT ( 'NONE',  ( -7.300000000000001599, -3.750000000000001776, 8.800000000000000711 ) ) ;
#5836 = CARTESIAN_POINT ( 'NONE',  ( -0.8000000000000003775, -0.9499999999999998446, 1.400000000000008793 ) ) ;
#5837 = ORIENTED_EDGE ( 'NONE', *, *, #5352, .T. ) ;
#5838 = EDGE_LOOP ( 'NONE', ( #6597, #3927, #6762, #4816, #3524, #5156 ) ) ;
#5839 = CARTESIAN_POINT ( 'NONE',  ( -4.280000000000000249, 2.243799877109404761, 8.800000000000000711 ) ) ;
#5840 = DIRECTION ( 'NONE',  ( 1.000000000000000000, 0.000000000000000000, 0.000000000000000000 ) ) ;
#5841 = ADVANCED_FACE ( 'NONE', ( #2430 ), #6737, .T. ) ;
#5842 = CARTESIAN_POINT ( 'NONE',  ( -2.240000000000000213, 2.639999999999982805, 19.74999999999999645 ) ) ;
#5843 = AXIS2_PLACEMENT_3D ( 'NONE', #6767, #1893, #6278 ) ;
#5844 = CARTESIAN_POINT ( 'NONE',  ( -1.149999999999999023, 2.243799877109404317, 0.000000000000000000 ) ) ;
#5845 = SHAPE_DEFINITION_REPRESENTATION ( #1779, #703 ) ;
#5846 = LINE ( 'NONE', #1504, #1518 ) ;
#5847 = LINE ( 'NONE', #6953, #1333 ) ;
#5848 = DIRECTION ( 'NONE',  ( -0.000000000000000000, -0.000000000000000000, -1.000000000000000000 ) ) ;
#5849 = EDGE_LOOP ( 'NONE', ( #6402, #4124, #2426, #358 ) ) ;
#5850 = ORIENTED_EDGE ( 'NONE', *, *, #3027, .F. ) ;
#5851 = ORIENTED_EDGE ( 'NONE', *, *, #455, .F. ) ;
#5852 = DIRECTION ( 'NONE',  ( 1.000000000000000000, -1.112002228190260952E-16, 0.000000000000000000 ) ) ;
#5853 = CARTESIAN_POINT ( 'NONE',  ( -3.340000000000000302, 2.243799877109404317, 8.800000000000000711 ) ) ;
#5854 = DIRECTION ( 'NONE',  ( 0.000000000000000000, 1.000000000000000000, 0.000000000000000000 ) ) ;
#5855 = CARTESIAN_POINT ( 'NONE',  ( -7.799999999999998046, 0.9500000000000009548, 8.800000000000000711 ) ) ;
#5856 = ADVANCED_FACE ( 'NONE', ( #2367 ), #5236, .T. ) ;
#5857 = VERTEX_POINT ( 'NONE', #5777 ) ;
#5858 = CARTESIAN_POINT ( 'NONE',  ( 8.699999999999997513, 3.750000000000000000, 15.69999999999999929 ) ) ;
#5859 = VERTEX_POINT ( 'NONE', #801 ) ;
#5860 = DIRECTION ( 'NONE',  ( 0.000000000000000000, -1.000000000000000000, 0.000000000000000000 ) ) ;
#5861 = CARTESIAN_POINT ( 'NONE',  ( -0.2999999999999999889, 0.000000000000000000, 19.99999999999999645 ) ) ;
#5862 = AXIS2_PLACEMENT_3D ( 'NONE', #362, #3642, #4624 ) ;
#5863 = ORIENTED_EDGE ( 'NONE', *, *, #2480, .F. ) ;
#5864 = ORIENTED_EDGE ( 'NONE', *, *, #1799, .T. ) ;
#5865 = VECTOR ( 'NONE', #1429, 1000.000000000000000 ) ;
#5866 = LINE ( 'NONE', #5905, #3647 ) ;
#5867 = EDGE_CURVE ( 'NONE', #3958, #827, #231, .T. ) ;
#5868 = DIRECTION ( 'NONE',  ( 0.000000000000000000, -1.000000000000000000, 0.000000000000000000 ) ) ;
#5869 = CARTESIAN_POINT ( 'NONE',  ( -4.280000000000000249, -0.9499999999999995115, 8.800000000000000711 ) ) ;
#5870 = ORIENTED_EDGE ( 'NONE', *, *, #464, .F. ) ;
#5871 = DIRECTION ( 'NONE',  ( -1.000000000000000000, -0.000000000000000000, -0.000000000000000000 ) ) ;
#5872 = CARTESIAN_POINT ( 'NONE',  ( -1.149999999999999023, 2.243799877109404317, 8.800000000000000711 ) ) ;
#5873 = VECTOR ( 'NONE', #2733, 1000.000000000000000 ) ;
#5874 = LINE ( 'NONE', #3417, #1279 ) ;
#5875 = VECTOR ( 'NONE', #2829, 1000.000000000000000 ) ;
#5876 = EDGE_LOOP ( 'NONE', ( #6699, #4726, #1614, #4851 ) ) ;
#5877 = CARTESIAN_POINT ( 'NONE',  ( 9.500000000000001776, -2.100000000000000089, 14.69999999999999751 ) ) ;
#5878 = DATE_AND_TIME ( #4251, #5886 ) ;
#5879 = LINE ( 'NONE', #3189, #2433 ) ;
#5880 = ADVANCED_FACE ( 'NONE', ( #3010 ), #5633, .F. ) ;
#5881 = CARTESIAN_POINT ( 'NONE',  ( 1.149999999999937517, -3.856200122890594884, 8.800000000000000711 ) ) ;
#5882 = LINE ( 'NONE', #2145, #6163 ) ;
#5883 = VECTOR ( 'NONE', #3509, 999.9999999999998863 ) ;
#5884 = ORIENTED_EDGE ( 'NONE', *, *, #6798, .T. ) ;
#5885 = ORIENTED_EDGE ( 'NONE', *, *, #6296, .T. ) ;
#5886 = LOCAL_TIME ( 13, 50, 11.00000000000000000, #5270 ) ;
#5887 = VERTEX_POINT ( 'NONE', #6805 ) ;
#5888 = CARTESIAN_POINT ( 'NONE',  ( 1.763635533909765646E-15, -2.440000000000015490, 19.99999999999999645 ) ) ;
#5889 = CARTESIAN_POINT ( 'NONE',  ( -6.229999999999999538, 3.849999999999961897, 8.800000000000000711 ) ) ;
#5890 = DIRECTION ( 'NONE',  ( 1.000000000000000000, 0.000000000000000000, -0.000000000000000000 ) ) ;
#5891 = FACE_OUTER_BOUND ( 'NONE', #3453, .T. ) ;
#5892 = ORIENTED_EDGE ( 'NONE', *, *, #1925, .T. ) ;
#5893 = CARTESIAN_POINT ( 'NONE',  ( -3.690000000000062119, -3.856200122890594884, 8.800000000000000711 ) ) ;
#5894 = VERTEX_POINT ( 'NONE', #1828 ) ;
#5895 = ADVANCED_FACE ( 'NONE', ( #4047 ), #6843, .F. ) ;
#5896 = EDGE_CURVE ( 'NONE', #4174, #5388, #3615, .T. ) ;
#5897 = EDGE_CURVE ( 'NONE', #2739, #5789, #6207, .T. ) ;
#5898 = VECTOR ( 'NONE', #6424, 1000.000000000000000 ) ;
#5899 = FACE_OUTER_BOUND ( 'NONE', #3306, .T. ) ;
#5900 = VECTOR ( 'NONE', #6895, 1000.000000000000000 ) ;
#5901 = DIRECTION ( 'NONE',  ( 1.000000000000000000, 0.000000000000000000, -0.000000000000000000 ) ) ;
#5902 = VERTEX_POINT ( 'NONE', #906 ) ;
#5903 = ORIENTED_EDGE ( 'NONE', *, *, #1080, .T. ) ;
#5904 = EDGE_CURVE ( 'NONE', #605, #3560, #1324, .T. ) ;
#5905 = CARTESIAN_POINT ( 'NONE',  ( -4.280000000000000249, -3.650000000000000799, 8.800000000000000711 ) ) ;
#5906 = DIRECTION ( 'NONE',  ( -1.000000000000000000, 0.000000000000000000, 0.000000000000000000 ) ) ;
#5907 = VECTOR ( 'NONE', #3480, 1000.000000000000000 ) ;
#5908 = CARTESIAN_POINT ( 'NONE',  ( 0.8000000000000001554, -2.250000000000037748, 8.800000000000000711 ) ) ;
#5909 = ORIENTED_EDGE ( 'NONE', *, *, #4278, .F. ) ;
#5910 = EDGE_LOOP ( 'NONE', ( #2534, #6265, #770, #4988 ) ) ;
#5911 = DIRECTION ( 'NONE',  ( 0.7071067811865425767, 5.110978055611213600E-16, 0.7071067811865525687 ) ) ;
#5912 = CARTESIAN_POINT ( 'NONE',  ( -9.500000000000001776, 4.318629150101523706, 10.53137084989846883 ) ) ;
#5913 = VECTOR ( 'NONE', #1145, 1000.000000000000114 ) ;
#5914 = ORIENTED_EDGE ( 'NONE', *, *, #3701, .F. ) ;
#5915 = FACE_OUTER_BOUND ( 'NONE', #2244, .T. ) ;
#5916 = APPLICATION_PROTOCOL_DEFINITION ( 'international standard', 'config_control_design', 1994, #6646 ) ;
#5917 = DIRECTION ( 'NONE',  ( 0.000000000000000000, -1.000000000000000000, 0.000000000000000000 ) ) ;
#5918 = CARTESIAN_POINT ( 'NONE',  ( 3.930000000000001048, 3.849999999999961897, 8.800000000000000711 ) ) ;
#5919 = VECTOR ( 'NONE', #4101, 1000.000000000000000 ) ;
#5920 = CARTESIAN_POINT ( 'NONE',  ( -0.2999999999999999889, 2.640000000000000124, 14.69999999999999751 ) ) ;
#5921 = ORIENTED_EDGE ( 'NONE', *, *, #1762, .F. ) ;
#5922 = VECTOR ( 'NONE', #4215, 1000.000000000000000 ) ;
#5923 = VERTEX_POINT ( 'NONE', #1360 ) ;
#5924 = EDGE_CURVE ( 'NONE', #409, #7027, #3082, .T. ) ;
#5925 = EDGE_CURVE ( 'NONE', #704, #5398, #4118, .T. ) ;
#5926 = VERTEX_POINT ( 'NONE', #6706 ) ;
#5927 = CARTESIAN_POINT ( 'NONE',  ( 1.389999999999937730, -2.250000000000037748, 0.000000000000000000 ) ) ;
#5928 = CARTESIAN_POINT ( 'NONE',  ( -6.229999999999999538, 2.243799877109404317, 8.800000000000000711 ) ) ;
#5929 = CARTESIAN_POINT ( 'NONE',  ( 1.390000000000001013, 3.849999999999961897, 8.800000000000000711 ) ) ;
#5930 = CARTESIAN_POINT ( 'NONE',  ( -3.930000000000063665, -3.856200122890594884, 0.000000000000000000 ) ) ;
#5931 = ORIENTED_EDGE ( 'NONE', *, *, #4721, .F. ) ;
#5932 = ADVANCED_FACE ( 'NONE', ( #4008 ), #1397, .F. ) ;
#5933 = CARTESIAN_POINT ( 'NONE',  ( 0.000000000000000000, 0.000000000000000000, 19.99999999999999645 ) ) ;
#5934 = AXIS2_PLACEMENT_3D ( 'NONE', #5861, #5901, #2129 ) ;
#5935 = ORIENTED_EDGE ( 'NONE', *, *, #1838, .T. ) ;
#5936 = VECTOR ( 'NONE', #1678, 1000.000000000000000 ) ;
#5937 = CARTESIAN_POINT ( 'NONE',  ( -5.379999999999999893, 2.439999999999964420, 19.74999999999999289 ) ) ;
#5938 = ORIENTED_EDGE ( 'NONE', *, *, #3732, .T. ) ;
#5939 = EDGE_CURVE ( 'NONE', #1304, #4618, #2979, .T. ) ;
#5940 = EDGE_LOOP ( 'NONE', ( #2562, #1798, #1433, #1236, #548, #1363 ) ) ;
#5941 = VERTEX_POINT ( 'NONE', #5706 ) ;
#5942 = CARTESIAN_POINT ( 'NONE',  ( -1.149999999999999023, 2.243799877109404317, 8.800000000000000711 ) ) ;
#5943 = CARTESIAN_POINT ( 'NONE',  ( 3.340000000000000302, 2.243799877109404317, 8.800000000000000711 ) ) ;
#5944 = LINE ( 'NONE', #573, #2233 ) ;
#5945 = VERTEX_POINT ( 'NONE', #3043 ) ;
#5946 = CARTESIAN_POINT ( 'NONE',  ( -9.500000000000001776, 3.418629150101523795, 11.43137084989847807 ) ) ;
#5947 = CARTESIAN_POINT ( 'NONE',  ( -4.779999999999947846, 0.000000000000000000, 19.99999999999999645 ) ) ;
#5948 = EDGE_CURVE ( 'NONE', #2222, #2434, #5164, .T. ) ;
#5949 = ORIENTED_EDGE ( 'NONE', *, *, #6168, .F. ) ;
#5950 = DIRECTION ( 'NONE',  ( -1.000000000000000000, 0.000000000000000000, 0.000000000000000000 ) ) ;
#5951 = FACE_OUTER_BOUND ( 'NONE', #2508, .T. ) ;
#5952 = CARTESIAN_POINT ( 'NONE',  ( -4.779999999999947846, -2.440000000000035474, 19.74999999999999645 ) ) ;
#5953 = CARTESIAN_POINT ( 'NONE',  ( 0.000000000000000000, 2.439999999999982183, 14.69999999999999751 ) ) ;
#5954 = VERTEX_POINT ( 'NONE', #4635 ) ;
#5955 = AXIS2_PLACEMENT_3D ( 'NONE', #5661, #3467, #793 ) ;
#5956 = VERTEX_POINT ( 'NONE', #3580 ) ;
#5957 = VECTOR ( 'NONE', #2354, 1000.000000000000000 ) ;
#5958 = ORIENTED_EDGE ( 'NONE', *, *, #5358, .T. ) ;
#5959 = CARTESIAN_POINT ( 'NONE',  ( -1.149999999999999023, 3.849999999999961897, 8.800000000000000711 ) ) ;
#5960 = PLANE ( 'NONE',  #4291 ) ;
#5961 = LINE ( 'NONE', #5994, #6306 ) ;
#5962 = EDGE_CURVE ( 'NONE', #1713, #552, #4672, .T. ) ;
#5963 = AXIS2_PLACEMENT_3D ( 'NONE', #2743, #4453, #6617 ) ;
#5964 = LINE ( 'NONE', #1087, #6578 ) ;
#5965 = ORIENTED_EDGE ( 'NONE', *, *, #79, .T. ) ;
#5966 = LINE ( 'NONE', #1089, #3098 ) ;
#5967 = ORIENTED_EDGE ( 'NONE', *, *, #3424, .F. ) ;
#5968 = CARTESIAN_POINT ( 'NONE',  ( -3.930000000000063665, -2.250000000000037748, 8.800000000000000711 ) ) ;
#5969 = ADVANCED_FACE ( 'NONE', ( #2504 ), #4254, .F. ) ;
#5970 = LINE ( 'NONE', #1094, #6241 ) ;
#5971 = ORIENTED_EDGE ( 'NONE', *, *, #4570, .F. ) ;
#5972 = ORIENTED_EDGE ( 'NONE', *, *, #7004, .T. ) ;
#5973 = VERTEX_POINT ( 'NONE', #5813 ) ;
#5974 = CARTESIAN_POINT ( 'NONE',  ( 1.740000000000000213, 2.243799877109404317, 0.000000000000000000 ) ) ;
#5975 = ADVANCED_FACE ( 'NONE', ( #3792 ), #4284, .F. ) ;
#5976 = CARTESIAN_POINT ( 'NONE',  ( 0.3000000000000528910, -2.439999999999999947, 19.74999999999999645 ) ) ;
#5977 = ORIENTED_EDGE ( 'NONE', *, *, #3930, .F. ) ;
#5978 = DIRECTION ( 'NONE',  ( 0.000000000000000000, -1.000000000000000000, 0.000000000000000000 ) ) ;
#5979 = CARTESIAN_POINT ( 'NONE',  ( 5.379999999999999893, 0.000000000000000000, 19.74999999999999645 ) ) ;
#5980 = VERTEX_POINT ( 'NONE', #3119 ) ;
#5981 = CARTESIAN_POINT ( 'NONE',  ( -7.799999999999998046, 0.9500000000000009548, 8.800000000000000711 ) ) ;
#5982 = CARTESIAN_POINT ( 'NONE',  ( 0.000000000000000000, 0.000000000000000000, 15.69999999999999929 ) ) ;
#5983 = ADVANCED_FACE ( 'NONE', ( #2144 ), #1078, .T. ) ;
#5984 = DIRECTION ( 'NONE',  ( -0.000000000000000000, -1.000000000000000000, -0.000000000000000000 ) ) ;
#5985 = DIRECTION ( 'NONE',  ( 0.000000000000000000, 1.000000000000000000, 0.000000000000000000 ) ) ;
#5986 = ADVANCED_FACE ( 'NONE', ( #1536 ), #3190, .F. ) ;
#5987 = ORIENTED_EDGE ( 'NONE', *, *, #3222, .T. ) ;
#5988 = AXIS2_PLACEMENT_3D ( 'NONE', #5461, #57, #196 ) ;
#5989 = EDGE_LOOP ( 'NONE', ( #4333, #534, #3689, #4413 ) ) ;
#5990 = ORIENTED_EDGE ( 'NONE', *, *, #3709, .T. ) ;
#5991 = LINE ( 'NONE', #6633, #3880 ) ;
#5992 = VECTOR ( 'NONE', #6913, 1000.000000000000000 ) ;
#5993 = CARTESIAN_POINT ( 'NONE',  ( 0.3000000000000528910, -2.439999999999999947, 14.69999999999999751 ) ) ;
#5994 = CARTESIAN_POINT ( 'NONE',  ( -7.799999999999998046, -0.9499999999999990674, 1.400000000000008793 ) ) ;
#5995 = ORIENTED_EDGE ( 'NONE', *, *, #3307, .F. ) ;
#5996 = CARTESIAN_POINT ( 'NONE',  ( -1.908195823574487804E-15, 2.640000000000000124, 19.99999999999999645 ) ) ;
#5997 = ORIENTED_EDGE ( 'NONE', *, *, #6570, .T. ) ;
#5998 = CARTESIAN_POINT ( 'NONE',  ( 5.030000000000057092, 0.000000000000000000, 19.99999999999999645 ) ) ;
#5999 = EDGE_CURVE ( 'NONE', #6006, #146, #4318, .T. ) ;
#6000 = ORIENTED_EDGE ( 'NONE', *, *, #2792, .F. ) ;
#6001 = DIRECTION ( 'NONE',  ( -0.000000000000000000, -0.6156614753256561823, -0.7880107536067235685 ) ) ;
#6002 = DIRECTION ( 'NONE',  ( 0.000000000000000000, -1.000000000000000000, 0.000000000000000000 ) ) ;
#6003 = ORIENTED_EDGE ( 'NONE', *, *, #4169, .F. ) ;
#6004 = CARTESIAN_POINT ( 'NONE',  ( -1.908195823574477154E-15, 2.639999999999984581, 19.99999999999999645 ) ) ;
#6005 = EDGE_CURVE ( 'NONE', #3446, #2008, #1046, .T. ) ;
#6006 = VERTEX_POINT ( 'NONE', #5952 ) ;
#6007 = ORIENTED_EDGE ( 'NONE', *, *, #639, .F. ) ;
#6008 = AXIS2_PLACEMENT_3D ( 'NONE', #1872, #4055, #4578 ) ;
#6009 = CARTESIAN_POINT ( 'NONE',  ( -0.7999999999999999334, 2.043799877109404584, 0.000000000000000000 ) ) ;
#6010 = DIRECTION ( 'NONE',  ( 1.000000000000000000, 0.000000000000000000, -0.000000000000000000 ) ) ;
#6011 = VERTEX_POINT ( 'NONE', #2006 ) ;
#6012 = LINE ( 'NONE', #3386, #7041 ) ;
#6013 = VECTOR ( 'NONE', #2644, 1000.000000000000000 ) ;
#6014 = PLANE ( 'NONE',  #6939 ) ;
#6015 = EDGE_CURVE ( 'NONE', #5362, #1633, #1467, .T. ) ;
#6016 = ORIENTED_EDGE ( 'NONE', *, *, #1782, .F. ) ;
#6017 = VECTOR ( 'NONE', #4852, 1000.000000000000000 ) ;
#6018 = CARTESIAN_POINT ( 'NONE',  ( -1.244999999999973683, -2.640000000000017888, 18.75500000000002032 ) ) ;
#6019 = CARTESIAN_POINT ( 'NONE',  ( 6.229999999999938254, -2.250000000000037748, 8.800000000000000711 ) ) ;
#6020 = PLANE ( 'NONE',  #2274 ) ;
#6021 = DIRECTION ( 'NONE',  ( 1.112002228190260952E-16, 1.000000000000000000, -0.000000000000000000 ) ) ;
#6022 = AXIS2_PLACEMENT_3D ( 'NONE', #2999, #1850, #6831 ) ;
#6023 = ORIENTED_EDGE ( 'NONE', *, *, #4268, .T. ) ;
#6024 = FACE_OUTER_BOUND ( 'NONE', #3334, .T. ) ;
#6025 = VECTOR ( 'NONE', #1247, 1000.000000000000000 ) ;
#6026 = VECTOR ( 'NONE', #2190, 1000.000000000000000 ) ;
#6027 = EDGE_LOOP ( 'NONE', ( #5914, #6677, #2961, #2459 ) ) ;
#6028 = EDGE_CURVE ( 'NONE', #979, #3954, #7023, .T. ) ;
#6029 = ADVANCED_FACE ( 'NONE', ( #3227 ), #6448, .T. ) ;
#6030 = ORIENTED_EDGE ( 'NONE', *, *, #4173, .F. ) ;
#6031 = AXIS2_PLACEMENT_3D ( 'NONE', #1383, #1914, #6299 ) ;
#6032 = LINE ( 'NONE', #3336, #1364 ) ;
#6033 = CARTESIAN_POINT ( 'NONE',  ( 7.800000000000001599, -0.9500000000000007327, 8.800000000000000711 ) ) ;
#6034 = VECTOR ( 'NONE', #5911, 999.9999999999998863 ) ;
#6035 = DIRECTION ( 'NONE',  ( -1.000000000000000000, -0.000000000000000000, -0.000000000000000000 ) ) ;
#6036 = EDGE_LOOP ( 'NONE', ( #2337, #1051, #4743, #4246 ) ) ;
#6037 = EDGE_CURVE ( 'NONE', #6340, #4864, #975, .T. ) ;
#6038 = CARTESIAN_POINT ( 'NONE',  ( 1.390000000000001013, 2.243799877109404317, 8.800000000000000711 ) ) ;
#6039 = VERTEX_POINT ( 'NONE', #5272 ) ;
#6040 = FACE_OUTER_BOUND ( 'NONE', #4911, .T. ) ;
#6041 = ORIENTED_EDGE ( 'NONE', *, *, #1641, .F. ) ;
#6042 = PLANE ( 'NONE',  #2813 ) ;
#6043 = CARTESIAN_POINT ( 'NONE',  ( -7.500000000000000888, -1.500000000000000666, 11.19999999999999751 ) ) ;
#6044 = ORIENTED_EDGE ( 'NONE', *, *, #3169, .F. ) ;
#6045 = CARTESIAN_POINT ( 'NONE',  ( -6.229999999999999538, 3.849999999999961897, 8.800000000000000711 ) ) ;
#6046 = VECTOR ( 'NONE', #2333, 1000.000000000000000 ) ;
#6047 = ORIENTED_EDGE ( 'NONE', *, *, #2730, .T. ) ;
#6048 = ORIENTED_EDGE ( 'NONE', *, *, #3413, .F. ) ;
#6049 = CARTESIAN_POINT ( 'NONE',  ( -7.799999999999998046, 0.9500000000000009548, 1.400000000000008793 ) ) ;
#6050 = EDGE_CURVE ( 'NONE', #349, #5530, #515, .T. ) ;
#6051 = ORIENTED_EDGE ( 'NONE', *, *, #6458, .F. ) ;
#6052 = LINE ( 'NONE', #4942, #2838 ) ;
#6053 = DIRECTION ( 'NONE',  ( 1.000000000000000000, 0.000000000000000000, 0.000000000000000000 ) ) ;
#6054 = DIRECTION ( 'NONE',  ( -0.000000000000000000, 0.6156614753256561823, 0.7880107536067235685 ) ) ;
#6055 = LINE ( 'NONE', #4460, #4704 ) ;
#6056 = CARTESIAN_POINT ( 'NONE',  ( 9.499999999999998224, -4.649999999999998579, 10.19999999999999929 ) ) ;
#6057 = DIRECTION ( 'NONE',  ( -1.000000000000000000, 0.000000000000000000, 0.000000000000000000 ) ) ;
#6058 = EDGE_CURVE ( 'NONE', #6958, #166, #442, .T. ) ;
#6059 = ORIENTED_EDGE ( 'NONE', *, *, #1072, .T. ) ;
#6060 = DIRECTION ( 'NONE',  ( 0.000000000000000000, 0.000000000000000000, -1.000000000000000000 ) ) ;
#6061 = FACE_OUTER_BOUND ( 'NONE', #5551, .T. ) ;
#6062 = ORIENTED_EDGE ( 'NONE', *, *, #2383, .T. ) ;
#6063 = CARTESIAN_POINT ( 'NONE',  ( -6.229999999999999538, 2.243799877109404317, 0.000000000000000000 ) ) ;
#6064 = DIRECTION ( 'NONE',  ( 1.000000000000000000, 0.000000000000000000, 0.000000000000000000 ) ) ;
#6065 = PLANE ( 'NONE',  #3443 ) ;
#6066 = VECTOR ( 'NONE', #829, 1000.000000000000000 ) ;
#6067 = EDGE_CURVE ( 'NONE', #1139, #604, #4707, .T. ) ;
#6068 = VERTEX_POINT ( 'NONE', #6414 ) ;
#6069 = PRODUCT_DEFINITION ( 'UNKNOWN', '', #1907, #1277 ) ;
#6070 = LINE ( 'NONE', #1192, #1121 ) ;
#6071 = ORIENTED_EDGE ( 'NONE', *, *, #862, .T. ) ;
#6072 = DIRECTION ( 'NONE',  ( 0.000000000000000000, -1.000000000000000000, 0.000000000000000000 ) ) ;
#6073 = ORIENTED_EDGE ( 'NONE', *, *, #2076, .F. ) ;
#6074 = DIRECTION ( 'NONE',  ( 1.000000000000000000, 7.228014483236698528E-16, 0.000000000000000000 ) ) ;
#6075 = VECTOR ( 'NONE', #3421, 1000.000000000000000 ) ;
#6076 = EDGE_CURVE ( 'NONE', #6870, #961, #2039, .T. ) ;
#6077 = CARTESIAN_POINT ( 'NONE',  ( 8.699999999999997513, -2.949999999999999734, 10.19999999999999929 ) ) ;
#6078 = ORIENTED_EDGE ( 'NONE', *, *, #2914, .F. ) ;
#6079 = DIRECTION ( 'NONE',  ( -0.000000000000000000, -0.000000000000000000, 1.000000000000000000 ) ) ;
#6080 = ORIENTED_EDGE ( 'NONE', *, *, #1457, .F. ) ;
#6081 = VERTEX_POINT ( 'NONE', #6385 ) ;
#6082 = CARTESIAN_POINT ( 'NONE',  ( 3.929999999999937987, -3.856200122890594884, 8.800000000000000711 ) ) ;
#6083 = ORIENTED_EDGE ( 'NONE', *, *, #5772, .F. ) ;
#6084 = DIRECTION ( 'NONE',  ( 0.000000000000000000, 0.000000000000000000, -1.000000000000000000 ) ) ;
#6085 = CARTESIAN_POINT ( 'NONE',  ( -9.100000000000001421, 3.750000000000001776, 0.000000000000000000 ) ) ;
#6086 = EDGE_LOOP ( 'NONE', ( #6476, #2218, #2676, #4565 ) ) ;
#6087 = EDGE_CURVE ( 'NONE', #5586, #6515, #5847, .T. ) ;
#6088 = LINE ( 'NONE', #1210, #5223 ) ;
#6089 = CARTESIAN_POINT ( 'NONE',  ( 7.500000000000000000, -2.100000000000000089, 14.69999999999999751 ) ) ;
#6090 = DIRECTION ( 'NONE',  ( 0.000000000000000000, 1.000000000000000000, 0.000000000000000000 ) ) ;
#6091 = CARTESIAN_POINT ( 'NONE',  ( 7.500000000000000000, -3.749999999999999112, 14.69999999999999751 ) ) ;
#6092 = VERTEX_POINT ( 'NONE', #481 ) ;
#6093 = DIRECTION ( 'NONE',  ( 0.000000000000000000, 1.000000000000000000, 0.000000000000000000 ) ) ;
#6094 = DIRECTION ( 'NONE',  ( -0.000000000000000000, -0.000000000000000000, -1.000000000000000000 ) ) ;
#6095 = AXIS2_PLACEMENT_3D ( 'NONE', #4001, #6021, #5058 ) ;
#6096 = EDGE_CURVE ( 'NONE', #6370, #6719, #3720, .T. ) ;
#6097 = VERTEX_POINT ( 'NONE', #4880 ) ;
#6098 = CARTESIAN_POINT ( 'NONE',  ( -0.2999999999999470868, -2.440000000000000391, 19.74999999999999289 ) ) ;
#6099 = CARTESIAN_POINT ( 'NONE',  ( 0.2999999999999999889, 2.439999999999999947, 19.74999999999999645 ) ) ;
#6100 = LINE ( 'NONE', #3475, #938 ) ;
#6101 = EDGE_LOOP ( 'NONE', ( #2758, #1026, #3903, #5832 ) ) ;
#6102 = CARTESIAN_POINT ( 'NONE',  ( 0.000000000000000000, 2.439999999999999947, 19.99999999999999645 ) ) ;
#6103 = EDGE_LOOP ( 'NONE', ( #6525, #1873, #4097, #2845 ) ) ;
#6104 = CARTESIAN_POINT ( 'NONE',  ( 1.390000000000001013, 2.243799877109404317, 8.800000000000000711 ) ) ;
#6105 = VECTOR ( 'NONE', #3913, 1000.000000000000000 ) ;
#6106 = ORIENTED_EDGE ( 'NONE', *, *, #3914, .T. ) ;
#6107 = LINE ( 'NONE', #1229, #5533 ) ;
#6108 = DIRECTION ( 'NONE',  ( 0.000000000000000000, 1.000000000000000000, 0.000000000000000000 ) ) ;
#6109 = VERTEX_POINT ( 'NONE', #6661 ) ;
#6110 = LINE ( 'NONE', #2774, #2196 ) ;
#6111 = EDGE_CURVE ( 'NONE', #6781, #4198, #2754, .T. ) ;
#6112 = ORIENTED_EDGE ( 'NONE', *, *, #1098, .T. ) ;
#6113 = EDGE_CURVE ( 'NONE', #6403, #426, #650, .T. ) ;
#6114 = ORIENTED_EDGE ( 'NONE', *, *, #4556, .T. ) ;
#6115 = EDGE_CURVE ( 'NONE', #6341, #2944, #6126, .T. ) ;
#6116 = DIRECTION ( 'NONE',  ( -1.334402673828312846E-15, -1.000000000000000000, 0.000000000000000000 ) ) ;
#6117 = ORIENTED_EDGE ( 'NONE', *, *, #376, .T. ) ;
#6118 = LINE ( 'NONE', #1242, #2726 ) ;
#6119 = FACE_OUTER_BOUND ( 'NONE', #4394, .T. ) ;
#6120 = ADVANCED_FACE ( 'NONE', ( #2786 ), #3393, .T. ) ;
#6121 = VECTOR ( 'NONE', #61, 1000.000000000000000 ) ;
#6122 = ADVANCED_FACE ( 'NONE', ( #1212 ), #4948, .T. ) ;
#6123 = EDGE_LOOP ( 'NONE', ( #1879, #4426, #418, #6166 ) ) ;
#6124 = CARTESIAN_POINT ( 'NONE',  ( -7.799999999999998046, -0.9499999999999990674, 8.800000000000000711 ) ) ;
#6125 = LINE ( 'NONE', #6089, #5048 ) ;
#6126 = LINE ( 'NONE', #1785, #4075 ) ;
#6127 = CARTESIAN_POINT ( 'NONE',  ( 2.240000000000053060, -2.440000000000000391, 19.74999999999999289 ) ) ;
#6128 = VECTOR ( 'NONE', #1104, 1000.000000000000000 ) ;
#6129 = VERTEX_POINT ( 'NONE', #5554 ) ;
#6130 = PLANE ( 'NONE',  #809 ) ;
#6132 = ORIENTED_EDGE ( 'NONE', *, *, #5811, .T. ) ;
#6131 = VECTOR ( 'NONE', #2308, 1000.000000000000000 ) ;
#6133 = VECTOR ( 'NONE', #3142, 1000.000000000000000 ) ;
#6134 = VERTEX_POINT ( 'NONE', #6518 ) ;
#6135 = FACE_OUTER_BOUND ( 'NONE', #5329, .T. ) ;
#6136 = DIRECTION ( 'NONE',  ( 1.000000000000000000, -1.626303258728255862E-15, 0.000000000000000000 ) ) ;
#6137 = FACE_BOUND ( 'NONE', #3373, .T. ) ;
#6138 = CARTESIAN_POINT ( 'NONE',  ( 9.500000000000000000, 3.750000000000000000, 11.09999999999999964 ) ) ;
#6139 = EDGE_LOOP ( 'NONE', ( #1898, #4790, #2061, #2292 ) ) ;
#6140 = VECTOR ( 'NONE', #3507, 1000.000000000000000 ) ;
#6141 = EDGE_CURVE ( 'NONE', #1632, #1425, #3823, .T. ) ;
#6142 = EDGE_CURVE ( 'NONE', #4380, #4478, #4985, .T. ) ;
#6143 = LINE ( 'NONE', #2982, #1014 ) ;
#6144 = ORIENTED_EDGE ( 'NONE', *, *, #680, .T. ) ;
#6145 = VECTOR ( 'NONE', #2321, 1000.000000000000000 ) ;
#6146 = ORIENTED_EDGE ( 'NONE', *, *, #281, .T. ) ;
#6147 = DIRECTION ( 'NONE',  ( -1.000000000000000000, 0.000000000000000000, 0.000000000000000000 ) ) ;
#6148 = EDGE_CURVE ( 'NONE', #3046, #2543, #546, .T. ) ;
#6149 = CARTESIAN_POINT ( 'NONE',  ( -3.690000000000062119, -2.250000000000037748, 8.800000000000000711 ) ) ;
#6150 = VECTOR ( 'NONE', #4872, 1000.000000000000000 ) ;
#6151 = VERTEX_POINT ( 'NONE', #686 ) ;
#6152 = CARTESIAN_POINT ( 'NONE',  ( -8.700000000000001066, -2.949999999999999734, 15.69999999999999929 ) ) ;
#6153 = VERTEX_POINT ( 'NONE', #1110 ) ;
#6154 = CARTESIAN_POINT ( 'NONE',  ( -7.300000000000000711, 3.750000000000001776, 8.800000000000000711 ) ) ;
#6155 = EDGE_CURVE ( 'NONE', #6959, #4613, #1716, .T. ) ;
#6156 = DIRECTION ( 'NONE',  ( 0.000000000000000000, 0.000000000000000000, 1.000000000000000000 ) ) ;
#6157 = EDGE_CURVE ( 'NONE', #472, #2352, #4422, .T. ) ;
#6158 = CARTESIAN_POINT ( 'NONE',  ( -7.799999999999998046, -0.9499999999999990674, 8.800000000000000711 ) ) ;
#6159 = ORIENTED_EDGE ( 'NONE', *, *, #3102, .F. ) ;
#6160 = VECTOR ( 'NONE', #3309, 1000.000000000000000 ) ;
#6161 = CARTESIAN_POINT ( 'NONE',  ( 2.839999999999999858, 0.000000000000000000, 19.74999999999999645 ) ) ;
#6162 = LINE ( 'NONE', #1146, #6300 ) ;
#6163 = VECTOR ( 'NONE', #4780, 1000.000000000000000 ) ;
#6164 = DIRECTION ( 'NONE',  ( -1.000000000000000000, -7.228014483236696555E-16, 0.000000000000000000 ) ) ;
#6165 = CARTESIAN_POINT ( 'NONE',  ( -2.839999999999947011, -2.440000000000017710, 19.99999999999999645 ) ) ;
#6166 = ORIENTED_EDGE ( 'NONE', *, *, #6854, .T. ) ;
#6167 = DIRECTION ( 'NONE',  ( -1.000000000000000000, 0.000000000000000000, 0.000000000000000000 ) ) ;
#6168 = EDGE_CURVE ( 'NONE', #1664, #183, #16, .T. ) ;
#6169 = ORIENTED_EDGE ( 'NONE', *, *, #2095, .T. ) ;
#6170 = ORIENTED_EDGE ( 'NONE', *, *, #2234, .T. ) ;
#6171 = DIRECTION ( 'NONE',  ( -0.7071067811865425767, 0.000000000000000000, -0.7071067811865525687 ) ) ;
#6172 = LINE ( 'NONE', #3472, #3987 ) ;
#6173 = CARTESIAN_POINT ( 'NONE',  ( -5.879999999999999893, -3.650000000000000799, 8.800000000000000711 ) ) ;
#6174 = DIRECTION ( 'NONE',  ( -0.000000000000000000, -0.7071067811865502373, -0.7071067811865447972 ) ) ;
#6175 = VECTOR ( 'NONE', #4249, 999.9999999999998863 ) ;
#6176 = ORIENTED_EDGE ( 'NONE', *, *, #6933, .T. ) ;
#6177 = LINE ( 'NONE', #6102, #1344 ) ;
#6178 = ORIENTED_EDGE ( 'NONE', *, *, #4523, .T. ) ;
#6179 = ORIENTED_EDGE ( 'NONE', *, *, #246, .T. ) ;
#6180 = LINE ( 'NONE', #4644, #3416 ) ;
#6181 = EDGE_CURVE ( 'NONE', #5012, #2201, #4914, .T. ) ;
#6182 = CARTESIAN_POINT ( 'NONE',  ( -4.780000000000000249, 0.000000000000000000, 19.74999999999999645 ) ) ;
#6183 = CARTESIAN_POINT ( 'NONE',  ( 9.099999999999997868, -3.750000000000001776, 8.800000000000000711 ) ) ;
#6184 = VERTEX_POINT ( 'NONE', #48 ) ;
#6185 = VECTOR ( 'NONE', #371, 1000.000000000000000 ) ;
#6186 = DIRECTION ( 'NONE',  ( 1.000000000000000000, 0.000000000000000000, 0.000000000000000000 ) ) ;
#6187 = ORIENTED_EDGE ( 'NONE', *, *, #1098, .F. ) ;
#6188 = EDGE_CURVE ( 'NONE', #3978, #6097, #4495, .T. ) ;
#6189 = LINE ( 'NONE', #5147, #4651 ) ;
#6190 = VECTOR ( 'NONE', #4765, 1000.000000000000000 ) ;
#6191 = FACE_OUTER_BOUND ( 'NONE', #5430, .T. ) ;
#6192 = ORIENTED_EDGE ( 'NONE', *, *, #3761, .F. ) ;
#6193 = CARTESIAN_POINT ( 'NONE',  ( -7.500000000000000000, -3.749999999999999112, 14.69999999999999751 ) ) ;
#6194 = EDGE_CURVE ( 'NONE', #3012, #3975, #1677, .T. ) ;
#6195 = DIRECTION ( 'NONE',  ( 0.000000000000000000, 0.000000000000000000, -1.000000000000000000 ) ) ;
#6196 = LINE ( 'NONE', #1314, #6701 ) ;
#6197 = DIRECTION ( 'NONE',  ( 0.000000000000000000, 0.000000000000000000, -1.000000000000000000 ) ) ;
#6198 = ORIENTED_EDGE ( 'NONE', *, *, #3995, .T. ) ;
#6199 = DIRECTION ( 'NONE',  ( 0.000000000000000000, 1.000000000000000000, 0.000000000000000000 ) ) ;
#6200 = LINE ( 'NONE', #3503, #2662 ) ;
#6201 = ORIENTED_EDGE ( 'NONE', *, *, #6037, .F. ) ;
#6202 = ADVANCED_FACE ( 'NONE', ( #6590 ), #6020, .F. ) ;
#6203 = CARTESIAN_POINT ( 'NONE',  ( 9.099999999999997868, 3.750000000000001776, 0.000000000000000000 ) ) ;
#6204 = CARTESIAN_POINT ( 'NONE',  ( 6.230000000000001315, 3.849999999999961897, 8.800000000000000711 ) ) ;
#6205 = EDGE_CURVE ( 'NONE', #1902, #4200, #1180, .T. ) ;
#6206 = CARTESIAN_POINT ( 'NONE',  ( -9.500000000000001776, 3.849999999999999201, 10.19999999999999929 ) ) ;
#6207 = LINE ( 'NONE', #871, #4970 ) ;
#6208 = CARTESIAN_POINT ( 'NONE',  ( -9.500000000000001776, -2.100000000000000089, 14.69999999999999751 ) ) ;
#6209 = ORIENTED_EDGE ( 'NONE', *, *, #6067, .T. ) ;
#6210 = DIRECTION ( 'NONE',  ( 0.7071067811865474617, 5.110978055611248113E-16, 0.7071067811865474617 ) ) ;
#6211 = VECTOR ( 'NONE', #608, 1000.000000000000000 ) ;
#6212 = VERTEX_POINT ( 'NONE', #5517 ) ;
#6213 = ORGANIZATION ( 'UNSPECIFIED', 'UNSPECIFIED', '' ) ;
#6214 = VERTEX_POINT ( 'NONE', #3931 ) ;
#6215 = CARTESIAN_POINT ( 'NONE',  ( -9.100000000000001421, -3.750000000000001776, 8.800000000000000711 ) ) ;
#6216 = FACE_OUTER_BOUND ( 'NONE', #647, .T. ) ;
#6217 = LINE ( 'NONE', #5643, #3519 ) ;
#6218 = VECTOR ( 'NONE', #2590, 1000.000000000000000 ) ;
#6219 = EDGE_CURVE ( 'NONE', #5129, #6184, #2420, .T. ) ;
#6220 = VERTEX_POINT ( 'NONE', #4526 ) ;
#6221 = VECTOR ( 'NONE', #4260, 1000.000000000000114 ) ;
#6222 = DIRECTION ( 'NONE',  ( -0.000000000000000000, -1.000000000000000000, -0.000000000000000000 ) ) ;
#6223 = EDGE_LOOP ( 'NONE', ( #4849, #4288, #3912, #6752 ) ) ;
#6224 = VECTOR ( 'NONE', #3258, 1000.000000000000114 ) ;
#6225 = CARTESIAN_POINT ( 'NONE',  ( -9.500000000000001776, 2.950000000000000178, 11.90000000000000568 ) ) ;
#6226 = CARTESIAN_POINT ( 'NONE',  ( 0.000000000000000000, 2.439999999999964420, 19.99999999999999645 ) ) ;
#6227 = EDGE_CURVE ( 'NONE', #6006, #3528, #5122, .T. ) ;
#6228 = VECTOR ( 'NONE', #3008, 999.9999999999998863 ) ;
#6229 = EDGE_LOOP ( 'NONE', ( #1209, #4322, #1345, #2194 ) ) ;
#6230 = CARTESIAN_POINT ( 'NONE',  ( 2.515000000000001901, 2.439999999999999947, 17.48499999999999233 ) ) ;
#6231 = CARTESIAN_POINT ( 'NONE',  ( 3.340000000000000302, -3.650000000000018563, 0.000000000000000000 ) ) ;
#6232 = CARTESIAN_POINT ( 'NONE',  ( -4.779999999999947846, 0.000000000000000000, 19.74999999999999645 ) ) ;
#6233 = DIRECTION ( 'NONE',  ( -1.000000000000000000, 0.000000000000000000, 0.000000000000000000 ) ) ;
#6234 = EDGE_LOOP ( 'NONE', ( #6559, #6567, #3252, #6159, #5583 ) ) ;
#6235 = DIRECTION ( 'NONE',  ( 0.000000000000000000, 0.000000000000000000, 1.000000000000000000 ) ) ;
#6236 = ADVANCED_FACE ( 'NONE', ( #5188 ), #4071, .F. ) ;
#6237 = PLANE ( 'NONE',  #4356 ) ;
#6238 = ORIENTED_EDGE ( 'NONE', *, *, #1234, .F. ) ;
#6239 = DIRECTION ( 'NONE',  ( 0.000000000000000000, -1.000000000000000000, 0.000000000000000000 ) ) ;
#6240 = CARTESIAN_POINT ( 'NONE',  ( 7.500000000000000000, -3.749999999999999112, 15.69999999999999929 ) ) ;
#6241 = VECTOR ( 'NONE', #3276, 1000.000000000000000 ) ;
#6242 = CARTESIAN_POINT ( 'NONE',  ( 0.000000000000000000, 2.439999999999999947, 19.99999999999999645 ) ) ;
#6243 = CARTESIAN_POINT ( 'NONE',  ( -2.565000000000035918, 2.439999999999964420, 22.56499999999999773 ) ) ;
#6244 = FACE_OUTER_BOUND ( 'NONE', #2168, .T. ) ;
#6245 = ORIENTED_EDGE ( 'NONE', *, *, #6288, .T. ) ;
#6246 = AXIS2_PLACEMENT_3D ( 'NONE', #2245, #1777, #181 ) ;
#6247 = PLANE ( 'NONE',  #2956 ) ;
#6248 = ADVANCED_FACE ( 'NONE', ( #1962 ), #2929, .F. ) ;
#6249 = VERTEX_POINT ( 'NONE', #2492 ) ;
#6250 = ORIENTED_EDGE ( 'NONE', *, *, #1500, .T. ) ;
#6251 = ORIENTED_EDGE ( 'NONE', *, *, #5565, .T. ) ;
#6252 = CARTESIAN_POINT ( 'NONE',  ( 7.499999999999999112, -1.499999999999998890, 14.69999999999999751 ) ) ;
#6253 = DIRECTION ( 'NONE',  ( 0.000000000000000000, 0.000000000000000000, -1.000000000000000000 ) ) ;
#6254 = AXIS2_PLACEMENT_3D ( 'NONE', #2967, #1882, #287 ) ;
#6255 = ADVANCED_FACE ( 'NONE', ( #3430 ), #6304, .F. ) ;
#6256 = LINE ( 'NONE', #2343, #4647 ) ;
#6257 = AXIS2_PLACEMENT_3D ( 'NONE', #4386, #2820, #6588 ) ;
#6258 = VERTEX_POINT ( 'NONE', #6832 ) ;
#6259 = FACE_OUTER_BOUND ( 'NONE', #1016, .T. ) ;
#6260 = ORIENTED_EDGE ( 'NONE', *, *, #2652, .F. ) ;
#6261 = AXIS2_PLACEMENT_3D ( 'NONE', #748, #3355, #4981 ) ;
#6262 = VECTOR ( 'NONE', #7015, 1000.000000000000000 ) ;
#6263 = CARTESIAN_POINT ( 'NONE',  ( 1.740000000000000213, 0.9499999999999998446, 8.800000000000000711 ) ) ;
#6264 = PLANE ( 'NONE',  #1596 ) ;
#6265 = ORIENTED_EDGE ( 'NONE', *, *, #5013, .T. ) ;
#6266 = CARTESIAN_POINT ( 'NONE',  ( -3.689999999999998614, 2.243799877109404317, 8.800000000000000711 ) ) ;
#6267 = DIRECTION ( 'NONE',  ( 0.000000000000000000, 1.000000000000000000, 0.000000000000000000 ) ) ;
#6268 = EDGE_CURVE ( 'NONE', #4639, #4542, #825, .T. ) ;
#6269 = DIRECTION ( 'NONE',  ( -1.000000000000000000, -0.000000000000000000, -0.000000000000000000 ) ) ;
#6270 = CARTESIAN_POINT ( 'NONE',  ( 5.380000000000053184, 0.000000000000000000, 14.69999999999999751 ) ) ;
#6271 = ORIENTED_EDGE ( 'NONE', *, *, #6058, .F. ) ;
#6272 = CARTESIAN_POINT ( 'NONE',  ( -5.129999999999999893, 0.000000000000000000, 19.99999999999999645 ) ) ;
#6273 = CARTESIAN_POINT ( 'NONE',  ( 0.8000000000000003775, 0.9500000000000003997, 1.400000000000008349 ) ) ;
#6274 = VECTOR ( 'NONE', #872, 1000.000000000000000 ) ;
#6275 = ORIENTED_EDGE ( 'NONE', *, *, #4058, .T. ) ;
#6276 = CARTESIAN_POINT ( 'NONE',  ( -1.389999999999998792, 2.243799877109404317, 0.000000000000000000 ) ) ;
#6277 = PLANE ( 'NONE',  #988 ) ;
#6278 = DIRECTION ( 'NONE',  ( 0.000000000000000000, -0.000000000000000000, -1.000000000000000000 ) ) ;
#6279 = EDGE_CURVE ( 'NONE', #2613, #1174, #6759, .T. ) ;
#6280 = DIRECTION ( 'NONE',  ( 0.000000000000000000, -0.000000000000000000, -1.000000000000000000 ) ) ;
#6281 = LINE ( 'NONE', #1398, #6274 ) ;
#6282 = VERTEX_POINT ( 'NONE', #5153 ) ;
#6283 = LINE ( 'NONE', #7016, #6128 ) ;
#6284 = AXIS2_PLACEMENT_3D ( 'NONE', #5045, #177, #6928 ) ;
#6285 = VERTEX_POINT ( 'NONE', #1387 ) ;
#6286 = VERTEX_POINT ( 'NONE', #321 ) ;
#6287 = VERTEX_POINT ( 'NONE', #4142 ) ;
#6288 = EDGE_CURVE ( 'NONE', #149, #3762, #2452, .T. ) ;
#6289 = PLANE ( 'NONE',  #2698 ) ;
#6290 = CARTESIAN_POINT ( 'NONE',  ( -1.149999999999999023, 3.849999999999961897, 0.000000000000000000 ) ) ;
#6291 = LINE ( 'NONE', #3592, #6689 ) ;
#6292 = ORIENTED_EDGE ( 'NONE', *, *, #2487, .F. ) ;
#6293 = CARTESIAN_POINT ( 'NONE',  ( -5.129999999999947491, -2.640000000000036096, 19.99999999999999645 ) ) ;
#6294 = EDGE_LOOP ( 'NONE', ( #3776, #2494, #3921, #2140, #3196 ) ) ;
#6295 = EDGE_CURVE ( 'NONE', #2417, #5039, #6793, .T. ) ;
#6296 = EDGE_CURVE ( 'NONE', #5805, #2294, #1819, .T. ) ;
#6297 = VECTOR ( 'NONE', #1720, 1000.000000000000000 ) ;
#6298 = DIRECTION ( 'NONE',  ( 0.000000000000000000, 1.000000000000000000, 0.000000000000000000 ) ) ;
#6299 = DIRECTION ( 'NONE',  ( 0.000000000000000000, -0.000000000000000000, 1.000000000000000000 ) ) ;
#6300 = VECTOR ( 'NONE', #3392, 1000.000000000000000 ) ;
#6301 = ORIENTED_EDGE ( 'NONE', *, *, #2002, .T. ) ;
#6302 = CARTESIAN_POINT ( 'NONE',  ( -1.908195823574487015E-15, 2.639999999999998348, 14.69999999999999751 ) ) ;
#6303 = CARTESIAN_POINT ( 'NONE',  ( 1.763635533909754208E-15, -2.440000000000000391, 19.99999999999999645 ) ) ;
#6304 = PLANE ( 'NONE',  #6254 ) ;
#6305 = DIRECTION ( 'NONE',  ( 0.000000000000000000, 1.000000000000000000, 0.000000000000000000 ) ) ;
#6306 = VECTOR ( 'NONE', #1118, 1000.000000000000000 ) ;
#6307 = ORIENTED_EDGE ( 'NONE', *, *, #2287, .T. ) ;
#6308 = CARTESIAN_POINT ( 'NONE',  ( 8.699999999999997513, 3.750000000000000000, 11.09999999999999964 ) ) ;
#6309 = CARTESIAN_POINT ( 'NONE',  ( -4.779999999999947846, -2.440000000000035474, 14.69999999999999751 ) ) ;
#6310 = ADVANCED_FACE ( 'NONE', ( #4000 ), #4034, .F. ) ;
#6311 = DIRECTION ( 'NONE',  ( 0.7071067811865474617, 5.110978055611248113E-16, -0.7071067811865474617 ) ) ;
#6312 = LINE ( 'NONE', #4670, #6774 ) ;
#6313 = DIRECTION ( 'NONE',  ( 8.762697138485633533E-17, 0.7880107536067235685, 0.6156614753256562933 ) ) ;
#6314 = DIRECTION ( 'NONE',  ( -0.000000000000000000, -0.000000000000000000, 1.000000000000000000 ) ) ;
#6315 = DIRECTION ( 'NONE',  ( -0.000000000000000000, -0.000000000000000000, -1.000000000000000000 ) ) ;
#6316 = ORIENTED_EDGE ( 'NONE', *, *, #3174, .T. ) ;
#6317 = ORIENTED_EDGE ( 'NONE', *, *, #6333, .T. ) ;
#6318 = ADVANCED_FACE ( 'NONE', ( #5656 ), #5731, .T. ) ;
#6319 = ORIENTED_EDGE ( 'NONE', *, *, #2791, .F. ) ;
#6320 = ORIENTED_EDGE ( 'NONE', *, *, #5435, .T. ) ;
#6321 = PLANE ( 'NONE',  #224 ) ;
#6322 = PLANE ( 'NONE',  #4736 ) ;
#6323 = DIRECTION ( 'NONE',  ( -0.7071067811865474617, 0.000000000000000000, -0.7071067811865474617 ) ) ;
#6324 = DIRECTION ( 'NONE',  ( -0.000000000000000000, -0.000000000000000000, -1.000000000000000000 ) ) ;
#6325 = ORIENTED_EDGE ( 'NONE', *, *, #3235, .T. ) ;
#6326 = CARTESIAN_POINT ( 'NONE',  ( -9.500000000000001776, -4.649999999999997691, 10.19999999999999574 ) ) ;
#6327 = EDGE_LOOP ( 'NONE', ( #978, #4066, #2263, #5343 ) ) ;
#6328 = AXIS2_PLACEMENT_3D ( 'NONE', #5657, #1350, #6305 ) ;
#6329 = CARTESIAN_POINT ( 'NONE',  ( 2.240000000000053060, -2.640000000000000568, 14.69999999999999751 ) ) ;
#6330 = CARTESIAN_POINT ( 'NONE',  ( -9.100000000000001421, 3.750000000000001776, 8.800000000000000711 ) ) ;
#6331 = DIRECTION ( 'NONE',  ( -1.112002228190260952E-16, -1.000000000000000000, 0.000000000000000000 ) ) ;
#6332 = EDGE_CURVE ( 'NONE', #1697, #4927, #2356, .T. ) ;
#6333 = EDGE_CURVE ( 'NONE', #6532, #1632, #860, .T. ) ;
#6334 = ORIENTED_EDGE ( 'NONE', *, *, #5158, .F. ) ;
#6335 = AXIS2_PLACEMENT_3D ( 'NONE', #1165, #3345, #5502 ) ;
#6336 = FACE_OUTER_BOUND ( 'NONE', #1048, .T. ) ;
#6337 = CARTESIAN_POINT ( 'NONE',  ( -5.129999999999947491, -2.640000000000036096, 19.99999999999999645 ) ) ;
#6338 = DIRECTION ( 'NONE',  ( 1.000000000000000000, 0.000000000000000000, -0.000000000000000000 ) ) ;
#6339 = PLANE ( 'NONE',  #4844 ) ;
#6340 = VERTEX_POINT ( 'NONE', #4560 ) ;
#6341 = VERTEX_POINT ( 'NONE', #1851 ) ;
#6342 = LINE ( 'NONE', #4110, #5116 ) ;
#6343 = EDGE_CURVE ( 'NONE', #4834, #3446, #6196, .T. ) ;
#6344 = CARTESIAN_POINT ( 'NONE',  ( 1.389999999999937730, -3.856200122890594884, 8.800000000000000711 ) ) ;
#6345 = CARTESIAN_POINT ( 'NONE',  ( -4.779999999999946958, -2.440000000000035474, 19.74999999999999645 ) ) ;
#6346 = COORDINATED_UNIVERSAL_TIME_OFFSET ( 4, 0, .AHEAD. ) ;
#6347 = CARTESIAN_POINT ( 'NONE',  ( -9.100000000000001421, -3.750000000000001776, 8.800000000000000711 ) ) ;
#6348 = CARTESIAN_POINT ( 'NONE',  ( 4.780000000000000249, 0.000000000000000000, 19.99999999999999645 ) ) ;
#6349 = CARTESIAN_POINT ( 'NONE',  ( 5.379999999999999893, 2.640000000000000568, 14.69999999999999751 ) ) ;
#6350 = VERTEX_POINT ( 'NONE', #470 ) ;
#6351 = ORIENTED_EDGE ( 'NONE', *, *, #6227, .T. ) ;
#6352 = VECTOR ( 'NONE', #5822, 1000.000000000000000 ) ;
#6353 = ORIENTED_EDGE ( 'NONE', *, *, #5924, .F. ) ;
#6354 = CARTESIAN_POINT ( 'NONE',  ( 8.699999999999997513, -3.849999999999998757, 0.000000000000000000 ) ) ;
#6355 = CARTESIAN_POINT ( 'NONE',  ( 0.000000000000000000, -2.640000000000000568, 19.99999999999999645 ) ) ;
#6356 = LINE ( 'NONE', #1513, #2094 ) ;
#6357 = ADVANCED_FACE ( 'NONE', ( #431 ), #5803, .F. ) ;
#6358 = AXIS2_PLACEMENT_3D ( 'NONE', #3444, #5604, #736 ) ;
#6359 = CARTESIAN_POINT ( 'NONE',  ( -1.390000000000062297, -2.250000000000037748, 8.800000000000000711 ) ) ;
#6360 = ORIENTED_EDGE ( 'NONE', *, *, #4059, .T. ) ;
#6361 = DIRECTION ( 'NONE',  ( 0.000000000000000000, 0.000000000000000000, -1.000000000000000000 ) ) ;
#6362 = VECTOR ( 'NONE', #5206, 1000.000000000000000 ) ;
#6363 = VERTEX_POINT ( 'NONE', #932 ) ;
#6364 = VECTOR ( 'NONE', #6727, 1000.000000000000000 ) ;
#6365 = EDGE_CURVE ( 'NONE', #1425, #6370, #4273, .T. ) ;
#6366 = DIRECTION ( 'NONE',  ( -0.7071067811865524577, 0.000000000000000000, 0.7071067811865425767 ) ) ;
#6367 = VECTOR ( 'NONE', #5196, 1000.000000000000000 ) ;
#6368 = DIRECTION ( 'NONE',  ( 1.000000000000000000, -1.112002228190260952E-16, 0.000000000000000000 ) ) ;
#6369 = LINE ( 'NONE', #5366, #4681 ) ;
#6370 = VERTEX_POINT ( 'NONE', #2601 ) ;
#6371 = ORIENTED_EDGE ( 'NONE', *, *, #1740, .T. ) ;
#6372 = AXIS2_PLACEMENT_3D ( 'NONE', #4420, #5483, #4946 ) ;
#6373 = PLANE ( 'NONE',  #1361 ) ;
#6374 = DIRECTION ( 'NONE',  ( 0.000000000000000000, -1.000000000000000000, 0.000000000000000000 ) ) ;
#6375 = EDGE_CURVE ( 'NONE', #445, #4060, #4306, .T. ) ;
#6376 = LINE ( 'NONE', #5835, #6133 ) ;
#6377 = DIRECTION ( 'NONE',  ( 0.000000000000000000, 0.000000000000000000, 1.000000000000000000 ) ) ;
#6378 = EDGE_CURVE ( 'NONE', #1182, #1800, #6436, .T. ) ;
#6379 = VERTEX_POINT ( 'NONE', #1525 ) ;
#6380 = CARTESIAN_POINT ( 'NONE',  ( -5.129999999999946603, -2.440000000000035918, 19.99999999999999645 ) ) ;
#6381 = DIRECTION ( 'NONE',  ( -1.000000000000000000, -0.000000000000000000, -0.000000000000000000 ) ) ;
#6382 = CARTESIAN_POINT ( 'NONE',  ( 0.000000000000000000, 2.439999999999999947, 19.99999999999999645 ) ) ;
#6383 = APPROVAL_ROLE ( '' ) ;
#6384 = DIRECTION ( 'NONE',  ( 0.000000000000000000, 0.000000000000000000, 1.000000000000000000 ) ) ;
#6385 = CARTESIAN_POINT ( 'NONE',  ( -4.780000000000000249, 2.639999999999965041, 19.74999999999999645 ) ) ;
#6386 = DIRECTION ( 'NONE',  ( -1.000000000000000000, 0.000000000000000000, 0.000000000000000000 ) ) ;
#6387 = ADVANCED_FACE ( 'NONE', ( #3108 ), #3744, .F. ) ;
#6388 = VERTEX_POINT ( 'NONE', #361 ) ;
#6389 = ORIENTED_EDGE ( 'NONE', *, *, #5425, .T. ) ;
#6390 = ORIENTED_EDGE ( 'NONE', *, *, #5784, .F. ) ;
#6391 = LINE ( 'NONE', #5927, #4884 ) ;
#6392 = PLANE ( 'NONE',  #2127 ) ;
#6393 = DIRECTION ( 'NONE',  ( -0.000000000000000000, -0.000000000000000000, 1.000000000000000000 ) ) ;
#6394 = DIRECTION ( 'NONE',  ( -1.000000000000000000, 1.112002228190260952E-16, 0.000000000000000000 ) ) ;
#6395 = ORIENTED_EDGE ( 'NONE', *, *, #5999, .F. ) ;
#6396 = CARTESIAN_POINT ( 'NONE',  ( -6.230000000000063487, -2.250000000000037748, 8.800000000000000711 ) ) ;
#6397 = ADVANCED_FACE ( 'NONE', ( #2065 ), #4697, .F. ) ;
#6398 = ORIENTED_EDGE ( 'NONE', *, *, #329, .T. ) ;
#6399 = LINE ( 'NONE', #1552, #1581 ) ;
#6400 = CARTESIAN_POINT ( 'NONE',  ( -1.294999999999991713, -2.640000000000017888, 21.29499999999996973 ) ) ;
#6401 = EDGE_CURVE ( 'NONE', #3137, #5923, #2029, .T. ) ;
#6402 = ORIENTED_EDGE ( 'NONE', *, *, #714, .F. ) ;
#6403 = VERTEX_POINT ( 'NONE', #3604 ) ;
#6404 = CARTESIAN_POINT ( 'NONE',  ( 9.500000000000000000, -3.750000000000000000, 15.69999999999999929 ) ) ;
#6405 = CARTESIAN_POINT ( 'NONE',  ( 0.2999999999999999889, 2.640000000000000568, 19.99999999999999645 ) ) ;
#6406 = CARTESIAN_POINT ( 'NONE',  ( 6.229999999999938254, -3.856200122890594884, 8.800000000000000711 ) ) ;
#6407 = ORIENTED_EDGE ( 'NONE', *, *, #6685, .F. ) ;
#6408 = CARTESIAN_POINT ( 'NONE',  ( -9.500000000000001776, 2.950000000000000178, 11.90000000000000568 ) ) ;
#6409 = CARTESIAN_POINT ( 'NONE',  ( -2.589999999999999858, 2.639999999999982805, 19.99999999999999645 ) ) ;
#6410 = CARTESIAN_POINT ( 'NONE',  ( -6.229999999999999538, 2.243799877109404317, 8.800000000000000711 ) ) ;
#6411 = LINE ( 'NONE', #3716, #4324 ) ;
#6412 = PERSON_AND_ORGANIZATION ( #6974, #6213 ) ;
#6413 = CARTESIAN_POINT ( 'NONE',  ( -7.799999999999998046, 0.9500000000000009548, 1.400000000000008793 ) ) ;
#6414 = CARTESIAN_POINT ( 'NONE',  ( -2.589999999999999858, 2.439999999999982183, 19.99999999999999645 ) ) ;
#6415 = DIRECTION ( 'NONE',  ( 0.000000000000000000, 0.000000000000000000, -1.000000000000000000 ) ) ;
#6416 = ORIENTED_EDGE ( 'NONE', *, *, #1292, .F. ) ;
#6417 = ORIENTED_EDGE ( 'NONE', *, *, #3470, .T. ) ;
#6418 = EDGE_CURVE ( 'NONE', #4207, #5902, #964, .T. ) ;
#6419 = EDGE_CURVE ( 'NONE', #2294, #3810, #5767, .T. ) ;
#6420 = ORIENTED_EDGE ( 'NONE', *, *, #6113, .T. ) ;
#6421 = FACE_OUTER_BOUND ( 'NONE', #385, .T. ) ;
#6422 = FACE_OUTER_BOUND ( 'NONE', #5410, .T. ) ;
#6423 = CARTESIAN_POINT ( 'NONE',  ( -4.780000000000001137, 2.639999999999965041, 19.74999999999999645 ) ) ;
#6424 = DIRECTION ( 'NONE',  ( 1.000000000000000000, -1.112002228190260952E-16, 0.000000000000000000 ) ) ;
#6425 = ORIENTED_EDGE ( 'NONE', *, *, #2719, .T. ) ;
#6426 = EDGE_CURVE ( 'NONE', #4392, #6011, #7011, .T. ) ;
#6427 = DIRECTION ( 'NONE',  ( 0.000000000000000000, 0.000000000000000000, -1.000000000000000000 ) ) ;
#6428 = ORIENTED_EDGE ( 'NONE', *, *, #3113, .T. ) ;
#6429 = ADVANCED_FACE ( 'NONE', ( #999 ), #6905, .T. ) ;
#6430 = CARTESIAN_POINT ( 'NONE',  ( 0.04999999999999975298, 2.439999999999999947, 19.99999999999999645 ) ) ;
#6431 = LINE ( 'NONE', #391, #4011 ) ;
#6432 = AXIS2_PLACEMENT_3D ( 'NONE', #1284, #1717, #5026 ) ;
#6433 = ORIENTED_EDGE ( 'NONE', *, *, #5613, .F. ) ;
#6434 = ORIENTED_EDGE ( 'NONE', *, *, #5305, .F. ) ;
#6435 = CARTESIAN_POINT ( 'NONE',  ( 5.030000000000003801, 2.439999999999999947, 19.99999999999999645 ) ) ;
#6436 = LINE ( 'NONE', #6867, #3070 ) ;
#6437 = DIRECTION ( 'NONE',  ( -0.000000000000000000, -0.000000000000000000, -1.000000000000000000 ) ) ;
#6438 = EDGE_CURVE ( 'NONE', #146, #1523, #1455, .T. ) ;
#6439 = ORIENTED_EDGE ( 'NONE', *, *, #4714, .T. ) ;
#6440 = ORIENTED_EDGE ( 'NONE', *, *, #5531, .F. ) ;
#6441 = CARTESIAN_POINT ( 'NONE',  ( 4.280000000000001137, 0.9499999999999990674, 8.800000000000000711 ) ) ;
#6442 = LINE ( 'NONE', #541, #563 ) ;
#6443 = CARTESIAN_POINT ( 'NONE',  ( 1.763635533909777677E-15, -2.440000000000031921, 19.99999999999999645 ) ) ;
#6444 = AXIS2_PLACEMENT_3D ( 'NONE', #2585, #523, #5427 ) ;
#6445 = EDGE_LOOP ( 'NONE', ( #529, #158, #5211, #4532 ) ) ;
#6446 = CARTESIAN_POINT ( 'NONE',  ( 7.299999999999998934, -3.750000000000001776, 8.800000000000000711 ) ) ;
#6447 = DIRECTION ( 'NONE',  ( 0.000000000000000000, -1.000000000000000000, 0.000000000000000000 ) ) ;
#6448 = PLANE ( 'NONE',  #3842 ) ;
#6449 = CARTESIAN_POINT ( 'NONE',  ( 2.272710017320640840E-16, 2.043799877109405916, 0.000000000000000000 ) ) ;
#6450 = EDGE_CURVE ( 'NONE', #6092, #531, #2636, .T. ) ;
#6451 = AXIS2_PLACEMENT_3D ( 'NONE', #5918, #4740, #5347 ) ;
#6452 = EDGE_LOOP ( 'NONE', ( #3144, #2527, #4883, #2955 ) ) ;
#6453 = VERTEX_POINT ( 'NONE', #5226 ) ;
#6454 = ORIENTED_EDGE ( 'NONE', *, *, #3388, .F. ) ;
#6455 = LINE ( 'NONE', #553, #4775 ) ;
#6456 = CARTESIAN_POINT ( 'NONE',  ( -0.04999999999999628353, 0.000000000000000000, 19.99999999999999645 ) ) ;
#6457 = DIRECTION ( 'NONE',  ( 1.000000000000000000, 0.000000000000000000, 0.000000000000000000 ) ) ;
#6458 = EDGE_CURVE ( 'NONE', #4755, #1737, #2530, .T. ) ;
#6459 = EDGE_CURVE ( 'NONE', #6907, #2256, #6976, .T. ) ;
#6460 = PLANE ( 'NONE',  #1572 ) ;
#6461 = VECTOR ( 'NONE', #1729, 1000.000000000000000 ) ;
#6462 = EDGE_LOOP ( 'NONE', ( #3173, #5367, #6641, #667 ) ) ;
#6463 = LINE ( 'NONE', #3771, #422 ) ;
#6464 = ORIENTED_EDGE ( 'NONE', *, *, #1434, .T. ) ;
#6465 = VECTOR ( 'NONE', #3014, 1000.000000000000000 ) ;
#6466 = EDGE_CURVE ( 'NONE', #5012, #1540, #6376, .T. ) ;
#6467 = DIRECTION ( 'NONE',  ( -0.000000000000000000, -0.000000000000000000, -1.000000000000000000 ) ) ;
#6468 = VECTOR ( 'NONE', #2059, 1000.000000000000000 ) ;
#6469 = DIRECTION ( 'NONE',  ( 0.7071067811865425767, 5.110978055611212614E-16, 0.7071067811865525687 ) ) ;
#6470 = ORIENTED_EDGE ( 'NONE', *, *, #6639, .F. ) ;
#6471 = ORIENTED_EDGE ( 'NONE', *, *, #1547, .F. ) ;
#6472 = DIRECTION ( 'NONE',  ( 1.000000000000000000, 0.000000000000000000, -0.000000000000000000 ) ) ;
#6473 = LINE ( 'NONE', #3250, #1025 ) ;
#6474 = VECTOR ( 'NONE', #2946, 1000.000000000000000 ) ;
#6475 = LINE ( 'NONE', #5409, #5291 ) ;
#6476 = ORIENTED_EDGE ( 'NONE', *, *, #3303, .F. ) ;
#6477 = LINE ( 'NONE', #2176, #2285 ) ;
#6478 = LINE ( 'NONE', #5445, #3407 ) ;
#6479 = AXIS2_PLACEMENT_3D ( 'NONE', #6161, #1280, #3531 ) ;
#6480 = EDGE_CURVE ( 'NONE', #6350, #1594, #5296, .T. ) ;
#6481 = ORIENTED_EDGE ( 'NONE', *, *, #2521, .T. ) ;
#6482 = FACE_OUTER_BOUND ( 'NONE', #1013, .T. ) ;
#6483 = PERSON_AND_ORGANIZATION ( #6974, #6213 ) ;
#6484 = DIRECTION ( 'NONE',  ( 1.000000000000000000, 0.000000000000000000, -0.000000000000000000 ) ) ;
#6485 = DIRECTION ( 'NONE',  ( -0.7071067811865425767, 0.000000000000000000, -0.7071067811865525687 ) ) ;
#6486 = VECTOR ( 'NONE', #330, 1000.000000000000000 ) ;
#6487 = DIRECTION ( 'NONE',  ( 1.000000000000000000, 0.000000000000000000, 0.000000000000000000 ) ) ;
#6488 = VERTEX_POINT ( 'NONE', #5943 ) ;
#6489 = VECTOR ( 'NONE', #4074, 1000.000000000000000 ) ;
#6490 = ORIENTED_EDGE ( 'NONE', *, *, #1401, .T. ) ;
#6491 = EDGE_CURVE ( 'NONE', #2634, #816, #6473, .T. ) ;
#6492 = VERTEX_POINT ( 'NONE', #537 ) ;
#6493 = DIRECTION ( 'NONE',  ( -1.000000000000000000, 0.000000000000000000, 0.000000000000000000 ) ) ;
#6494 = DIRECTION ( 'NONE',  ( 1.000000000000000000, 0.000000000000000000, 0.000000000000000000 ) ) ;
#6495 = FACE_OUTER_BOUND ( 'NONE', #5251, .T. ) ;
#6496 = CARTESIAN_POINT ( 'NONE',  ( 2.240000000000000213, 0.000000000000000000, 14.69999999999999751 ) ) ;
#6497 = ORIENTED_EDGE ( 'NONE', *, *, #4457, .F. ) ;
#6498 = CARTESIAN_POINT ( 'NONE',  ( -3.690000000000062119, -2.250000000000037748, 8.800000000000000711 ) ) ;
#6499 = EDGE_CURVE ( 'NONE', #6488, #850, #1067, .T. ) ;
#6500 = AXIS2_PLACEMENT_3D ( 'NONE', #5328, #4797, #6842 ) ;
#6501 = ORIENTED_EDGE ( 'NONE', *, *, #6973, .F. ) ;
#6502 = VECTOR ( 'NONE', #2910, 1000.000000000000000 ) ;
#6503 = CARTESIAN_POINT ( 'NONE',  ( 2.840000000000053149, -2.439999999999999947, 19.99999999999999645 ) ) ;
#6504 = PLANE ( 'NONE',  #2834 ) ;
#6505 = ORIENTED_EDGE ( 'NONE', *, *, #4952, .F. ) ;
#6506 = ADVANCED_FACE ( 'NONE', ( #4868 ), #5, .T. ) ;
#6507 = ORIENTED_EDGE ( 'NONE', *, *, #5005, .T. ) ;
#6508 = EDGE_LOOP ( 'NONE', ( #3263, #1527, #4752, #2326 ) ) ;
#6509 = EDGE_CURVE ( 'NONE', #5630, #1202, #3621, .T. ) ;
#6510 = CARTESIAN_POINT ( 'NONE',  ( -3.340000000000000302, -3.650000000000000799, 8.800000000000000711 ) ) ;
#6511 = AXIS2_PLACEMENT_3D ( 'NONE', #5506, #1565, #2311 ) ;
#6512 = LINE ( 'NONE', #1526, #874 ) ;
#6513 = VERTEX_POINT ( 'NONE', #1944 ) ;
#6514 = CARTESIAN_POINT ( 'NONE',  ( -7.799999999999998046, -0.9499999999999990674, 1.400000000000008793 ) ) ;
#6515 = VERTEX_POINT ( 'NONE', #6252 ) ;
#6516 = FACE_OUTER_BOUND ( 'NONE', #3846, .T. ) ;
#6517 = CARTESIAN_POINT ( 'NONE',  ( 3.930000000000001048, 2.243799877109404317, 0.000000000000000000 ) ) ;
#6518 = CARTESIAN_POINT ( 'NONE',  ( -7.500000000000000000, 2.100000000000000089, 14.69999999999999751 ) ) ;
#6519 = DIRECTION ( 'NONE',  ( 1.000000000000000000, 0.000000000000000000, 0.000000000000000000 ) ) ;
#6520 = ORIENTED_EDGE ( 'NONE', *, *, #4237, .F. ) ;
#6521 = ADVANCED_FACE ( 'NONE', ( #2474 ), #4053, .F. ) ;
#6522 = VECTOR ( 'NONE', #3508, 1000.000000000000000 ) ;
#6523 = ORIENTED_EDGE ( 'NONE', *, *, #7017, .F. ) ;
#6524 = VECTOR ( 'NONE', #5622, 1000.000000000000000 ) ;
#6525 = ORIENTED_EDGE ( 'NONE', *, *, #1711, .T. ) ;
#6526 = DIRECTION ( 'NONE',  ( 0.000000000000000000, -1.000000000000000000, 0.000000000000000000 ) ) ;
#6527 = CARTESIAN_POINT ( 'NONE',  ( 0.000000000000000000, 2.439999999999982183, 19.99999999999999645 ) ) ;
#6528 = LINE ( 'NONE', #5495, #1185 ) ;
#6529 = VECTOR ( 'NONE', #6035, 1000.000000000000000 ) ;
#6530 = EDGE_CURVE ( 'NONE', #5673, #5169, #6814, .T. ) ;
#6531 = CARTESIAN_POINT ( 'NONE',  ( 3.929999999999937987, -3.856200122890594884, 8.800000000000000711 ) ) ;
#6532 = VERTEX_POINT ( 'NONE', #2546 ) ;
#6533 = DIRECTION ( 'NONE',  ( 1.000000000000000000, -1.112002228190260952E-16, 0.000000000000000000 ) ) ;
#6534 = VERTEX_POINT ( 'NONE', #305 ) ;
#6535 = LINE ( 'NONE', #5968, #4103 ) ;
#6536 = EDGE_CURVE ( 'NONE', #146, #5396, #6180, .T. ) ;
#6537 = LINE ( 'NONE', #1734, #2155 ) ;
#6538 = ORIENTED_EDGE ( 'NONE', *, *, #6883, .T. ) ;
#6539 = ORIENTED_EDGE ( 'NONE', *, *, #7017, .T. ) ;
#6540 = ORIENTED_EDGE ( 'NONE', *, *, #4355, .T. ) ;
#6541 = DIRECTION ( 'NONE',  ( 1.000000000000000000, 0.000000000000000000, -0.000000000000000000 ) ) ;
#6542 = CARTESIAN_POINT ( 'NONE',  ( 0.000000000000000000, 0.000000000000000000, 15.69999999999999929 ) ) ;
#6543 = EDGE_CURVE ( 'NONE', #3881, #149, #5140, .T. ) ;
#6544 = ORIENTED_EDGE ( 'NONE', *, *, #355, .T. ) ;
#6545 = CARTESIAN_POINT ( 'NONE',  ( -7.799999999999998046, -0.9499999999999990674, 8.800000000000000711 ) ) ;
#6546 = AXIS2_PLACEMENT_3D ( 'NONE', #4662, #6833, #4590 ) ;
#6547 = EDGE_CURVE ( 'NONE', #2688, #5170, #773, .T. ) ;
#6548 = LINE ( 'NONE', #3456, #4779 ) ;
#6549 = ORIENTED_EDGE ( 'NONE', *, *, #1392, .F. ) ;
#6550 = FACE_OUTER_BOUND ( 'NONE', #1157, .T. ) ;
#6551 = CARTESIAN_POINT ( 'NONE',  ( -2.839999999999947011, -2.440000000000017710, 19.74999999999999289 ) ) ;
#6552 = DIRECTION ( 'NONE',  ( -0.000000000000000000, -0.000000000000000000, 1.000000000000000000 ) ) ;
#6553 = CARTESIAN_POINT ( 'NONE',  ( -7.500000000000000888, 1.499999999999999334, 14.69999999999999751 ) ) ;
#6554 = EDGE_CURVE ( 'NONE', #6623, #6258, #1836, .T. ) ;
#6555 = ORIENTED_EDGE ( 'NONE', *, *, #4760, .F. ) ;
#6556 = DIRECTION ( 'NONE',  ( 0.000000000000000000, -0.000000000000000000, 1.000000000000000000 ) ) ;
#6557 = VECTOR ( 'NONE', #3205, 1000.000000000000000 ) ;
#6558 = VECTOR ( 'NONE', #3265, 1000.000000000000000 ) ;
#6559 = ORIENTED_EDGE ( 'NONE', *, *, #1274, .T. ) ;
#6560 = ORIENTED_EDGE ( 'NONE', *, *, #339, .T. ) ;
#6561 = CARTESIAN_POINT ( 'NONE',  ( 8.699999999999997513, 3.750000000000000000, 11.09999999999999964 ) ) ;
#6562 = VECTOR ( 'NONE', #2464, 1000.000000000000000 ) ;
#6563 = CARTESIAN_POINT ( 'NONE',  ( 5.880000000000000782, -2.250000000000037748, 0.000000000000000000 ) ) ;
#6564 = LINE ( 'NONE', #5428, #4262 ) ;
#6565 = ORIENTED_EDGE ( 'NONE', *, *, #2147, .F. ) ;
#6566 = CARTESIAN_POINT ( 'NONE',  ( -7.799999999999998046, 0.9500000000000009548, 8.800000000000000711 ) ) ;
#6567 = ORIENTED_EDGE ( 'NONE', *, *, #1979, .T. ) ;
#6568 = LINE ( 'NONE', #2195, #5644 ) ;
#6569 = ORIENTED_EDGE ( 'NONE', *, *, #4026, .T. ) ;
#6570 = EDGE_CURVE ( 'NONE', #1340, #6134, #3019, .T. ) ;
#6572 = EDGE_CURVE ( 'NONE', #4792, #6576, #2439, .T. ) ;
#6571 = PLANE ( 'NONE',  #6335 ) ;
#6573 = LINE ( 'NONE', #5537, #3400 ) ;
#6574 = ORIENTED_EDGE ( 'NONE', *, *, #2269, .T. ) ;
#6575 = CARTESIAN_POINT ( 'NONE',  ( 5.380000000000053184, -2.439999999999999947, 19.74999999999999645 ) ) ;
#6576 = VERTEX_POINT ( 'NONE', #6850 ) ;
#6577 = ORIENTED_EDGE ( 'NONE', *, *, #3848, .T. ) ;
#6578 = VECTOR ( 'NONE', #3268, 1000.000000000000000 ) ;
#6579 = EDGE_CURVE ( 'NONE', #1139, #4755, #5750, .T. ) ;
#6580 = CARTESIAN_POINT ( 'NONE',  ( -0.2999999999999470868, -2.440000000000000391, 19.74999999999999289 ) ) ;
#6581 = AXIS2_PLACEMENT_3D ( 'NONE', #1591, #424, #3775 ) ;
#6582 = ORIENTED_EDGE ( 'NONE', *, *, #5073, .T. ) ;
#6583 = CARTESIAN_POINT ( 'NONE',  ( -4.280000000000000249, 0.9500000000000007327, 1.400000000000008571 ) ) ;
#6584 = DIRECTION ( 'NONE',  ( 0.000000000000000000, 0.000000000000000000, -1.000000000000000000 ) ) ;
#6585 = EDGE_CURVE ( 'NONE', #5926, #6959, #5333, .T. ) ;
#6586 = VERTEX_POINT ( 'NONE', #241 ) ;
#6587 = VECTOR ( 'NONE', #6090, 1000.000000000000000 ) ;
#6588 = DIRECTION ( 'NONE',  ( -1.000000000000000000, 1.112002228190260952E-16, 0.000000000000000000 ) ) ;
#6589 = DIRECTION ( 'NONE',  ( 0.000000000000000000, -0.000000000000000000, -1.000000000000000000 ) ) ;
#6590 = FACE_OUTER_BOUND ( 'NONE', #3833, .T. ) ;
#6591 = PLANE ( 'NONE',  #6432 ) ;
#6592 = AXIS2_PLACEMENT_3D ( 'NONE', #6510, #3213, #3675 ) ;
#6593 = ORIENTED_EDGE ( 'NONE', *, *, #4130, .F. ) ;
#6594 = LINE ( 'NONE', #1719, #2628 ) ;
#6595 = VECTOR ( 'NONE', #6526, 1000.000000000000000 ) ;
#6596 = EDGE_LOOP ( 'NONE', ( #6725, #3131, #6628, #5472 ) ) ;
#6597 = ORIENTED_EDGE ( 'NONE', *, *, #622, .F. ) ;
#6598 = VECTOR ( 'NONE', #2924, 1000.000000000000000 ) ;
#6599 = LINE ( 'NONE', #295, #1816 ) ;
#6600 = EDGE_CURVE ( 'NONE', #4938, #2913, #4679, .T. ) ;
#6601 = DIRECTION ( 'NONE',  ( -1.000000000000000000, 1.112002228190260952E-16, 0.000000000000000000 ) ) ;
#6602 = VECTOR ( 'NONE', #2219, 1000.000000000000000 ) ;
#6603 = DIRECTION ( 'NONE',  ( 1.000000000000000000, 0.000000000000000000, -0.000000000000000000 ) ) ;
#6604 = ORIENTED_EDGE ( 'NONE', *, *, #6450, .F. ) ;
#6605 = CARTESIAN_POINT ( 'NONE',  ( 1.150000000000000799, 2.243799877109404317, 8.800000000000000711 ) ) ;
#6606 = ORIENTED_EDGE ( 'NONE', *, *, #4373, .F. ) ;
#6607 = LINE ( 'NONE', #138, #6893 ) ;
#6608 = EDGE_LOOP ( 'NONE', ( #3088, #3097, #5702, #1356, #6544, #3048 ) ) ;
#6609 = CARTESIAN_POINT ( 'NONE',  ( 9.099999999999997868, 3.750000000000001776, 0.000000000000000000 ) ) ;
#6610 = CARTESIAN_POINT ( 'NONE',  ( -6.229999999999999538, 2.243799877109404317, 8.800000000000000711 ) ) ;
#6611 = ADVANCED_FACE ( 'NONE', ( #811 ), #1905, .F. ) ;
#6612 = ORIENTED_EDGE ( 'NONE', *, *, #1762, .T. ) ;
#6613 = LINE ( 'NONE', #3378, #4022 ) ;
#6614 = AXIS2_PLACEMENT_3D ( 'NONE', #6138, #6174, #2873 ) ;
#6615 = ORIENTED_EDGE ( 'NONE', *, *, #1332, .F. ) ;
#6616 = VERTEX_POINT ( 'NONE', #4017 ) ;
#6617 = DIRECTION ( 'NONE',  ( 0.000000000000000000, 0.000000000000000000, -1.000000000000000000 ) ) ;
#6618 = EDGE_LOOP ( 'NONE', ( #6945, #6023, #2456, #4298, #2827, #6884, #3636, #3238 ) ) ;
#6619 = DIRECTION ( 'NONE',  ( 0.7071067811865474617, 5.110978055611248113E-16, 0.7071067811865474617 ) ) ;
#6620 = AXIS2_PLACEMENT_3D ( 'NONE', #2519, #419, #6427 ) ;
#6621 = LINE ( 'NONE', #1176, #904 ) ;
#6622 = EDGE_CURVE ( 'NONE', #4992, #6937, #5103, .T. ) ;
#6623 = VERTEX_POINT ( 'NONE', #343 ) ;
#6624 = CARTESIAN_POINT ( 'NONE',  ( -0.8000000000000003775, -0.9499999999999995115, 1.400000000000009237 ) ) ;
#6625 = LINE ( 'NONE', #1748, #6524 ) ;
#6626 = CARTESIAN_POINT ( 'NONE',  ( 5.030000000000057092, -2.640000000000000568, 19.99999999999999645 ) ) ;
#6627 = CARTESIAN_POINT ( 'NONE',  ( 0.000000000000000000, 2.439999999999964420, 14.69999999999999751 ) ) ;
#6628 = ORIENTED_EDGE ( 'NONE', *, *, #817, .F. ) ;
#6629 = DIRECTION ( 'NONE',  ( 0.000000000000000000, -1.000000000000000000, 0.000000000000000000 ) ) ;
#6630 = ADVANCED_FACE ( 'NONE', ( #1438 ), #6321, .F. ) ;
#6631 = ORIENTED_EDGE ( 'NONE', *, *, #550, .T. ) ;
#6632 = ORIENTED_EDGE ( 'NONE', *, *, #6113, .F. ) ;
#6633 = CARTESIAN_POINT ( 'NONE',  ( -0.2999999999999470868, -2.640000000000000568, 19.99999999999999645 ) ) ;
#6634 = CARTESIAN_POINT ( 'NONE',  ( 4.280000000000001137, -3.650000000000036326, 0.000000000000000000 ) ) ;
#6635 = DIRECTION ( 'NONE',  ( -1.000000000000000000, 0.000000000000000000, 0.000000000000000000 ) ) ;
#6636 = VECTOR ( 'NONE', #4146, 1000.000000000000000 ) ;
#6637 = ORIENTED_EDGE ( 'NONE', *, *, #6401, .F. ) ;
#6638 = CARTESIAN_POINT ( 'NONE',  ( 7.299999999999998934, 2.450000000000001066, 8.800000000000000711 ) ) ;
#6639 = EDGE_CURVE ( 'NONE', #1088, #3294, #3159, .T. ) ;
#6640 = EDGE_CURVE ( 'NONE', #850, #3168, #3660, .T. ) ;
#6641 = ORIENTED_EDGE ( 'NONE', *, *, #6916, .T. ) ;
#6642 = DIRECTION ( 'NONE',  ( 0.7071067811865474617, 5.110978055611248113E-16, -0.7071067811865474617 ) ) ;
#6643 = ORIENTED_EDGE ( 'NONE', *, *, #3994, .F. ) ;
#6644 = FACE_OUTER_BOUND ( 'NONE', #427, .T. ) ;
#6645 = VECTOR ( 'NONE', #846, 1000.000000000000000 ) ;
#6646 = APPLICATION_CONTEXT ( 'configuration controlled 3d designs of mechanical parts and assemblies' ) ;
#6647 = EDGE_CURVE ( 'NONE', #5630, #7027, #7029, .T. ) ;
#6648 = CARTESIAN_POINT ( 'NONE',  ( 5.379999999999999893, 0.000000000000000000, 19.74999999999999645 ) ) ;
#6649 = ORIENTED_EDGE ( 'NONE', *, *, #5493, .T. ) ;
#6650 = CARTESIAN_POINT ( 'NONE',  ( 9.099999999999997868, 2.450000000000001066, 0.000000000000000000 ) ) ;
#6651 = ORIENTED_EDGE ( 'NONE', *, *, #757, .F. ) ;
#6652 = ORIENTED_EDGE ( 'NONE', *, *, #6141, .T. ) ;
#6653 = CARTESIAN_POINT ( 'NONE',  ( -2.490000000000000657, 2.439999999999982183, 19.99999999999999645 ) ) ;
#6654 = ORIENTED_EDGE ( 'NONE', *, *, #6419, .T. ) ;
#6655 = DIRECTION ( 'NONE',  ( -1.000000000000000000, 0.000000000000000000, 0.000000000000000000 ) ) ;
#6656 = DIRECTION ( 'NONE',  ( 7.228014483236698528E-16, -1.000000000000000000, 0.000000000000000000 ) ) ;
#6657 = ORIENTED_EDGE ( 'NONE', *, *, #5904, .T. ) ;
#6658 = LINE ( 'NONE', #3031, #5109 ) ;
#6659 = CARTESIAN_POINT ( 'NONE',  ( -9.500000000000001776, 2.100000000000000089, 15.69999999999999929 ) ) ;
#6660 = EDGE_CURVE ( 'NONE', #4508, #5945, #3764, .T. ) ;
#6661 = CARTESIAN_POINT ( 'NONE',  ( -2.839999999999999858, 2.639999999999982361, 19.74999999999999289 ) ) ;
#6662 = DIRECTION ( 'NONE',  ( 1.000000000000000000, 0.000000000000000000, 0.000000000000000000 ) ) ;
#6663 = ORIENTED_EDGE ( 'NONE', *, *, #3022, .F. ) ;
#6664 = LINE ( 'NONE', #3433, #3996 ) ;
#6665 = ORIENTED_EDGE ( 'NONE', *, *, #3533, .F. ) ;
#6666 = VECTOR ( 'NONE', #5592, 1000.000000000000000 ) ;
#6667 = ORIENTED_EDGE ( 'NONE', *, *, #749, .T. ) ;
#6668 = LINE ( 'NONE', #589, #6709 ) ;
#6669 = EDGE_CURVE ( 'NONE', #4412, #5887, #3125, .T. ) ;
#6670 = CYLINDRICAL_SURFACE ( 'NONE', #5988, 0.8000000000000003775 ) ;
#6671 = CARTESIAN_POINT ( 'NONE',  ( -9.100000000000001421, -3.750000000000001776, 0.000000000000000000 ) ) ;
#6672 = EDGE_LOOP ( 'NONE', ( #5712, #5298, #5581, #1701 ) ) ;
#6673 = FACE_OUTER_BOUND ( 'NONE', #1649, .T. ) ;
#6674 = EDGE_LOOP ( 'NONE', ( #1952, #5063, #465, #1058 ) ) ;
#6675 = FACE_OUTER_BOUND ( 'NONE', #6101, .T. ) ;
#6676 = AXIS2_PLACEMENT_3D ( 'NONE', #696, #1651, #5065 ) ;
#6677 = ORIENTED_EDGE ( 'NONE', *, *, #4920, .F. ) ;
#6678 = EDGE_CURVE ( 'NONE', #4015, #4863, #2723, .T. ) ;
#6679 = DIRECTION ( 'NONE',  ( 1.000000000000000000, 0.000000000000000000, -0.000000000000000000 ) ) ;
#6680 = ADVANCED_FACE ( 'NONE', ( #2152 ), #6920, .F. ) ;
#6681 = LINE ( 'NONE', #6818, #4987 ) ;
#6682 = ORIENTED_EDGE ( 'NONE', *, *, #275, .F. ) ;
#6683 = LINE ( 'NONE', #2412, #1419 ) ;
#6684 = ORIENTED_EDGE ( 'NONE', *, *, #5503, .F. ) ;
#6685 = EDGE_CURVE ( 'NONE', #5514, #6287, #6455, .T. ) ;
#6686 = CARTESIAN_POINT ( 'NONE',  ( -8.700000000000001066, -3.750000000000000000, 15.69999999999999929 ) ) ;
#6687 = DIRECTION ( 'NONE',  ( 0.000000000000000000, 1.000000000000000000, 0.000000000000000000 ) ) ;
#6688 = CARTESIAN_POINT ( 'NONE',  ( -1.739999999999999991, -3.650000000000000799, 8.800000000000000711 ) ) ;
#6689 = VECTOR ( 'NONE', #3984, 1000.000000000000000 ) ;
#6690 = ORIENTED_EDGE ( 'NONE', *, *, #3382, .F. ) ;
#6691 = CARTESIAN_POINT ( 'NONE',  ( -5.879999999999999893, -0.9499999999999991784, 1.400000000000008793 ) ) ;
#6692 = LINE ( 'NONE', #2752, #5615 ) ;
#6693 = DIRECTION ( 'NONE',  ( 0.000000000000000000, 1.000000000000000000, 0.000000000000000000 ) ) ;
#6694 = LINE ( 'NONE', #4423, #4393 ) ;
#6695 = AXIS2_PLACEMENT_3D ( 'NONE', #4840, #4312, #1208 ) ;
#6696 = EDGE_LOOP ( 'NONE', ( #2240, #3229, #3741, #4893 ) ) ;
#6697 = CARTESIAN_POINT ( 'NONE',  ( 4.780000000000000249, 2.640000000000000124, 19.74999999999999289 ) ) ;
#6699 = ORIENTED_EDGE ( 'NONE', *, *, #2904, .T. ) ;
#6698 = AXIS2_PLACEMENT_3D ( 'NONE', #4616, #6787, #1415 ) ;
#6700 = EDGE_CURVE ( 'NONE', #1648, #1182, #6885, .T. ) ;
#6701 = VECTOR ( 'NONE', #4589, 1000.000000000000000 ) ;
#6702 = ORIENTED_EDGE ( 'NONE', *, *, #4336, .T. ) ;
#6703 = LINE ( 'NONE', #4631, #3768 ) ;
#6704 = CARTESIAN_POINT ( 'NONE',  ( -7.799999999999998046, 0.9500000000000009548, 8.800000000000000711 ) ) ;
#6705 = VECTOR ( 'NONE', #286, 1000.000000000000000 ) ;
#6706 = CARTESIAN_POINT ( 'NONE',  ( -9.500000000000001776, -3.850000000000001865, 10.99999999999999822 ) ) ;
#6707 = DIRECTION ( 'NONE',  ( 0.000000000000000000, 1.000000000000000000, 0.000000000000000000 ) ) ;
#6708 = ORIENTED_EDGE ( 'NONE', *, *, #3339, .T. ) ;
#6709 = VECTOR ( 'NONE', #3366, 1000.000000000000000 ) ;
#6710 = FACE_OUTER_BOUND ( 'NONE', #21, .T. ) ;
#6711 = ORIENTED_EDGE ( 'NONE', *, *, #3184, .F. ) ;
#6712 = ADVANCED_FACE ( 'NONE', ( #1017 ), #449, .F. ) ;
#6713 = VECTOR ( 'NONE', #5833, 1000.000000000000000 ) ;
#6714 = ORIENTED_EDGE ( 'NONE', *, *, #161, .F. ) ;
#6715 = PLANE ( 'NONE',  #1100 ) ;
#6716 = CARTESIAN_POINT ( 'NONE',  ( -2.839999999999999858, 2.439999999999982183, 14.69999999999999751 ) ) ;
#6717 = ORIENTED_EDGE ( 'NONE', *, *, #3236, .T. ) ;
#6718 = LINE ( 'NONE', #2991, #1766 ) ;
#6719 = VERTEX_POINT ( 'NONE', #2582 ) ;
#6720 = EDGE_CURVE ( 'NONE', #1507, #3881, #4325, .T. ) ;
#6721 = CARTESIAN_POINT ( 'NONE',  ( -7.500000000000000000, -3.749999999999999112, 15.69999999999999929 ) ) ;
#6722 = CARTESIAN_POINT ( 'NONE',  ( 0.8000000000000001554, -2.250000000000037748, 0.000000000000000000 ) ) ;
#6723 = EDGE_CURVE ( 'NONE', #5980, #5178, #1542, .T. ) ;
#6724 = EDGE_CURVE ( 'NONE', #3697, #6532, #1577, .T. ) ;
#6725 = ORIENTED_EDGE ( 'NONE', *, *, #4832, .T. ) ;
#6726 = DIRECTION ( 'NONE',  ( 0.000000000000000000, -1.000000000000000000, 0.000000000000000000 ) ) ;
#6727 = DIRECTION ( 'NONE',  ( 1.000000000000000000, -1.112002228190260952E-16, 0.000000000000000000 ) ) ;
#6728 = DIRECTION ( 'NONE',  ( 0.000000000000000000, -1.000000000000000000, 0.000000000000000000 ) ) ;
#6729 = LINE ( 'NONE', #6091, #6666 ) ;
#6730 = EDGE_LOOP ( 'NONE', ( #6440, #6198, #2372, #3110, #1824, #4338 ) ) ;
#6731 = DIRECTION ( 'NONE',  ( 1.000000000000000000, 0.000000000000000000, 0.000000000000000000 ) ) ;
#6732 = VERTEX_POINT ( 'NONE', #5959 ) ;
#6733 = ORIENTED_EDGE ( 'NONE', *, *, #3586, .F. ) ;
#6734 = DIRECTION ( 'NONE',  ( 1.000000000000000000, -1.112002228190260952E-16, 0.000000000000000000 ) ) ;
#6735 = DIRECTION ( 'NONE',  ( -1.000000000000000000, 2.409338161078899674E-16, -0.000000000000000000 ) ) ;
#6736 = DIRECTION ( 'NONE',  ( 0.7071067811865474617, 5.110978055611248113E-16, -0.7071067811865474617 ) ) ;
#6737 = PLANE ( 'NONE',  #4627 ) ;
#6738 = CARTESIAN_POINT ( 'NONE',  ( 9.500000000000001776, 2.100000000000000089, 14.69999999999999751 ) ) ;
#6739 = ADVANCED_FACE ( 'NONE', ( #6421 ), #4193, .F. ) ;
#6740 = VECTOR ( 'NONE', #1772, 1000.000000000000000 ) ;
#6741 = ORIENTED_EDGE ( 'NONE', *, *, #5924, .T. ) ;
#6742 = CARTESIAN_POINT ( 'NONE',  ( 1.390000000000001013, 3.849999999999961897, 0.000000000000000000 ) ) ;
#6743 = EDGE_LOOP ( 'NONE', ( #6398, #3889, #2556, #3049 ) ) ;
#6744 = ORIENTED_EDGE ( 'NONE', *, *, #4046, .F. ) ;
#6745 = DIRECTION ( 'NONE',  ( 1.000000000000000000, -1.112002228190260952E-16, 0.000000000000000000 ) ) ;
#6746 = DIRECTION ( 'NONE',  ( -0.000000000000000000, 0.000000000000000000, -1.000000000000000000 ) ) ;
#6747 = EDGE_CURVE ( 'NONE', #5569, #2500, #916, .T. ) ;
#6748 = CARTESIAN_POINT ( 'NONE',  ( 8.699999999999997513, 4.650000000000001243, 10.19999999999999929 ) ) ;
#6749 = ORIENTED_EDGE ( 'NONE', *, *, #2010, .F. ) ;
#6750 = VECTOR ( 'NONE', #6912, 1000.000000000000000 ) ;
#6751 = CARTESIAN_POINT ( 'NONE',  ( 1.740000000000000213, 0.9499999999999995115, 8.800000000000000711 ) ) ;
#6752 = ORIENTED_EDGE ( 'NONE', *, *, #3732, .F. ) ;
#6753 = EDGE_CURVE ( 'NONE', #604, #4657, #6391, .T. ) ;
#6754 = LINE ( 'NONE', #1877, #5213 ) ;
#6755 = CARTESIAN_POINT ( 'NONE',  ( 1.763635533909765646E-15, -2.440000000000015490, 19.99999999999999645 ) ) ;
#6756 = ORIENTED_EDGE ( 'NONE', *, *, #743, .T. ) ;
#6757 = CARTESIAN_POINT ( 'NONE',  ( 0.000000000000000000, 2.439999999999999947, 14.69999999999999751 ) ) ;
#6758 = CARTESIAN_POINT ( 'NONE',  ( 7.500000000000000000, 2.100000000000000089, 14.69999999999999751 ) ) ;
#6759 = LINE ( 'NONE', #3000, #3193 ) ;
#6760 = CARTESIAN_POINT ( 'NONE',  ( 9.499999999999998224, 3.850000000000001421, 10.99999999999999822 ) ) ;
#6761 = EDGE_CURVE ( 'NONE', #3726, #2664, #1474, .T. ) ;
#6762 = ORIENTED_EDGE ( 'NONE', *, *, #4761, .T. ) ;
#6763 = DIRECTION ( 'NONE',  ( -1.000000000000000000, -1.301042606982605321E-16, 0.000000000000000000 ) ) ;
#6764 = DIRECTION ( 'NONE',  ( 0.5242684176640449722, 0.5242684176640450833, -0.6710329742122042029 ) ) ;
#6765 = ORIENTED_EDGE ( 'NONE', *, *, #2481, .T. ) ;
#6766 = DIRECTION ( 'NONE',  ( -0.000000000000000000, 0.000000000000000000, 1.000000000000000000 ) ) ;
#6767 = CARTESIAN_POINT ( 'NONE',  ( 1.390000000000001013, 2.243799877109404317, 8.800000000000000711 ) ) ;
#6768 = CARTESIAN_POINT ( 'NONE',  ( 9.500000000000000000, -3.750000000000000000, 15.69999999999999929 ) ) ;
#6769 = CARTESIAN_POINT ( 'NONE',  ( -2.839999999999999858, 2.639999999999982361, 19.99999999999999645 ) ) ;
#6770 = ORIENTED_EDGE ( 'NONE', *, *, #2079, .T. ) ;
#6771 = CARTESIAN_POINT ( 'NONE',  ( -9.500000000000001776, 2.949999999999999289, 15.69999999999999929 ) ) ;
#6772 = AXIS2_PLACEMENT_3D ( 'NONE', #4107, #6233, #5696 ) ;
#6773 = ORIENTED_EDGE ( 'NONE', *, *, #2034, .F. ) ;
#6774 = VECTOR ( 'NONE', #6735, 1000.000000000000000 ) ;
#6775 = ORIENTED_EDGE ( 'NONE', *, *, #6005, .F. ) ;
#6776 = ORIENTED_EDGE ( 'NONE', *, *, #5315, .T. ) ;
#6777 = CARTESIAN_POINT ( 'NONE',  ( -9.500000000000001776, -3.850000000000001865, 10.99999999999999822 ) ) ;
#6778 = LINE ( 'NONE', #1301, #885 ) ;
#6779 = DIRECTION ( 'NONE',  ( -0.7071067811865475727, -0.000000000000000000, -0.7071067811865475727 ) ) ;
#6780 = VECTOR ( 'NONE', #596, 1000.000000000000000 ) ;
#6781 = VERTEX_POINT ( 'NONE', #3232 ) ;
#6782 = VECTOR ( 'NONE', #2724, 1000.000000000000000 ) ;
#6783 = DIRECTION ( 'NONE',  ( -1.000000000000000000, 0.000000000000000000, 0.000000000000000000 ) ) ;
#6784 = EDGE_CURVE ( 'NONE', #6363, #1515, #521, .T. ) ;
#6785 = ORIENTED_EDGE ( 'NONE', *, *, #1080, .F. ) ;
#6786 = VECTOR ( 'NONE', #1971, 999.9999999999998863 ) ;
#6787 = DIRECTION ( 'NONE',  ( 0.000000000000000000, 1.000000000000000000, 0.000000000000000000 ) ) ;
#6788 = DIRECTION ( 'NONE',  ( -0.000000000000000000, 0.6156614753256562933, -0.7880107536067235685 ) ) ;
#6789 = EDGE_CURVE ( 'NONE', #279, #4228, #3692, .T. ) ;
#6790 = VERTEX_POINT ( 'NONE', #56 ) ;
#6791 = DIRECTION ( 'NONE',  ( -1.000000000000000000, -0.000000000000000000, -0.000000000000000000 ) ) ;
#6792 = DIRECTION ( 'NONE',  ( 1.000000000000000000, 0.000000000000000000, 0.000000000000000000 ) ) ;
#6793 = LINE ( 'NONE', #4661, #6929 ) ;
#6794 = DIRECTION ( 'NONE',  ( 0.000000000000000000, -1.000000000000000000, 0.000000000000000000 ) ) ;
#6795 = ORIENTED_EDGE ( 'NONE', *, *, #1853, .F. ) ;
#6796 = CARTESIAN_POINT ( 'NONE',  ( 1.740000000000000213, -2.250000000000037748, 8.800000000000000711 ) ) ;
#6797 = CARTESIAN_POINT ( 'NONE',  ( 4.780000000000053539, -2.640000000000000568, 19.74999999999999289 ) ) ;
#6798 = EDGE_CURVE ( 'NONE', #6214, #3294, #5991, .T. ) ;
#6799 = PRODUCT_RELATED_PRODUCT_CATEGORY ( 'detail', '', ( #2867 ) ) ;
#6800 = ORIENTED_EDGE ( 'NONE', *, *, #6600, .T. ) ;
#6801 = CARTESIAN_POINT ( 'NONE',  ( -0.02499999999997376890, -2.640000000000000568, 20.02499999999997016 ) ) ;
#6802 = DIRECTION ( 'NONE',  ( 0.000000000000000000, 0.000000000000000000, -1.000000000000000000 ) ) ;
#6803 = CIRCLE ( 'NONE', #6918, 0.8000000000000003775 ) ;
#6804 = CARTESIAN_POINT ( 'NONE',  ( 5.880000000000000782, -3.650000000000036326, 8.800000000000000711 ) ) ;
#6805 = CARTESIAN_POINT ( 'NONE',  ( 2.589999999999999858, 2.439999999999999947, 19.99999999999999645 ) ) ;
#6806 = DIRECTION ( 'NONE',  ( -1.000000000000000000, -0.000000000000000000, -0.000000000000000000 ) ) ;
#6807 = VERTEX_POINT ( 'NONE', #2296 ) ;
#6808 = VECTOR ( 'NONE', #4027, 1000.000000000000000 ) ;
#6809 = CARTESIAN_POINT ( 'NONE',  ( 1.149999999999937517, -3.856200122890594884, 8.800000000000000711 ) ) ;
#6810 = ORIENTED_EDGE ( 'NONE', *, *, #1558, .T. ) ;
#6811 = EDGE_CURVE ( 'NONE', #755, #4380, #163, .T. ) ;
#6812 = ORIENTED_EDGE ( 'NONE', *, *, #1460, .F. ) ;
#6813 = EDGE_LOOP ( 'NONE', ( #6334, #1265, #4180, #3796 ) ) ;
#6814 = LINE ( 'NONE', #2408, #6474 ) ;
#6815 = CARTESIAN_POINT ( 'NONE',  ( 9.500000000000001776, 2.100000000000000089, 14.69999999999999751 ) ) ;
#6816 = VECTOR ( 'NONE', #5025, 1000.000000000000000 ) ;
#6817 = DIRECTION ( 'NONE',  ( -0.000000000000000000, -0.000000000000000000, -1.000000000000000000 ) ) ;
#6818 = CARTESIAN_POINT ( 'NONE',  ( -2.515000000000000124, 2.439999999999964420, 17.48499999999999588 ) ) ;
#6819 = VECTOR ( 'NONE', #6054, 1000.000000000000000 ) ;
#6820 = VERTEX_POINT ( 'NONE', #3904 ) ;
#6821 = DIRECTION ( 'NONE',  ( -0.000000000000000000, -0.000000000000000000, -1.000000000000000000 ) ) ;
#6822 = EDGE_LOOP ( 'NONE', ( #2080, #4041, #2102, #3711, #3287 ) ) ;
#6823 = VECTOR ( 'NONE', #5130, 1000.000000000000000 ) ;
#6824 = VECTOR ( 'NONE', #3609, 1000.000000000000000 ) ;
#6825 = EDGE_CURVE ( 'NONE', #3773, #4674, #731, .T. ) ;
#6826 = CARTESIAN_POINT ( 'NONE',  ( 9.499999999999998224, -4.649999999999998579, 10.19999999999999929 ) ) ;
#6827 = PLANE ( 'NONE',  #6031 ) ;
#6828 = UNCERTAINTY_MEASURE_WITH_UNIT (LENGTH_MEASURE( 1.000000000000000082E-05 ), #4598, 'distance_accuracy_value', 'NONE');
#6829 = ORIENTED_EDGE ( 'NONE', *, *, #4398, .T. ) ;
#6830 = DIRECTION ( 'NONE',  ( 0.000000000000000000, 0.000000000000000000, 1.000000000000000000 ) ) ;
#6831 = DIRECTION ( 'NONE',  ( 0.000000000000000000, -0.000000000000000000, 1.000000000000000000 ) ) ;
#6832 = CARTESIAN_POINT ( 'NONE',  ( -6.229999999999999538, 3.849999999999961897, 0.000000000000000000 ) ) ;
#6833 = DIRECTION ( 'NONE',  ( 0.000000000000000000, -1.000000000000000000, 0.000000000000000000 ) ) ;
#6834 = EDGE_CURVE ( 'NONE', #5169, #1174, #6032, .T. ) ;
#6835 = ORIENTED_EDGE ( 'NONE', *, *, #6798, .F. ) ;
#6836 = CARTESIAN_POINT ( 'NONE',  ( -0.7999999999999999334, -3.650000000000000799, 8.800000000000000711 ) ) ;
#6837 = DIRECTION ( 'NONE',  ( 0.000000000000000000, -1.000000000000000000, 0.000000000000000000 ) ) ;
#6838 = VECTOR ( 'NONE', #4759, 1000.000000000000000 ) ;
#6839 = VECTOR ( 'NONE', #734, 1000.000000000000000 ) ;
#6840 = PLANE ( 'NONE',  #4218 ) ;
#6841 = DIRECTION ( 'NONE',  ( 1.000000000000000000, -1.112002228190260952E-16, 0.000000000000000000 ) ) ;
#6842 = DIRECTION ( 'NONE',  ( 1.000000000000000000, 1.156482317317871478E-16, 0.000000000000000000 ) ) ;
#6843 = PLANE ( 'NONE',  #2018 ) ;
#6844 = CARTESIAN_POINT ( 'NONE',  ( -6.229999999999999538, 2.243799877109404317, 8.800000000000000711 ) ) ;
#6845 = ADVANCED_FACE ( 'NONE', ( #695 ), #4956, .F. ) ;
#6846 = ORIENTED_EDGE ( 'NONE', *, *, #6028, .F. ) ;
#6847 = VERTEX_POINT ( 'NONE', #130 ) ;
#6848 = VERTEX_POINT ( 'NONE', #1154 ) ;
#6849 = ORIENTED_EDGE ( 'NONE', *, *, #6585, .F. ) ;
#6850 = CARTESIAN_POINT ( 'NONE',  ( 2.240000000000053060, -2.440000000000000391, 14.69999999999999751 ) ) ;
#6851 = DIRECTION ( 'NONE',  ( -0.000000000000000000, -0.000000000000000000, 1.000000000000000000 ) ) ;
#6852 = DIRECTION ( 'NONE',  ( -1.334402673828313241E-15, -1.000000000000000000, 0.000000000000000000 ) ) ;
#6853 = EDGE_CURVE ( 'NONE', #841, #5603, #6668, .T. ) ;
#6854 = EDGE_CURVE ( 'NONE', #2775, #3794, #5492, .T. ) ;
#6855 = CARTESIAN_POINT ( 'NONE',  ( -5.029999999999947846, -2.440000000000035474, 19.99999999999999645 ) ) ;
#6856 = ORIENTED_EDGE ( 'NONE', *, *, #4450, .F. ) ;
#6857 = CARTESIAN_POINT ( 'NONE',  ( -4.780000000000000249, 2.439999999999964420, 14.69999999999999751 ) ) ;
#6858 = ORIENTED_EDGE ( 'NONE', *, *, #6811, .F. ) ;
#6859 = EDGE_CURVE ( 'NONE', #909, #4109, #5525, .T. ) ;
#6860 = LINE ( 'NONE', #1486, #452 ) ;
#6861 = CARTESIAN_POINT ( 'NONE',  ( -8.700000000000002842, 4.649999999999999467, 0.000000000000000000 ) ) ;
#6862 = CARTESIAN_POINT ( 'NONE',  ( 0.000000000000000000, 0.000000000000000000, 19.99999999999999645 ) ) ;
#6863 = VECTOR ( 'NONE', #723, 1000.000000000000000 ) ;
#6864 = ORIENTED_EDGE ( 'NONE', *, *, #6037, .T. ) ;
#6865 = PLANE ( 'NONE',  #5681 ) ;
#6866 = DIRECTION ( 'NONE',  ( -0.000000000000000000, 1.000000000000000000, -0.000000000000000000 ) ) ;
#6867 = CARTESIAN_POINT ( 'NONE',  ( 5.879999999999999893, 0.9499999999999999556, 1.400000000000008127 ) ) ;
#6868 = FACE_OUTER_BOUND ( 'NONE', #5299, .T. ) ;
#6869 = AXIS2_PLACEMENT_3D ( 'NONE', #571, #2777, #2206 ) ;
#6870 = VERTEX_POINT ( 'NONE', #5599 ) ;
#6871 = VERTEX_POINT ( 'NONE', #2760 ) ;
#6872 = LINE ( 'NONE', #4038, #924 ) ;
#6873 = CARTESIAN_POINT ( 'NONE',  ( -6.230000000000063487, -2.250000000000037748, 8.800000000000000711 ) ) ;
#6874 = EDGE_CURVE ( 'NONE', #5769, #5102, #2331, .T. ) ;
#6875 = ADVANCED_FACE ( 'NONE', ( #4888 ), #1793, .T. ) ;
#6876 = DIRECTION ( 'NONE',  ( -0.000000000000000000, -0.000000000000000000, -1.000000000000000000 ) ) ;
#6877 = DATE_TIME_ROLE ( 'classification_date' ) ;
#6878 = CARTESIAN_POINT ( 'NONE',  ( 3.340000000000000302, -3.650000000000018563, 0.000000000000000000 ) ) ;
#6879 = CARTESIAN_POINT ( 'NONE',  ( -2.839999999999947011, 0.000000000000000000, 14.69999999999999751 ) ) ;
#6880 = CARTESIAN_POINT ( 'NONE',  ( 5.880000000000000782, 2.243799877109404317, 0.000000000000000000 ) ) ;
#6881 = ORIENTED_EDGE ( 'NONE', *, *, #1091, .T. ) ;
#6882 = VERTEX_POINT ( 'NONE', #3298 ) ;
#6883 = EDGE_CURVE ( 'NONE', #6214, #1664, #5460, .T. ) ;
#6884 = ORIENTED_EDGE ( 'NONE', *, *, #6925, .T. ) ;
#6885 = LINE ( 'NONE', #3727, #235 ) ;
#6886 = CARTESIAN_POINT ( 'NONE',  ( 3.689999999999937774, -3.856200122890594884, 8.800000000000000711 ) ) ;
#6887 = LINE ( 'NONE', #1982, #174 ) ;
#6888 = PLANE ( 'NONE',  #4534 ) ;
#6889 = ORIENTED_EDGE ( 'NONE', *, *, #5794, .F. ) ;
#6890 = CARTESIAN_POINT ( 'NONE',  ( -1.740000000000000213, 0.9500000000000001776, 1.400000000000008793 ) ) ;
#6891 = ORIENTED_EDGE ( 'NONE', *, *, #749, .F. ) ;
#6892 = CC_DESIGN_PERSON_AND_ORGANIZATION_ASSIGNMENT ( #6412, #3684, ( #2867 ) ) ;
#6893 = VECTOR ( 'NONE', #630, 1000.000000000000000 ) ;
#6894 = VECTOR ( 'NONE', #2340, 1000.000000000000000 ) ;
#6895 = DIRECTION ( 'NONE',  ( -1.000000000000000000, -9.130123557772669567E-17, 0.000000000000000000 ) ) ;
#6896 = DIRECTION ( 'NONE',  ( 1.000000000000000000, 0.000000000000000000, -0.000000000000000000 ) ) ;
#6897 = DIRECTION ( 'NONE',  ( 0.000000000000000000, 1.000000000000000000, 0.000000000000000000 ) ) ;
#6898 = EDGE_CURVE ( 'NONE', #5275, #6388, #805, .T. ) ;
#6899 = ORIENTED_EDGE ( 'NONE', *, *, #3102, .T. ) ;
#6900 = ORIENTED_EDGE ( 'NONE', *, *, #4939, .T. ) ;
#6901 = EDGE_CURVE ( 'NONE', #4864, #5926, #2223, .T. ) ;
#6902 = VECTOR ( 'NONE', #2575, 1000.000000000000000 ) ;
#6903 = CARTESIAN_POINT ( 'NONE',  ( 3.929999999999937987, -3.856200122890594884, 8.800000000000000711 ) ) ;
#6904 = CARTESIAN_POINT ( 'NONE',  ( -0.7999999999999999334, 0.9499999999999990674, 8.800000000000000711 ) ) ;
#6905 = PLANE ( 'NONE',  #4100 ) ;
#6906 = LINE ( 'NONE', #5261, #5523 ) ;
#6907 = VERTEX_POINT ( 'NONE', #2870 ) ;
#6908 = LINE ( 'NONE', #3712, #6150 ) ;
#6909 = CARTESIAN_POINT ( 'NONE',  ( 0.8000000000000003775, -0.9499999999999995115, 1.400000000000009237 ) ) ;
#6910 = CARTESIAN_POINT ( 'NONE',  ( -9.500000000000001776, -3.850000000000001421, 0.000000000000000000 ) ) ;
#6911 = CALENDAR_DATE ( 2026, 7, 4 ) ;
#6912 = DIRECTION ( 'NONE',  ( -1.334402673828313241E-15, -1.000000000000000000, 0.000000000000000000 ) ) ;
#6913 = DIRECTION ( 'NONE',  ( -0.000000000000000000, -0.000000000000000000, -1.000000000000000000 ) ) ;
#6914 = CARTESIAN_POINT ( 'NONE',  ( 7.500000000000000000, -3.749999999999999112, 14.69999999999999751 ) ) ;
#6915 = ORIENTED_EDGE ( 'NONE', *, *, #365, .T. ) ;
#6916 = EDGE_CURVE ( 'NONE', #4792, #5442, #5031, .T. ) ;
#6917 = ORIENTED_EDGE ( 'NONE', *, *, #2455, .T. ) ;
#6918 = AXIS2_PLACEMENT_3D ( 'NONE', #5434, #633, #2699 ) ;
#6919 = ORIENTED_EDGE ( 'NONE', *, *, #6572, .T. ) ;
#6920 = PLANE ( 'NONE',  #4220 ) ;
#6921 = CARTESIAN_POINT ( 'NONE',  ( 2.240000000000000213, 2.439999999999999947, 19.99999999999999645 ) ) ;
#6922 = CARTESIAN_POINT ( 'NONE',  ( -0.02499999999999813829, 2.439999999999999947, 20.02499999999999503 ) ) ;
#6923 = VECTOR ( 'NONE', #780, 1000.000000000000000 ) ;
#6924 = VECTOR ( 'NONE', #644, 1000.000000000000000 ) ;
#6925 = EDGE_CURVE ( 'NONE', #3072, #816, #2663, .T. ) ;
#6926 = DIRECTION ( 'NONE',  ( 1.000000000000000000, 0.000000000000000000, -0.000000000000000000 ) ) ;
#6927 = VERTEX_POINT ( 'NONE', #3830 ) ;
#6928 = DIRECTION ( 'NONE',  ( -0.000000000000000000, 0.000000000000000000, -1.000000000000000000 ) ) ;
#6929 = VECTOR ( 'NONE', #5057, 1000.000000000000000 ) ;
#6930 = ORIENTED_EDGE ( 'NONE', *, *, #6784, .F. ) ;
#6931 = AXIS2_PLACEMENT_3D ( 'NONE', #4105, #6792, #785 ) ;
#6932 = VECTOR ( 'NONE', #2250, 1000.000000000000000 ) ;
#6933 = EDGE_CURVE ( 'NONE', #5423, #5396, #6599, .T. ) ;
#6934 = CARTESIAN_POINT ( 'NONE',  ( -6.229999999999999538, 2.243799877109404317, 0.000000000000000000 ) ) ;
#6935 = AXIS2_PLACEMENT_3D ( 'NONE', #948, #3198, #2117 ) ;
#6936 = FACE_OUTER_BOUND ( 'NONE', #4818, .T. ) ;
#6937 = VERTEX_POINT ( 'NONE', #195 ) ;
#6938 = ORIENTED_EDGE ( 'NONE', *, *, #4827, .F. ) ;
#6939 = AXIS2_PLACEMENT_3D ( 'NONE', #3425, #1243, #2351 ) ;
#6940 = VECTOR ( 'NONE', #5300, 1000.000000000000000 ) ;
#6941 = LINE ( 'NONE', #2132, #230 ) ;
#6942 = DIRECTION ( 'NONE',  ( -0.000000000000000000, -0.000000000000000000, -1.000000000000000000 ) ) ;
#6943 = DIRECTION ( 'NONE',  ( -0.000000000000000000, -0.000000000000000000, -1.000000000000000000 ) ) ;
#6944 = EDGE_CURVE ( 'NONE', #3594, #2008, #4150, .T. ) ;
#6945 = ORIENTED_EDGE ( 'NONE', *, *, #3586, .T. ) ;
#6946 = LINE ( 'NONE', #1528, #2855 ) ;
#6947 = EDGE_CURVE ( 'NONE', #6184, #4012, #1827, .T. ) ;
#6948 = DIRECTION ( 'NONE',  ( -0.7071067811865475727, -0.000000000000000000, -0.7071067811865475727 ) ) ;
#6949 = LINE ( 'NONE', #6410, #949 ) ;
#6950 = CARTESIAN_POINT ( 'NONE',  ( -6.230000000000063487, -3.856200122890594884, 0.000000000000000000 ) ) ;
#6951 = COORDINATED_UNIVERSAL_TIME_OFFSET ( 4, 0, .AHEAD. ) ;
#6952 = DIRECTION ( 'NONE',  ( 0.000000000000000000, -0.000000000000000000, 1.000000000000000000 ) ) ;
#6953 = CARTESIAN_POINT ( 'NONE',  ( 7.499999999999999112, -1.499999999999998890, 14.69999999999999751 ) ) ;
#6954 = PLANE ( 'NONE',  #2068 ) ;
#6955 = EDGE_CURVE ( 'NONE', #3827, #3231, #4080, .T. ) ;
#6956 = ORIENTED_EDGE ( 'NONE', *, *, #2355, .T. ) ;
#6957 = VECTOR ( 'NONE', #5564, 1000.000000000000000 ) ;
#6958 = VERTEX_POINT ( 'NONE', #4007 ) ;
#6959 = VERTEX_POINT ( 'NONE', #3544 ) ;
#6960 = DIRECTION ( 'NONE',  ( 0.000000000000000000, -0.000000000000000000, -1.000000000000000000 ) ) ;
#6961 = EDGE_CURVE ( 'NONE', #3261, #3946, #833, .T. ) ;
#6962 = FACE_OUTER_BOUND ( 'NONE', #4976, .T. ) ;
#6963 = CARTESIAN_POINT ( 'NONE',  ( -5.030000000000000249, 0.000000000000000000, 19.99999999999999645 ) ) ;
#6964 = CARTESIAN_POINT ( 'NONE',  ( 0.3000000000000528910, 0.000000000000000000, 19.74999999999999645 ) ) ;
#6965 = ORIENTED_EDGE ( 'NONE', *, *, #5464, .T. ) ;
#6966 = FACE_OUTER_BOUND ( 'NONE', #4160, .T. ) ;
#6967 = EDGE_LOOP ( 'NONE', ( #6993, #1683, #270, #18 ) ) ;
#6968 = EDGE_CURVE ( 'NONE', #6129, #3348, #6172, .T. ) ;
#6969 = FACE_OUTER_BOUND ( 'NONE', #5059, .T. ) ;
#6970 = DIRECTION ( 'NONE',  ( 1.000000000000000000, 0.000000000000000000, 0.000000000000000000 ) ) ;
#6971 = ORIENTED_EDGE ( 'NONE', *, *, #5772, .T. ) ;
#6972 = ORIENTED_EDGE ( 'NONE', *, *, #1173, .T. ) ;
#6973 = EDGE_CURVE ( 'NONE', #1900, #3954, #6312, .T. ) ;
#6974 = PERSON ( 'UNSPECIFIED', 'UNSPECIFIED', 'UNSPECIFIED', ('UNSPECIFIED'), ('UNSPECIFIED'), ('UNSPECIFIED') ) ;
#6975 = DIRECTION ( 'NONE',  ( 1.000000000000000000, 0.000000000000000000, 0.000000000000000000 ) ) ;
#6976 = LINE ( 'NONE', #397, #5215 ) ;
#6977 = CARTESIAN_POINT ( 'NONE',  ( -1.150000000000062528, -3.856200122890594884, 0.000000000000000000 ) ) ;
#6978 = VERTEX_POINT ( 'NONE', #6240 ) ;
#6979 = ORIENTED_EDGE ( 'NONE', *, *, #3491, .F. ) ;
#6980 = CARTESIAN_POINT ( 'NONE',  ( -9.168629150101525127, 3.749999999999999112, 11.10000000000000142 ) ) ;
#6981 = DIRECTION ( 'NONE',  ( 1.000000000000000000, 0.000000000000000000, -0.000000000000000000 ) ) ;
#6982 = DIRECTION ( 'NONE',  ( -0.7071067811865524577, 0.000000000000000000, 0.7071067811865425767 ) ) ;
#6983 = EDGE_CURVE ( 'NONE', #5170, #1562, #5664, .T. ) ;
#6984 = ORIENTED_EDGE ( 'NONE', *, *, #2682, .F. ) ;
#6985 = DIRECTION ( 'NONE',  ( -1.000000000000000000, 0.000000000000000000, 0.000000000000000000 ) ) ;
#6986 = APPROVAL_DATE_TIME ( #1008, #2942 ) ;
#6987 = ADVANCED_FACE ( 'NONE', ( #1291 ), #797, .F. ) ;
#6988 = CARTESIAN_POINT ( 'NONE',  ( -7.300000000000000711, 3.750000000000001776, 0.000000000000000000 ) ) ;
#6989 = VECTOR ( 'NONE', #4272, 1000.000000000000000 ) ;
#6990 = DIRECTION ( 'NONE',  ( -0.000000000000000000, -0.000000000000000000, -1.000000000000000000 ) ) ;
#6991 = CARTESIAN_POINT ( 'NONE',  ( 0.8000000000000001554, -3.650000000000000799, 8.800000000000000711 ) ) ;
#6992 = ORIENTED_EDGE ( 'NONE', *, *, #6761, .T. ) ;
#6993 = ORIENTED_EDGE ( 'NONE', *, *, #226, .T. ) ;
#6994 = VERTEX_POINT ( 'NONE', #4632 ) ;
#6995 = DIRECTION ( 'NONE',  ( -0.000000000000000000, 0.000000000000000000, -1.000000000000000000 ) ) ;
#6996 = EDGE_CURVE ( 'NONE', #3607, #6379, #2977, .T. ) ;
#6997 = LINE ( 'NONE', #6355, #3272 ) ;
#6998 = CARTESIAN_POINT ( 'NONE',  ( -2.490000000000000657, 2.639999999999982805, 19.99999999999999645 ) ) ;
#6999 = DIRECTION ( 'NONE',  ( -1.000000000000000000, 0.000000000000000000, 0.000000000000000000 ) ) ;
#7000 = ORIENTED_EDGE ( 'NONE', *, *, #5794, .T. ) ;
#7001 = CARTESIAN_POINT ( 'NONE',  ( 9.499999999999998224, 4.318629150101525482, 10.53137084989846883 ) ) ;
#7002 = ORIENTED_EDGE ( 'NONE', *, *, #5032, .T. ) ;
#7003 = DIRECTION ( 'NONE',  ( -1.000000000000000000, -0.000000000000000000, -0.000000000000000000 ) ) ;
#7004 = EDGE_CURVE ( 'NONE', #6068, #3121, #1968, .T. ) ;
#7005 = PLANE ( 'NONE',  #5934 ) ;
#7006 = EDGE_CURVE ( 'NONE', #1713, #2783, #5739, .T. ) ;
#7007 = VECTOR ( 'NONE', #6437, 1000.000000000000000 ) ;
#7008 = ORIENTED_EDGE ( 'NONE', *, *, #5221, .F. ) ;
#7009 = EDGE_LOOP ( 'NONE', ( #91, #1001, #3179, #1508 ) ) ;
#7010 = LINE ( 'NONE', #6435, #3925 ) ;
#7011 = LINE ( 'NONE', #502, #5218 ) ;
#7012 = DIRECTION ( 'NONE',  ( -1.000000000000000000, 0.000000000000000000, 0.000000000000000000 ) ) ;
#7013 = ORIENTED_EDGE ( 'NONE', *, *, #2416, .F. ) ;
#7014 = ORIENTED_EDGE ( 'NONE', *, *, #1484, .T. ) ;
#7015 = DIRECTION ( 'NONE',  ( 0.000000000000000000, 1.000000000000000000, 0.000000000000000000 ) ) ;
#7016 = CARTESIAN_POINT ( 'NONE',  ( 7.800000000000001599, -0.9500000000000007327, 8.800000000000000711 ) ) ;
#7017 = EDGE_CURVE ( 'NONE', #961, #5734, #5162, .T. ) ;
#7018 = VECTOR ( 'NONE', #3947, 1000.000000000000000 ) ;
#7019 = ORIENTED_EDGE ( 'NONE', *, *, #855, .T. ) ;
#7020 = DIRECTION ( 'NONE',  ( 0.000000000000000000, 1.000000000000000000, 0.000000000000000000 ) ) ;
#7021 = COORDINATED_UNIVERSAL_TIME_OFFSET ( 4, 0, .AHEAD. ) ;
#7022 = PLANE ( 'NONE',  #3807 ) ;
#7023 = LINE ( 'NONE', #3153, #3502 ) ;
#7024 = CARTESIAN_POINT ( 'NONE',  ( 9.500000000000000000, -3.750000000000000000, 11.09999999999999964 ) ) ;
#7025 = ORIENTED_EDGE ( 'NONE', *, *, #882, .F. ) ;
#7026 = ADVANCED_FACE ( 'NONE', ( #2938 ), #6277, .F. ) ;
#7027 = VERTEX_POINT ( 'NONE', #1395 ) ;
#7028 = VERTEX_POINT ( 'NONE', #3578 ) ;
#7029 = LINE ( 'NONE', #5888, #6017 ) ;
#7030 = CARTESIAN_POINT ( 'NONE',  ( -8.893799877109403340, 2.043799877109406804, 0.000000000000000000 ) ) ;
#7031 = DIRECTION ( 'NONE',  ( -0.000000000000000000, -0.000000000000000000, -1.000000000000000000 ) ) ;
#7032 = CARTESIAN_POINT ( 'NONE',  ( -2.272710017320640347E-16, -2.043799877109405472, 0.000000000000000000 ) ) ;
#7033 = EDGE_CURVE ( 'NONE', #5388, #1941, #869, .T. ) ;
#7034 = VECTOR ( 'NONE', #3802, 1000.000000000000000 ) ;
#7035 = ORIENTED_EDGE ( 'NONE', *, *, #5904, .F. ) ;
#7036 = LINE ( 'NONE', #4332, #6780 ) ;
#7037 = EDGE_LOOP ( 'NONE', ( #5285, #5360, #6176, #1806 ) ) ;
#7038 = DIRECTION ( 'NONE',  ( 0.000000000000000000, -0.000000000000000000, -1.000000000000000000 ) ) ;
#7039 = VECTOR ( 'NONE', #4121, 1000.000000000000000 ) ;
#7040 = LINE ( 'NONE', #3347, #6131 ) ;
#7041 = VECTOR ( 'NONE', #3423, 1000.000000000000000 ) ;
#7042 = VERTEX_POINT ( 'NONE', #262 ) ;
#7043 = VECTOR ( 'NONE', #843, 1000.000000000000000 ) ;
ENDSEC;
END-ISO-10303-21;
